frame,num_dets,num_tracks,unmatched_dets,active_ids
1,7,0,7,
2,7,0,7,
3,8,0,8,
4,6,6,0,1;2;3;4;5;6
5,7,6,1,1;2;3;4;5;6
6,6,6,0,1;2;3;4;5;6
7,6,6,0,1;2;3;4;5;6
8,6,6,0,1;2;3;4;5;6
9,6,6,0,1;2;3;4;5;6
10,6,6,0,1;2;3;4;5;6
11,7,6,1,1;2;3;4;5;6
12,8,6,2,1;2;3;4;5;6
13,9,6,3,1;2;3;4;5;6
14,7,7,0,1;2;3;4;5;6;10
15,8,7,1,1;2;3;4;5;6;10
16,9,7,2,1;2;3;4;5;6;10
17,8,7,1,1;2;3;4;5;6;10
18,8,8,0,1;2;3;4;5;6;10;13
19,8,7,1,1;2;3;4;5;6;10
20,9,7,2,1;2;3;4;5;6;10
21,9,7,2,1;2;3;4;5;6;10
22,9,8,1,1;2;3;4;5;6;10;15
23,8,8,0,1;2;3;4;5;6;10;15
24,8,8,0,1;2;3;4;5;6;10;15
25,10,8,2,1;2;3;4;5;6;10;15
26,10,8,2,1;2;3;4;5;6;10;15
27,10,8,2,1;2;3;4;5;6;10;15
28,10,10,0,1;2;3;4;5;6;10;15;17;18
29,9,9,0,1;2;3;4;5;10;15;17;18
30,8,8,0,1;2;3;4;10;15;17;18
31,8,7,1,1;2;3;4;10;15;18
32,7,7,0,1;2;3;4;10;15;18
33,7,7,0,1;2;3;4;10;15;18
34,8,7,1,1;2;3;4;10;15;18
35,7,7,0,1;2;3;4;10;15;18
36,10,8,2,1;2;3;4;5;10;15;18
37,7,7,0,1;2;3;4;10;15;18
38,8,7,1,1;2;3;4;10;15;18
39,8,7,1,1;2;3;4;10;15;18
40,7,7,0,1;2;3;4;10;15;18
41,8,8,0,1;2;3;4;6;10;15;18
42,7,7,0,1;2;3;4;10;15;18
43,8,8,0,1;2;3;4;6;10;15;18
44,7,7,0,1;2;3;4;10;15;18
45,7,7,0,1;2;3;4;10;15;18
46,8,8,0,1;2;3;4;10;13;15;18
47,9,9,0,1;2;3;4;10;13;15;17;18
48,10,10,0,1;2;3;4;6;10;13;15;17;18
49,8,8,0,1;2;3;4;5;10;15;17
50,8,8,0,1;2;3;4;5;10;15;17
51,8,8,0,1;2;3;4;5;10;15;17
52,10,8,2,1;2;3;4;5;10;15;17
53,9,7,2,1;2;3;4;5;10;17
54,8,7,1,1;2;3;4;5;10;17
55,8,8,0,1;2;3;4;5;10;17;25
56,7,7,0,1;2;3;4;5;10;25
57,8,8,0,1;2;3;4;5;10;17;25
58,8,8,0,1;2;3;4;5;10;17;25
59,8,8,0,1;2;3;4;5;10;17;25
60,7,7,0,1;2;3;4;5;10;25
61,7,7,0,1;2;3;4;5;10;25
62,7,7,0,1;2;3;4;5;10;25
63,7,7,0,1;2;3;4;5;10;25
64,7,7,0,1;2;3;4;5;10;25
65,7,7,0,1;2;3;4;5;10;25
66,6,6,0,1;2;3;4;10;25
67,6,6,0,1;2;3;4;10;25
68,6,6,0,1;2;3;4;10;25
69,6,6,0,1;2;3;4;10;25
70,7,6,1,1;2;3;4;10;25
71,8,7,1,1;2;3;4;5;10;25
72,8,7,1,1;2;3;4;5;10;25
73,7,7,0,1;2;3;4;5;10;25
74,8,7,1,1;2;3;4;5;10;25
75,7,7,0,1;2;3;4;5;10;25
76,8,8,0,1;2;3;4;5;10;17;25
77,7,7,0,1;2;3;4;5;10;25
78,6,6,0,1;2;3;4;10;25
79,8,7,1,1;2;3;4;5;10;25
80,8,7,1,1;2;3;4;5;10;25
81,8,7,1,1;2;3;4;5;10;25
82,8,8,0,1;2;3;4;5;10;25;28
83,8,8,0,1;2;3;4;5;10;25;28
84,9,9,0,1;2;3;4;5;10;17;25;28
85,9,9,0,1;2;3;4;5;10;17;25;28
86,8,8,0,1;2;3;4;5;10;17;25
87,8,8,0,1;2;3;4;5;10;17;25
88,8,8,0,1;2;3;4;5;10;17;25
89,7,7,0,1;2;3;4;10;17;25
90,8,7,1,1;2;3;4;10;17;25
91,7,7,0,1;2;3;4;6;10;25
92,8,8,0,1;2;3;4;5;6;10;25
93,8,8,0,1;2;3;4;5;6;10;25
94,8,8,0,1;2;3;4;5;6;10;25
95,8,8,0,1;2;3;4;5;6;10;25
96,8,8,0,1;2;3;4;5;6;10;25
97,9,8,1,1;2;3;4;5;6;10;25
98,7,7,0,1;2;3;4;6;10;25
99,9,8,1,1;2;3;4;5;6;10;25
100,9,8,1,1;2;3;4;5;6;10;25
101,9,8,1,1;2;3;4;5;6;10;25
102,9,9,0,1;2;3;4;5;6;10;17;25
103,9,8,1,1;2;3;4;6;10;17;25
104,9,9,0,1;2;3;4;6;10;13;17;25
105,7,7,0,1;2;3;4;6;10;25
106,7,7,0,1;2;3;4;6;10;25
107,7,7,0,1;2;3;4;6;10;25
108,7,7,0,1;2;3;4;6;10;25
109,7,7,0,1;2;3;4;6;10;25
110,8,8,0,1;2;3;4;5;6;10;25
111,8,8,0,1;2;3;4;5;6;10;25
112,8,8,0,1;2;3;4;5;6;10;25
113,8,8,0,1;2;3;4;5;6;10;25
114,8,8,0,1;2;3;4;5;6;10;25
115,10,9,1,1;2;3;4;5;6;10;17;25
116,9,9,0,1;2;3;4;5;6;10;17;25
117,9,9,0,1;2;3;4;5;6;10;17;25
118,9,9,0,1;2;3;4;5;6;10;17;25
119,11,9,2,1;2;3;4;5;6;10;17;25
120,8,8,0,1;3;4;5;6;10;17;25
121,9,7,2,1;3;4;5;6;10;17
122,9,7,2,1;3;4;5;6;10;17
123,8,7,1,1;3;4;5;6;10;17
124,8,8,0,1;3;4;5;6;10;17;37
125,9,8,1,1;3;4;5;6;10;17;37
126,8,7,1,1;3;4;5;6;17;37
127,9,8,1,1;3;4;5;6;17;25;37
128,9,8,1,1;3;4;5;6;17;25;37
129,9,9,0,1;3;4;5;6;10;17;25;37
130,9,9,0,1;3;4;5;6;10;17;25;37
131,10,8,2,1;3;4;5;6;10;17;37
132,10,8,2,1;3;4;5;6;10;17;37
133,9,8,1,1;3;4;5;6;10;17;37
134,9,9,0,1;3;4;5;6;10;17;37;43
135,9,9,0,1;3;4;5;6;10;17;37;43
136,10,9,1,1;3;4;5;6;10;17;37;43
137,8,8,0,1;3;4;5;6;10;37;43
138,10,9,1,1;3;4;5;6;10;17;37;43
139,11,9,2,1;3;4;5;6;10;17;37;43
140,11,9,2,1;3;4;5;6;10;17;37;43
141,9,9,0,1;3;4;5;6;10;17;37;43
142,9,9,0,1;3;4;5;6;10;17;37;43
143,9,9,0,1;3;4;5;6;10;17;37;43
144,8,8,0,1;3;4;5;6;10;37;43
145,9,8,1,1;3;4;5;10;18;37;43
146,7,7,0,1;3;4;5;10;37;43
147,7,7,0,1;3;4;5;10;37;43
148,9,8,1,1;3;4;5;10;17;37;43
149,9,8,1,1;3;4;5;10;17;37;43
150,9,9,0,1;2;3;4;5;10;17;37;43
151,8,8,0,1;3;4;5;10;17;37;43
152,8,7,1,1;3;4;5;10;17;43
153,8,7,1,1;3;4;5;10;17;43
154,9,6,3,1;3;4;10;17;43
155,8,7,1,1;3;4;10;17;37;43
156,7,6,1,1;3;4;10;17;43
157,8,7,1,1;3;4;10;17;43;52
158,9,8,1,1;3;4;10;17;37;43;52
159,9,9,0,1;3;4;5;10;17;37;43;52
160,9,9,0,1;3;4;5;10;17;37;43;52
161,8,8,0,1;3;4;5;10;37;43;52
162,9,9,0,1;3;4;5;10;17;37;43;52
163,11,9,2,1;3;4;5;10;17;37;43;52
164,11,10,1,1;3;4;5;6;10;17;37;43;52
165,10,9,1,1;3;4;5;10;17;37;43;52
166,10,10,0,1;3;4;5;10;17;37;43;52;55
167,11,11,0,1;3;4;5;10;17;18;37;43;52;55
168,10,10,0,1;3;4;5;10;17;37;43;52;55
169,10,10,0,1;3;4;5;10;17;37;43;52;55
170,10,9,1,1;3;4;5;10;37;43;52;55
171,8,7,1,1;3;4;10;37;43;55
172,10,9,1,1;3;4;10;13;37;43;52;55
173,9,9,0,1;3;4;10;13;37;43;52;55
174,10,9,1,1;3;4;10;13;37;43;52;55
175,11,9,2,1;3;4;10;13;37;43;52;55
176,10,9,1,1;3;4;10;13;37;43;52;55
177,10,10,0,1;3;4;5;10;13;37;43;52;55
178,10,10,0,1;3;4;5;10;13;37;43;52;55
179,10,9,1,1;3;4;5;10;13;37;43;52
180,13,10,3,1;3;4;5;10;13;37;43;52;55
181,11,10,1,1;3;4;5;6;10;13;37;43;52
182,12,11,1,1;3;4;5;6;10;13;37;43;52;59
183,10,10,0,1;3;4;5;10;13;37;43;52;59
184,9,9,0,1;3;4;5;10;13;37;43;59
185,11,10,1,1;3;4;5;10;13;37;43;52;59
186,10,9,1,1;3;4;5;10;13;37;43;59
187,10,9,1,1;3;4;5;10;13;37;43;59
188,10,10,0,1;3;4;5;10;13;37;43;59;63
189,11,10,1,1;3;4;5;10;13;37;43;59;63
190,12,11,1,1;3;4;5;10;13;17;37;43;59;63
191,9,9,0,1;3;4;5;10;13;37;43;63
192,12,9,3,1;3;4;5;10;13;37;43;63
193,9,9,0,1;3;4;5;10;13;37;43;63
194,10,9,1,1;3;4;5;10;13;37;43;63
195,9,9,0,1;3;4;5;10;13;37;43;63
196,9,9,0,1;3;4;5;10;13;37;43;63
197,9,9,0,1;3;4;5;10;13;37;43;63
198,9,9,0,1;3;4;5;10;13;37;43;63
199,9,9,0,1;3;4;5;10;13;37;43;63
200,9,9,0,1;3;4;5;10;13;37;43;63
201,10,9,1,1;3;4;5;10;13;37;43;63
202,9,9,0,1;3;4;5;10;13;37;43;63
203,9,9,0,1;3;4;5;10;13;37;43;63
204,9,9,0,1;3;4;5;10;13;37;43;63
205,10,9,1,1;3;4;5;10;13;37;43;63
206,10,9,1,1;3;4;5;10;13;37;43;63
207,10,9,1,1;3;4;5;10;13;37;43;63
208,9,9,0,1;3;4;5;10;13;37;43;63
209,10,9,1,1;3;4;5;10;13;37;43;63
210,9,9,0,1;3;4;5;10;13;37;43;63
211,10,9,1,1;3;4;5;10;13;37;43;63
212,10,9,1,1;3;4;5;10;13;37;43;63
213,10,9,1,1;3;4;5;10;13;37;43;63
214,9,8,1,1;3;4;5;10;13;37;63
215,9,8,1,1;3;4;5;10;13;37;63
216,8,7,1,1;3;4;5;10;37;63
217,9,8,1,1;3;4;5;10;37;63;75
218,8,8,0,1;3;4;5;10;37;63;75
219,8,8,0,1;3;4;5;10;37;63;75
220,9,8,1,1;3;4;5;10;37;63;75
221,8,8,0,1;3;4;5;10;37;63;75
222,9,9,0,1;3;4;5;10;17;37;63;75
223,8,8,0,1;3;4;5;10;37;63;75
224,9,8,1,1;3;4;5;10;37;63;75
225,9,8,1,1;3;4;5;10;37;63;75
226,9,9,0,1;3;4;5;10;17;25;63;75
227,9,9,0,1;3;4;5;10;17;37;63;75
228,9,9,0,1;3;4;5;10;17;37;63;75
229,11,10,1,1;3;4;5;10;17;37;43;63;75
230,9,9,0,1;3;4;5;10;17;37;63;75
231,10,9,1,1;3;4;5;10;17;37;63;75
232,10,9,1,1;3;4;5;10;17;37;63;75
233,9,9,0,1;3;4;5;10;17;37;63;75
234,8,8,0,1;3;4;5;10;37;63;75
235,9,9,0,1;3;4;5;10;13;37;63;75
236,9,8,1,1;3;4;5;10;37;63;75
237,9,8,1,1;3;4;5;10;37;63;75
238,9,8,1,1;3;4;5;10;37;63;75
239,10,8,2,1;3;4;5;10;37;63;75
240,10,8,2,1;3;4;5;10;37;63;75
241,10,8,2,1;4;5;10;17;37;63;75
242,8,8,0,1;4;5;10;37;43;63;75
243,8,8,0,1;4;5;10;37;43;63;75
244,7,7,0,1;5;10;37;43;63;75
245,8,8,0,1;4;5;10;37;43;63;75
246,9,8,1,1;4;5;10;37;43;63;75
247,7,7,0,1;5;10;37;43;63;75
248,7,7,0,1;5;10;37;43;63;75
249,7,7,0,1;5;10;37;43;63;75
250,8,7,1,1;5;10;37;43;63;75
251,7,7,0,1;5;10;37;43;63;75
252,8,8,0,1;5;10;17;37;43;63;75
253,9,8,1,1;5;10;17;37;43;63;75
254,7,7,0,1;5;17;37;43;63;75
255,8,8,0,1;5;10;17;37;43;63;75
256,7,7,0,1;5;10;37;43;63;75
257,8,6,2,1;5;10;37;43;63
258,7,6,1,1;5;10;37;43;63
259,6,6,0,1;5;10;37;43;63
260,6,6,0,1;5;10;37;43;63
261,6,6,0,1;5;10;37;43;63
262,6,6,0,1;5;10;37;43;63
263,6,6,0,1;5;10;37;43;63
264,6,6,0,1;5;10;37;43;63
265,7,6,1,1;5;10;37;43;63
266,7,7,0,1;5;10;13;37;43;63
267,7,7,0,1;5;10;13;37;43;63
268,6,6,0,1;5;10;37;43;63
269,7,7,0,1;3;5;10;37;43;63
270,8,7,1,1;3;5;10;37;43;63
271,9,8,1,1;3;5;10;17;37;43;63
272,7,7,0,1;3;5;10;37;43;63
273,7,7,0,1;3;5;10;37;43;63
274,6,6,0,1;5;10;37;43;63
275,6,6,0,1;3;5;37;43;63
276,8,7,1,1;3;5;10;37;43;63
277,6,6,0,1;5;10;37;43;63
278,6,6,0,1;5;10;37;43;63
279,5,5,0,1;5;10;37;63
280,6,6,0,1;5;10;37;43;63
281,7,7,0,1;5;10;13;37;43;63
282,8,7,1,1;5;10;13;37;43;63
283,10,7,3,1;5;10;13;37;63;75
284,9,6,3,1;5;10;13;37;63
285,8,7,1,1;5;13;37;63;75;95
286,6,6,0,1;3;5;37;63;95
287,6,6,0,1;3;5;37;63;95
288,6,6,0,1;3;5;37;63;95
289,5,5,0,1;3;37;63;95
290,6,6,0,1;3;5;37;63;95
291,7,7,0,1;3;5;17;37;63;95
292,6,6,0,1;3;17;37;63;95
293,6,6,0,1;3;13;37;63;95
294,7,7,0,1;3;5;13;37;63;95
295,7,7,0,1;3;5;13;37;63;95
296,7,7,0,1;3;5;13;37;63;95
297,8,7,1,1;3;5;13;37;63;95
298,7,6,1,1;3;5;13;37;63
299,6,6,0,1;3;5;13;37;63
300,6,6,0,1;3;5;13;37;63
301,7,6,1,1;3;5;13;37;63
302,7,6,1,1;3;5;13;37;63
303,7,6,1,1;3;5;13;37;63
304,6,6,0,1;3;5;13;63;100
305,6,6,0,1;3;5;13;37;63
306,5,5,0,1;3;5;13;63
307,7,7,0,1;3;5;13;37;63;100
308,6,6,0,1;3;5;13;37;63
309,8,8,0,1;3;5;13;17;37;63;75
310,8,8,0,1;3;5;13;17;37;63;75
311,6,6,0,1;3;5;13;37;63
312,8,7,1,1;3;5;13;17;37;63
313,7,6,1,1;3;5;13;17;63
314,9,8,1,1;3;5;13;17;37;43;63
315,7,7,0,1;3;5;13;17;43;63
316,8,7,1,1;3;5;13;37;43;63
317,7,7,0,1;3;5;13;37;43;63
318,7,7,0,1;3;5;13;43;63;75
319,6,6,0,1;3;5;13;43;63
320,7,7,0,1;3;5;13;37;43;63
321,7,7,0,1;3;5;13;37;43;63
322,7,7,0,1;3;5;13;37;43;63
323,6,6,0,1;3;5;13;43;63
324,5,5,0,1;3;13;43;63
325,5,5,0,1;3;13;43;63
326,6,6,0,1;3;5;13;43;63
327,6,6,0,1;3;5;13;43;63
328,5,5,0,1;3;13;43;63
329,6,6,0,1;3;5;13;43;63
330,6,6,0,1;3;5;13;43;63
331,8,8,0,1;3;5;13;17;37;43;63
332,7,7,0,1;3;5;13;37;43;63
333,5,5,0,1;3;13;43;63
334,7,7,0,1;3;13;37;43;63;75
335,6,6,0,1;3;13;37;43;63
336,7,7,0,1;3;13;37;43;63;75
337,7,7,0,1;3;5;13;37;43;63
338,6,6,0,1;3;13;37;43;63
339,7,7,0,1;3;13;17;37;43;63
340,6,6,0,1;3;13;37;43;63
341,7,7,0,1;3;13;17;37;43;63
342,7,7,0,1;3;13;17;37;43;63
343,7,7,0,1;3;13;17;37;43;63
344,8,8,0,1;3;13;17;37;43;63;75
345,6,6,0,1;3;13;17;43;63
346,6,6,0,1;3;13;43;63;75
347,7,7,0,1;3;13;37;43;63;75
348,6,6,0,1;3;13;43;63;75
349,6,6,0,1;3;13;43;63;75
350,7,7,0,1;3;13;37;43;63;75
351,6,6,0,1;3;13;43;63;75
352,6,5,1,1;3;13;43;63
353,7,6,1,1;3;13;43;63;75
354,6,5,1,1;3;13;43;63
355,6,6,0,1;3;13;43;63;75
356,6,6,0,1;3;13;43;63;75
357,5,5,0,1;3;43;63;75
358,6,6,0,1;3;37;43;63;75
359,6,6,0,1;3;13;43;63;75
360,6,6,0,1;3;13;43;63;75
361,6,6,0,1;3;13;37;43;63
362,6,6,0,1;3;13;37;43;63
363,7,6,1,1;3;13;37;43;63
364,7,6,1,1;3;13;37;43;63
365,7,6,1,1;3;13;37;43;63
366,7,7,0,1;3;13;37;43;63;104
367,7,7,0,1;3;13;37;43;63;104
368,7,7,0,1;3;13;37;43;63;104
369,8,8,0,1;3;13;17;37;43;63;104
370,8,8,0,1;3;13;17;37;43;63;104
371,8,8,0,1;3;13;17;37;43;63;104
372,8,8,0,1;3;13;17;37;43;63;104
373,8,8,0,1;3;5;13;17;43;63;104
374,9,9,0,1;3;5;13;17;37;43;63;104
375,9,9,0,1;3;5;13;17;37;43;63;104
376,8,8,0,1;3;5;13;37;43;63;104
377,8,8,0,1;3;5;13;37;43;63;104
378,7,7,0,1;3;13;37;43;63;104
379,7,7,0,1;3;13;37;43;63;104
380,7,7,0,1;3;13;37;43;63;104
381,7,7,0,1;3;13;37;43;63;104
382,7,7,0,1;3;13;37;43;63;104
383,6,6,0,1;3;13;43;63;104
384,7,7,0,1;3;13;37;43;63;104
385,9,8,1,1;3;5;13;37;43;63;104
386,7,7,0,1;3;13;37;43;63;104
387,10,9,1,1;3;5;13;37;43;63;75;104
388,9,8,1,1;3;13;37;43;63;75;104
389,8,8,0,1;3;13;37;43;63;75;104
390,7,7,0,1;3;13;43;63;75;104
391,6,6,0,1;3;43;63;75;104
392,7,7,0,1;3;37;43;63;75;104
393,6,6,0,1;3;43;63;75;104
394,8,8,0,1;3;5;37;43;63;75;104
395,9,8,1,1;3;5;37;43;63;75;104
396,8,7,1,1;3;37;43;63;75;104
397,8,7,1,1;3;37;43;63;75;104
398,8,8,0,1;3;37;43;63;75;104;107
399,9,8,1,1;3;37;43;63;75;104;107
400,9,8,1,1;3;37;43;63;75;104;107
401,9,8,1,1;3;37;43;63;75;104;107
402,10,10,0,1;3;17;37;43;63;75;104;107;108
403,9,9,0,1;3;37;43;63;75;104;107;108
404,10,10,0,1;3;17;37;43;63;75;104;107;108
405,9,9,0,1;3;13;37;43;63;75;104;107
406,10,10,0,1;3;13;37;43;63;75;104;107;108
407,10,10,0,1;3;5;37;43;63;75;104;107;108
408,11,11,0,1;3;5;13;37;43;63;75;104;107;108
409,9,9,0,1;3;13;37;43;63;104;107;108
410,12,10,2,1;3;13;37;43;63;75;104;107;108
411,11,10,1,1;3;13;37;43;63;75;104;107;108
412,10,10,0,1;3;13;37;43;63;75;104;107;108
413,9,9,0,1;3;37;43;63;75;104;107;108
414,9,9,0,1;3;37;43;63;75;104;107;108
415,9,9,0,1;3;37;43;63;75;104;107;108
416,10,10,0,1;3;5;37;43;63;75;104;107;108
417,11,10,1,1;3;5;17;37;43;63;75;104;107
418,11,10,1,1;3;5;17;37;43;63;75;104;107
419,11,10,1,1;3;5;17;37;43;63;75;104;107
420,9,8,1,1;3;17;43;63;75;104;107
421,9,7,2,1;3;5;13;43;63;104
422,7,6,1,1;3;5;43;63;104
423,9,9,0,1;3;5;43;63;75;104;107;113
424,9,9,0,1;3;5;43;63;75;104;107;113
425,9,9,0,1;3;5;43;63;75;104;107;113
426,9,9,0,1;3;5;43;63;75;104;107;113
427,9,9,0,1;3;5;43;63;75;104;107;113
428,9,9,0,1;3;5;43;63;75;104;107;113
429,10,10,0,1;3;5;13;43;63;75;104;107;113
430,7,7,0,1;3;43;63;75;104;107
431,7,7,0,1;3;43;63;75;104;107
432,9,9,0,1;3;5;43;63;75;104;107;113
433,9,9,0,1;3;5;43;63;75;104;107;113
434,9,9,0,1;3;13;43;63;75;104;107;113
435,9,8,1,1;3;43;63;75;104;107;113
436,9,9,0,1;3;5;13;43;63;104;107;113
437,9,8,1,1;3;5;13;43;63;104;107
438,8,7,1,1;3;13;43;63;104;107
439,7,7,0,1;3;13;43;63;104;107
440,6,6,0,1;3;13;43;63;104
441,7,7,0,1;3;13;43;63;104;107
442,7,7,0,1;3;5;43;63;104;107
443,7,7,0,1;3;13;43;63;104;107
444,7,7,0,1;3;13;43;63;104;107
445,7,7,0,1;3;13;43;63;104;107
446,7,7,0,1;3;43;63;104;107;108
447,7,6,1,1;3;43;63;104;107
448,7,7,0,1;3;13;43;63;104;107
449,9,8,1,1;3;13;43;63;104;107;108
450,8,7,1,1;3;13;43;63;104;107
451,8,8,0,1;3;5;17;43;63;75;104
452,8,7,1,1;3;17;43;63;75;104
453,8,8,0,1;3;5;17;43;63;75;104
454,8,7,1,1;3;17;43;63;75;104
455,7,7,0,1;3;17;43;63;75;104
456,8,8,0,1;3;17;43;63;75;104;107
457,8,8,0,1;3;17;43;63;75;104;107
458,8,8,0,1;3;17;43;63;75;104;107
459,8,8,0,1;3;17;43;63;75;104;107
460,11,8,3,1;3;17;43;63;75;104;107
461,10,7,3,1;3;43;63;75;104;107
462,11,7,4,1;3;43;63;75;104;107
463,11,10,1,1;3;43;63;75;104;107;121;122;123
464,11,10,1,1;3;43;63;75;104;107;121;122;123
465,11,11,0,1;3;43;63;75;104;107;121;122;123;124
466,9,9,0,1;3;13;43;63;104;121;122;124
467,9,9,0,1;3;13;43;63;104;121;122;124
468,10,10,0,1;3;13;43;63;75;104;121;122;124
469,12,11,1,1;3;13;43;63;75;104;107;121;122;124
470,10,10,0,1;3;13;43;63;104;107;121;122;124
471,12,12,0,1;3;13;43;63;75;104;107;108;121;122;124
472,13,12,1,1;3;5;13;43;63;75;104;107;108;121;122
473,12,10,2,1;3;5;43;63;75;104;107;121;122
474,13,10,3,1;3;5;43;63;104;107;108;121;122
475,11,11,0,1;3;5;43;63;104;107;108;121;122;126
476,10,10,0,1;3;5;43;63;104;107;108;121;126
477,11,10,1,1;3;5;43;63;104;108;121;122;126
478,10,9,1,1;3;5;43;63;104;108;121;122
479,10,9,1,1;3;5;43;63;104;108;121;122
480,10,10,0,1;3;5;43;63;104;108;121;122;130
481,12,11,1,1;3;13;43;63;104;107;108;121;122;130
482,10,8,2,1;3;43;63;104;107;121;122
483,13,11,2,1;3;5;13;43;63;75;104;107;121;122
484,11,11,0,1;3;5;43;63;75;104;107;121;122;131
485,11,11,0,1;3;5;43;63;75;104;107;121;122;131
486,11,11,0,1;3;13;43;63;75;104;107;121;122;131
487,13,12,1,1;3;5;43;63;75;104;107;108;121;122;131
488,13,13,0,1;3;5;13;43;63;75;104;107;108;121;122;131
489,12,11,1,1;3;43;63;75;104;107;108;121;122;131
490,10,10,0,1;3;43;63;75;104;107;121;122;131
491,15,12,3,1;3;13;43;63;75;104;107;108;121;122;131
492,11,11,0,1;3;13;43;63;75;104;107;121;122;131
493,13,12,1,1;3;5;43;63;75;104;107;108;121;122;131
494,14,12,2,1;3;17;43;63;75;104;107;108;121;122;131
495,12,10,2,1;3;43;63;75;104;107;108;121;131
496,12,12,0,1;3;17;43;63;75;104;107;121;122;131;138
497,13,12,1,1;3;17;43;63;75;104;107;121;122;131;138
498,13,12,1,1;3;17;43;63;75;104;107;121;122;131;138
499,13,13,0,1;3;5;17;43;63;75;104;107;121;122;131;138
500,13,12,1,1;3;17;43;63;75;104;107;121;122;131;138
501,13,13,0,1;3;5;17;43;63;75;104;107;121;122;131;138
502,13,12,1,1;3;5;43;63;75;104;107;121;122;131;138
503,12,11,1,1;3;5;43;63;75;104;107;121;122;138
504,12,11,1,1;3;5;43;63;75;104;108;121;122;138
505,12,12,0,1;3;5;43;63;75;104;107;121;122;138;144
506,11,11,0,1;3;43;63;75;104;107;121;122;138;144
507,12,12,0,1;3;5;43;63;75;104;107;121;122;138;144
508,12,12,0,1;3;5;13;43;63;104;107;121;122;138;144
509,13,13,0,1;3;5;13;43;63;75;104;107;121;122;138;144
510,12,12,0,1;3;5;13;43;63;104;107;121;122;138;144
511,12,12,0,1;3;5;13;43;63;104;108;121;122;138;144
512,12,12,0,1;3;5;13;43;63;104;108;121;122;138;144
513,13,12,1,1;3;5;13;43;63;104;108;121;122;138;144
514,11,11,0,1;3;5;13;43;63;104;121;122;138;144
515,14,13,1,1;3;5;13;43;63;104;107;108;121;122;138;144
516,12,12,0,1;3;5;13;43;63;104;108;121;122;138;144
517,12,11,1,1;5;13;43;63;104;108;121;122;138;144
518,11,11,0,1;3;5;13;43;63;104;108;122;138;144
519,11,11,0,1;3;5;13;43;63;104;108;122;138;144
520,12,11,1,1;3;5;13;17;43;63;108;122;138;144
521,12,11,1,1;3;5;13;17;43;63;108;122;138;144
522,12,11,1,1;3;5;13;17;43;63;108;122;138;144
523,13,13,0,1;3;5;13;17;43;63;107;108;122;138;144;148
524,11,11,0,1;3;13;17;43;63;107;108;122;138;144
525,12,10,2,1;3;13;17;43;63;107;108;138;144
526,11,10,1,1;3;17;43;63;75;108;138;144;148
527,10,9,1,1;3;43;63;75;108;138;144;148
528,11,11,0,1;3;17;43;63;75;108;138;144;148;150
529,9,9,0,1;3;43;63;75;108;138;144;150
530,10,9,1,1;3;43;63;75;108;138;144;150
531,11,10,1,1;3;5;43;63;75;108;138;144;150
532,9,9,0,1;3;43;63;75;108;138;144;150
533,9,9,0,1;3;43;63;75;108;138;144;150
534,10,10,0,1;3;5;43;63;75;108;138;144;150
535,10,10,0,1;3;43;63;75;107;108;138;144;150
536,10,10,0,1;3;43;63;75;107;108;138;144;150
537,11,10,1,1;3;43;63;75;107;108;138;144;150
538,10,9,1,1;3;43;63;75;108;138;144;150
539,11,9,2,1;3;43;63;75;108;138;144;150
540,12,12,0,1;3;17;43;63;75;107;108;138;144;150;153
541,9,9,0,1;3;43;63;75;107;138;144;150
542,9,9,0,1;3;43;63;75;107;138;144;150
543,8,8,0,1;3;43;63;75;138;144;150
544,9,9,0,1;3;43;63;75;107;138;144;150
545,10,10,0,1;3;43;63;75;107;108;130;144;150
546,10,9,1,1;3;43;63;75;107;130;144;150
547,9,9,0,1;3;43;63;75;107;130;144;150
548,9,9,0,1;3;43;63;75;107;130;144;150
549,10,8,2,1;43;63;75;107;130;144;150
550,9,9,0,1;3;43;63;75;107;130;144;150
551,10,8,2,1;3;43;63;107;130;144;150
552,9,8,1,1;3;43;63;107;130;144;150
553,10,9,1,1;3;43;63;75;107;130;144;150
554,11,11,0,1;3;17;43;63;75;107;130;144;150;159
555,11,11,0,1;3;17;43;63;75;107;130;144;150;159
556,10,10,0,1;3;43;63;75;107;130;144;150;159
557,10,9,1,1;3;43;63;75;107;130;144;159
558,11,10,1,1;3;5;43;63;75;107;130;144;159
559,8,8,0,1;3;43;63;130;144;150;159
560,8,8,0,1;3;43;63;130;144;150;159
561,9,9,0,1;3;43;63;75;130;144;150;159
562,10,10,0,1;3;13;43;63;107;130;144;150;159
563,10,10,0,1;3;43;63;75;107;130;144;150;159
564,9,9,0,1;3;43;63;75;130;144;150;159
565,11,11,0,1;3;5;43;63;75;108;130;144;150;159
566,10,10,0,1;3;5;43;63;75;130;144;150;159
567,10,10,0,1;3;5;43;63;75;130;144;150;159
568,10,10,0,1;3;5;43;63;75;130;144;150;159
569,9,9,0,1;3;43;63;75;130;144;150;159
570,10,10,0,1;3;13;43;63;75;130;144;150;159
571,10,10,0,1;3;13;43;63;107;130;144;150;159
572,10,10,0,1;3;13;43;63;107;130;144;150;159
573,10,10,0,1;3;13;43;63;107;130;144;150;159
574,10,10,0,1;3;13;43;63;107;130;144;150;159
575,11,10,1,1;3;13;43;63;107;130;144;150;159
576,13,12,1,1;3;5;13;43;63;107;108;130;144;150;159
577,11,11,0,1;3;13;43;63;107;108;130;144;150;159
578,13,12,1,1;3;5;13;43;63;107;108;130;144;150;159
579,12,11,1,1;3;13;43;63;107;108;130;144;150;159
580,10,10,0,1;3;13;43;63;108;130;144;150;159
581,10,10,0,1;3;13;43;63;108;130;144;150;159
582,9,9,0,1;3;13;43;63;130;144;150;159
583,11,10,1,1;3;13;43;63;107;130;144;150;159
584,11,10,1,1;3;13;43;63;107;130;144;150;159
585,9,9,0,1;3;13;43;63;130;144;150;159
586,11,10,1,1;3;5;43;63;75;130;144;150;159
587,11,10,1,1;3;5;43;63;75;130;144;150;159
588,10,10,0,1;3;43;63;75;107;130;144;150;159
589,11,10,1,1;3;43;63;75;107;130;144;150;159
590,12,10,2,1;3;43;63;75;107;108;130;144;150
591,9,9,0,1;3;43;63;75;107;130;144;150
592,9,9,0,1;3;43;63;75;107;130;144;150
593,9,9,0,1;3;43;63;75;107;130;144;150
594,10,10,0,1;3;43;63;75;107;130;144;150;159
595,11,10,1,1;3;43;63;75;107;108;130;144;150
596,10,10,0,1;3;43;63;75;107;108;130;144;150
597,9,9,0,1;3;43;63;75;107;122;130;144
598,10,10,0,1;3;43;63;75;107;122;130;144;159
599,10,10,0,1;3;43;63;75;107;108;122;130;144
600,11,11,0,1;3;43;63;75;107;108;122;130;144;159
601,11,11,0,1;3;13;17;43;63;107;122;130;144;159
602,12,12,0,1;3;13;17;43;63;107;108;122;130;144;159
603,12,12,0,1;3;13;17;43;63;75;107;122;130;144;159
604,12,12,0,1;3;13;17;43;63;75;107;122;130;144;159
605,13,13,0,1;3;5;13;17;43;63;75;107;122;130;144;159
606,11,11,0,1;3;13;17;43;63;107;122;130;144;159
607,11,11,0,1;3;13;17;43;63;107;122;130;144;159
608,12,11,1,1;3;13;17;43;63;107;122;130;144;159
609,11,11,0,1;3;13;17;43;63;107;122;130;144;159
610,10,10,0,1;3;13;17;43;107;122;130;144;159
611,11,11,0,1;3;13;17;43;63;107;122;130;144;159
612,11,11,0,1;3;13;17;43;63;107;122;130;144;159
613,12,11,1,1;3;13;17;43;63;107;122;130;144;159
614,11,11,0,1;3;13;17;43;63;107;122;130;144;159
615,10,10,0,1;3;13;17;43;63;107;122;130;144
616,10,10,0,1;3;43;63;75;107;122;130;144;159
617,11,10,1,1;3;43;63;75;107;122;130;144;159
618,11,10,1,1;3;43;63;75;107;122;130;144;159
619,10,10,0,1;3;43;63;75;107;108;122;130;144
620,10,10,0,1;3;43;63;75;107;108;122;130;144
621,9,9,0,1;3;43;63;75;108;122;130;144
622,10,10,0,1;3;43;63;75;108;122;130;144;159
623,9,9,0,1;3;43;63;75;107;122;130;144
624,11,10,1,1;3;43;63;75;107;108;122;130;144
625,10,9,1,1;3;43;63;75;107;122;130;144
626,10,9,1,1;3;43;63;75;107;122;130;144
627,10,10,0,1;3;43;63;75;107;122;130;144;174
628,10,10,0,1;3;43;63;75;107;122;130;144;174
629,10,10,0,1;3;43;63;75;107;122;130;144;174
630,9,9,0,1;3;43;63;75;107;130;144;174
631,12,10,2,1;3;5;43;63;75;107;130;144;174
632,12,11,1,1;3;5;43;63;75;107;122;130;144;174
633,13,11,2,1;3;5;43;63;75;107;122;130;144;174
634,11,11,0,1;3;5;13;43;63;107;108;122;130;144
635,12,11,1,1;3;5;13;43;63;107;108;122;130;144
636,13,11,2,1;3;5;43;63;75;107;108;122;130;144
637,11,9,2,1;3;5;43;63;75;108;122;130
638,11,10,1,1;3;5;43;63;75;108;122;130;178
639,11,10,1,1;3;5;43;63;75;108;122;130;178
640,11,11,0,1;3;5;43;63;75;108;122;130;178;180
641,11,11,0,1;3;5;43;63;75;108;122;130;178;180
642,10,10,0,1;3;5;43;63;75;108;122;130;180
643,11,11,0,1;3;5;43;63;75;107;108;122;130;180
644,11,11,0,1;3;5;13;43;63;75;108;122;130;180
645,11,11,0,1;3;5;13;43;63;75;108;122;130;180
646,11,10,1,1;3;5;13;43;63;108;130;159;180
647,7,7,0,1;3;13;63;107;130;180
648,11,10,1,1;3;5;13;43;63;107;122;130;180
649,11,10,1,1;3;5;13;43;63;107;122;130;180
650,9,8,1,1;3;43;63;107;122;130;180
651,10,8,2,1;3;43;63;107;122;130;180
652,9,9,0,1;3;5;63;107;122;130;180;183
653,9,9,0,1;3;5;63;107;122;130;180;183
654,10,10,0,1;3;5;63;107;108;122;130;180;183
655,11,10,1,1;3;5;63;107;122;130;138;159;180
656,12,12,0,1;3;5;17;43;63;107;108;122;130;138;180
657,11,11,0,1;3;5;17;43;63;107;122;130;180;183
658,12,12,0,1;3;5;17;43;63;107;122;130;159;180;183
659,12,12,0,1;3;5;17;43;63;107;122;130;159;180;183
660,11,11,0,1;3;5;17;63;107;122;130;159;180;183
661,9,8,1,1;3;63;122;130;159;180;183
662,11,11,0,1;3;17;43;63;107;122;130;159;180;183
663,11,11,0,1;3;5;17;43;63;122;130;159;180;183
664,12,12,0,1;3;5;17;43;63;107;122;130;159;180;183
665,11,11,0,1;3;5;17;63;107;122;130;159;180;183
666,11,10,1,1;5;17;63;107;122;130;159;180;183
667,10,10,0,1;17;43;63;107;122;130;159;180;183
668,10,10,0,1;17;43;63;107;122;130;159;180;183
669,10,10,0,1;17;43;63;107;122;130;159;180;183
670,10,10,0,1;17;43;63;107;122;130;159;180;183
671,13,12,1,1;5;17;43;63;107;108;122;130;159;180;183
672,12,12,0,1;5;13;17;43;63;107;122;130;159;180;183
673,12,12,0,1;5;13;17;43;63;107;122;130;159;180;183
674,12,12,0,1;5;13;17;43;63;107;122;130;159;180;183
675,12,12,0,1;5;13;17;43;63;107;122;130;159;180;183
676,9,9,0,1;13;17;43;63;130;159;180;183
677,9,9,0,1;13;17;43;63;130;159;180;183
678,7,7,0,1;13;63;130;159;180;183
679,7,7,0,1;13;63;130;159;180;183
680,8,8,0,1;13;63;122;130;159;180;183
681,8,8,0,1;13;63;122;130;159;180;183
682,8,8,0,1;13;63;107;130;159;180;183
683,7,7,0,1;13;63;130;159;180;183
684,9,9,0,1;13;17;63;107;130;159;180;183
685,10,9,1,1;13;17;63;107;130;159;180;183
686,10,9,1,1;13;17;63;108;130;159;180;183
687,10,9,1,1;13;17;63;107;130;159;180;183
688,11,10,1,1;13;17;63;108;130;159;180;183;189
689,11,11,0,1;13;17;63;108;130;159;174;180;183;189
690,11,11,0,1;13;17;63;108;130;159;174;180;183;189
691,9,9,0,1;63;75;107;122;130;159;180;183
692,10,10,0,1;17;63;75;107;122;130;159;180;183
693,12,10,2,1;17;63;75;122;130;159;174;180;183
694,14,12,2,1;5;17;63;75;107;130;159;174;180;183;189
695,10,9,1,1;17;63;75;107;130;180;183;189
696,9,9,0,1;17;63;75;130;180;183;189;192
697,9,9,0,1;17;63;75;130;180;183;189;192
698,10,10,0,1;17;63;75;107;130;180;183;189;192
699,9,9,0,1;17;63;75;130;180;183;189;192
700,10,10,0,1;17;63;75;130;174;180;183;189;192
701,11,9,2,1;17;63;75;107;130;183;189;192
702,10,10,0,1;17;43;63;75;107;130;183;189;192
703,9,9,0,1;17;63;75;107;130;183;189;192
704,10,10,0,1;17;43;63;75;107;130;183;189;192
705,9,9,0,1;17;63;75;107;130;183;189;192
706,8,7,1,1;63;75;107;130;183;189
707,8,7,1,1;63;75;107;130;183;189
708,9,8,1,1;63;75;107;130;180;183;189
709,9,7,2,1;63;75;107;180;183;189
710,10,8,2,1;63;75;107;180;183;189;192
711,13,10,3,1;63;75;107;122;174;180;183;189;192
712,10,10,0,1;63;75;107;122;180;183;192;197;198
713,9,9,0,1;63;75;107;122;180;183;192;197
714,8,8,0,1;63;75;107;122;180;183;197
715,8,8,0,1;63;75;107;122;180;183;197
716,8,8,0,1;63;75;107;130;180;183;192
717,9,8,1,1;63;75;107;130;159;180;183
718,7,7,0,1;63;75;107;122;180;183
719,8,8,0,1;63;75;107;122;180;183;192
720,7,7,0,1;63;107;122;180;183;192
721,7,7,0,1;63;122;180;183;192;197
722,11,10,1,1;5;17;63;108;122;180;183;192;197
723,7,7,0,1;17;63;122;180;183;192
724,10,9,1,1;5;17;63;108;122;180;183;192
725,8,7,1,1;17;63;122;180;183;192
726,7,7,0,1;17;63;122;159;180;183
727,8,8,0,1;17;63;107;122;180;183;192
728,11,11,0,1;17;43;63;107;122;178;180;183;192;197
729,10,10,0,1;17;43;63;107;122;180;183;192;197
730,7,7,0,1;63;107;122;180;183;192
731,7,7,0,1;63;107;122;180;183;192
732,7,7,0,1;63;107;122;180;183;192
733,8,8,0,1;63;107;122;180;183;192;197
734,9,9,0,1;43;63;107;122;180;183;192;197
735,9,9,0,1;43;63;107;122;180;183;192;197
736,9,8,1,1;43;63;122;180;183;192;197
737,8,8,0,1;43;63;122;180;183;192;197
738,9,8,1,1;13;43;63;122;180;183;192
739,8,8,0,1;43;63;122;180;183;192;197
740,9,8,1,1;43;63;122;180;183;189;192
741,8,7,1,1;63;107;180;183;192;197
742,9,8,1,1;3;63;122;180;183;192;197
743,13,11,2,1;3;63;75;107;122;180;183;192;197;206
744,10,10,0,1;3;63;107;122;180;183;192;197;206
745,10,10,0,1;3;63;107;122;180;183;192;197;206
746,10,10,0,1;17;63;107;122;180;183;192;197;206
747,13,12,1,1;17;63;75;107;122;174;180;183;192;197;206
748,10,10,0,1;17;63;122;174;180;183;192;197;206
749,10,10,0,1;17;63;122;174;180;183;192;197;206
750,9,9,0,1;17;63;122;180;183;192;197;206
751,8,8,0,1;63;122;180;183;192;197;206
752,8,8,0,1;63;122;180;183;192;197;206
753,7,7,0,1;63;122;180;183;192;197
754,7,6,1,1;63;180;183;192;197
755,7,7,0,1;63;122;180;183;192;197
756,7,7,0,1;63;122;180;183;192;197
757,7,7,0,1;63;180;183;189;192;197
758,7,7,0,1;63;180;183;189;192;197
759,7,7,0,1;63;180;183;189;192;197
760,8,7,1,1;63;180;183;189;192;198
761,8,8,0,1;3;63;180;183;189;192;198
762,7,7,0,1;3;63;159;180;183;198
763,8,8,0,1;3;63;107;159;180;183;198
764,8,8,0,1;3;63;107;159;180;183;198
765,8,8,0,1;3;63;107;159;180;183;198
766,8,8,0,1;3;63;122;159;180;183;206
767,8,8,0,1;3;63;107;159;180;183;198
768,9,9,0,1;3;17;63;107;159;180;183;198
769,8,8,0,1;3;17;63;159;180;183;198
770,9,9,0,1;3;17;63;107;159;180;183;198
771,10,10,0,1;3;17;63;107;108;159;180;183;198
772,9,9,0,1;3;17;63;107;159;180;183;198
773,9,9,0,1;3;17;63;107;159;180;183;198
774,9,9,0,1;3;17;63;107;159;180;183;198
775,8,8,0,1;3;63;107;159;180;183;198
776,8,8,0,1;63;107;122;159;180;183;198
777,10,10,0,1;3;5;63;107;122;159;180;183;198
778,9,9,0,1;3;63;107;122;159;180;183;198
779,8,8,0,1;63;107;122;159;180;183;197
780,7,7,0,1;63;107;122;159;180;198
781,9,9,0,1;5;17;63;107;122;159;180;198
782,11,9,2,1;5;17;63;107;122;159;180;198
783,11,10,1,1;5;17;63;107;122;159;180;197;198
784,8,8,0,1;17;63;107;122;159;180;198
785,9,9,0,1;3;17;63;107;122;159;180;198
786,8,8,0,1;17;63;107;122;159;180;198
787,9,9,0,1;17;63;107;122;159;180;192;198
788,10,10,0,1;17;63;107;108;122;159;180;189;198
789,9,9,0,1;17;63;107;108;122;159;180;198
790,9,9,0,1;17;63;107;122;159;180;189;198
791,9,9,0,1;17;63;107;108;122;159;180;198
792,9,9,0,1;17;63;107;122;159;180;189;198
793,8,7,1,1;17;63;107;122;159;189
794,7,6,1,1;17;63;107;122;159
795,8,8,0,1;17;63;107;122;159;180;189
796,7,7,0,1;5;63;122;159;180;189
797,6,6,0,1;63;122;159;180;189
798,5,5,0,1;43;63;122;159
799,5,4,1,1;63;122;159
800,5,4,1,1;63;122;159
801,5,4,1,1;63;122;159
802,7,6,1,1;3;5;63;189;198
803,8,8,0,1;3;5;17;63;107;174;198
804,6,6,0,1;5;63;107;122;198
805,8,8,0,1;5;63;107;122;174;189;198
806,7,6,1,1;5;63;159;174;198
807,8,7,1,1;5;63;159;174;197;198
808,9,9,0,1;5;63;107;159;174;189;197;198
809,8,8,0,1;5;63;107;159;189;197;198
810,8,7,1,1;5;63;107;122;159;198
811,8,8,0,1;5;63;107;159;180;197;198
812,5,5,0,1;63;107;159;198
813,6,6,0,1;63;107;122;159;198
814,5,5,0,1;63;107;122;198
815,4,4,0,1;63;107;198
816,5,5,0,1;63;107;197;198
817,5,5,0,1;63;107;197;198
818,4,4,0,1;63;107;198
819,4,4,0,1;63;107;198
820,4,4,0,1;63;108;198
821,4,4,0,1;63;108;198
822,6,6,0,1;63;108;159;197;198
823,6,6,0,1;63;108;122;159;198
824,4,4,0,1;63;159;198
825,6,6,0,1;63;108;122;159;198
826,7,7,0,1;17;63;122;159;189;198
827,9,8,1,1;17;63;122;159;178;189;198
828,5,5,0,1;17;63;108;198
829,6,6,0,1;17;63;108;178;198
830,6,6,0,1;17;63;108;178;198
831,5,5,0,1;17;63;108;198
832,7,6,1,1;17;63;108;122;198
833,6,6,0,1;17;63;107;122;198
834,6,6,0,1;17;63;107;122;198
835,6,6,0,1;17;63;107;122;198
836,4,4,0,1;17;63;198
837,7,6,1,1;17;63;122;159;198
838,7,6,1,1;17;63;122;159;198
839,10,9,1,1;3;17;63;107;122;159;192;198
840,8,8,0,1;3;17;63;122;159;198;222
841,8,8,0,1;17;63;107;122;159;198;222
842,6,6,0,1;63;122;159;198;222
843,6,6,0,1;63;122;189;198;222
844,6,6,0,1;63;122;159;198;222
845,6,5,1,1;63;122;198;222
846,6,5,1,1;63;122;198;222
847,6,5,1,1;63;197;198;222
848,6,6,0,1;63;122;198;222;223
849,5,5,0,1;63;122;198;222
850,9,9,0,1;3;17;63;122;197;198;222;223
851,9,9,0,1;3;17;63;122;197;198;206;222
852,8,8,0,1;3;17;63;122;198;206;222
853,8,8,0,1;3;17;63;122;198;206;222
854,10,9,1,1;3;17;63;122;197;198;206;222
855,9,9,0,1;3;17;63;122;197;198;206;222
856,9,8,1,1;3;63;197;198;206;222;223
857,7,7,0,1;63;122;197;198;206;222
858,8,8,0,1;3;63;197;198;206;222;223
859,6,6,0,1;63;197;198;206;222
860,6,6,0,1;63;197;198;206;222
861,6,6,0,1;63;197;198;206;222
862,9,8,1,1;3;63;122;197;198;206;222
863,7,7,0,1;63;159;197;198;206;222
864,8,8,0,1;63;122;159;197;198;206;222
865,7,7,0,1;63;159;189;198;206;222
866,7,7,0,1;17;63;122;198;206;222
867,7,7,0,1;17;63;122;198;206;222
868,7,7,0,1;17;43;63;198;206;222
869,6,6,0,1;17;63;122;198;222
870,6,6,0,1;17;63;122;198;222
871,5,5,0,1;17;63;198;222
872,4,4,0,1;63;198;222
873,4,4,0,1;63;198;222
874,4,4,0,1;63;198;222
875,5,5,0,1;63;122;198;222
876,6,6,0,1;63;122;197;198;222
877,5,5,0,1;63;122;198;222
878,5,5,0,1;63;122;198;222
879,4,4,0,1;63;198;222
880,4,4,0,1;63;198;222
881,5,5,0,1;17;63;198;222
882,5,5,0,1;17;63;198;222
883,5,5,0,1;17;63;198;222
884,4,4,0,1;63;198;222
885,4,4,0,1;63;198;222
886,4,4,0,1;63;198;222
887,4,4,0,1;63;198;222
888,4,4,0,1;63;198;222
889,4,4,0,1;63;198;222
890,4,4,0,1;63;198;222
891,3,3,0,1;63;198
892,5,5,0,1;63;197;198;222
893,4,4,0,1;63;198;222
894,4,4,0,1;63;198;222
895,4,4,0,1;63;198;222
896,5,5,0,1;63;189;198;222
897,4,4,0,1;63;198;222
898,4,4,0,1;63;197;222
899,4,4,0,1;63;197;222
900,5,5,0,1;63;159;198;222
901,5,5,0,1;63;159;189;222
902,6,6,0,1;17;63;159;189;222
903,6,6,0,1;17;63;159;189;222
904,5,5,0,1;17;63;189;222
905,6,6,0,1;17;63;189;197;222
906,6,6,0,1;17;63;197;198;222
907,5,5,0,1;63;122;189;197
908,6,6,0,1;3;63;122;189;197
909,5,5,0,1;63;189;197;198
910,4,4,0,1;63;159;189
911,6,5,1,1;63;159;189;206
912,5,5,0,1;63;159;189;222
913,5,5,0,1;63;122;189;222
914,8,8,0,1;43;63;122;159;189;197;222
915,8,8,0,1;43;63;122;159;189;197;222
916,8,8,0,1;5;17;63;122;159;192;197
917,7,7,0,1;5;63;122;159;197;222
918,7,7,0,1;43;63;122;159;197;222
919,5,5,0,1;63;122;159;222
920,6,6,0,1;3;63;122;159;222
921,5,5,0,1;63;122;159;222
922,6,6,0,1;63;122;159;198;222
923,5,5,0,1;63;122;159;222
924,5,5,0,1;63;122;159;222
925,6,6,0,1;63;122;159;189;222
926,7,7,0,1;17;63;122;159;189;222
927,7,7,0,1;3;17;63;159;189;222
928,7,7,0,1;3;17;63;159;189;222
929,8,8,0,1;3;5;17;63;159;189;222
930,7,7,0,1;3;17;63;159;189;222
931,7,7,0,1;3;17;63;159;189;222
932,7,7,0,1;3;17;63;159;189;222
933,9,9,0,1;3;17;43;63;159;189;192;222
934,9,9,0,1;3;17;43;63;159;189;192;222
935,9,9,0,1;3;17;43;63;159;189;192;222
936,9,9,0,1;3;17;43;63;159;189;192;222
937,10,9,1,1;3;17;43;63;122;159;189;222
938,8,7,1,1;3;17;63;122;159;222
939,5,5,0,1;3;63;122;222
940,7,6,1,1;3;63;122;159;222
941,8,7,1,1;3;63;159;189;222;223
942,8,7,1,1;3;63;122;159;222;223
943,7,7,0,1;3;63;122;159;222;223
944,9,8,1,1;3;43;63;159;192;222;223
945,7,7,0,1;3;43;63;192;222;223
946,8,8,0,1;3;43;63;122;192;222;223
947,8,7,1,1;3;43;63;198;222;223
948,7,6,1,1;3;43;63;222;223
949,8,8,0,1;3;5;43;63;189;222;223
950,8,7,1,1;3;43;63;189;222;223
951,9,7,2,1;3;5;63;189;222;223
952,8,6,2,1;3;63;192;222;223
953,9,7,2,1;3;5;43;63;222;232
954,9,8,1,1;3;5;43;63;222;232;233
955,10,10,0,1;3;5;17;43;63;122;222;232;233
956,8,8,0,1;3;5;43;63;122;222;233
957,8,8,0,1;3;5;43;63;107;122;222
958,8,8,0,1;3;5;43;63;197;222;223
959,9,9,0,1;3;43;63;107;197;222;223;233
960,9,9,0,1;3;5;43;63;107;222;223;233
961,9,9,0,1;3;17;43;63;122;222;223;233
962,6,6,0,1;3;43;63;222;233
963,7,6,1,1;3;43;63;222;233
964,5,5,0,1;43;63;222;233
965,5,5,0,1;43;63;222;233
966,6,5,1,1;43;63;222;233
967,8,6,2,1;5;43;63;222;233
968,8,8,0,1;3;5;43;63;222;223;233
969,10,10,0,1;3;5;17;43;63;222;223;232;233
970,10,9,1,1;3;17;43;63;122;222;232;233
971,8,8,0,1;3;17;43;63;189;222;233
972,7,7,0,1;3;43;63;189;222;223
973,7,7,0,1;3;43;63;222;223;233
974,9,9,0,1;3;5;43;63;197;198;222;223
975,6,6,0,1;3;43;63;122;222
976,7,6,1,1;3;43;63;198;222
977,8,8,0,1;3;43;63;198;222;223;233
978,7,7,0,1;3;43;63;198;222;223
979,7,7,0,1;3;43;63;198;222;223
980,7,7,0,1;3;43;63;198;222;223
981,7,7,0,1;3;43;63;198;222;223
982,7,7,0,1;3;43;63;198;222;223
983,7,7,0,1;3;43;63;198;222;223
984,8,8,0,1;3;17;43;63;198;222;223
985,8,8,0,1;3;17;43;63;198;222;223
986,8,8,0,1;3;17;43;63;198;222;223
987,8,8,0,1;3;17;43;63;198;222;223
988,7,7,0,1;3;43;63;198;222;223
989,7,7,0,1;3;43;63;198;222;223
990,8,8,0,1;3;17;43;63;198;222;223
991,8,8,0,1;3;43;63;198;222;223;232
992,9,8,1,1;3;43;63;198;222;223;232
993,7,7,0,1;3;43;63;198;222;223
994,7,7,0,1;3;43;63;198;222;223
995,6,6,0,1;43;63;198;222;223
996,7,6,1,1;43;63;198;222;223
997,7,6,1,1;43;63;198;222;223
998,7,6,1,1;43;63;198;222;223
999,7,7,0,1;43;63;198;222;223;241
1000,8,8,0,1;17;43;63;198;222;223;241
1001,8,8,0,1;17;43;63;198;222;223;241
1002,8,8,0,1;43;63;198;222;223;233;241
1003,7,7,0,1;43;63;198;222;223;241
1004,7,7,0,1;43;63;198;222;223;241
1005,7,7,0,1;43;63;198;222;223;241
1006,8,8,0,1;17;43;63;198;222;223;241
1007,8,8,0,1;17;43;63;198;222;223;241
1008,8,8,0,1;17;43;63;198;222;223;241
1009,8,8,0,1;17;43;63;198;222;223;241
1010,7,7,0,1;17;43;63;122;222;223
1011,8,8,0,1;3;17;43;63;122;222;223
1012,9,8,1,1;3;17;43;63;122;222;223
1013,7,7,0,1;17;43;63;122;222;223
1014,6,6,0,1;43;63;122;222;223
1015,6,6,0,1;43;63;122;222;223
1016,8,8,0,1;43;63;122;222;223;233;241
1017,7,7,0,1;17;43;63;222;223;233
1018,7,7,0,1;43;63;198;222;223;233
1019,7,7,0,1;43;63;198;222;223;233
1020,7,7,0,1;3;43;63;198;222;223
1021,9,9,0,1;3;17;43;63;198;222;223;233
1022,8,8,0,1;3;17;43;63;198;222;223
1023,7,7,0,1;17;43;63;198;222;223
1024,6,6,0,1;43;63;198;222;223
1025,7,7,0,1;17;43;63;198;222;223
1026,8,8,0,1;17;43;63;198;222;223;233
1027,7,7,0,1;43;63;198;222;223;233
1028,7,7,0,1;43;63;198;222;223;233
1029,7,7,0,1;43;63;198;222;223;233
1030,6,6,0,1;43;63;222;223;233
1031,7,7,0,1;43;63;198;222;223;233
1032,7,7,0,1;43;63;198;222;223;233
1033,7,7,0,1;43;63;198;222;223;233
1034,8,8,0,1;43;63;107;198;222;223;233
1035,8,8,0,1;43;63;107;198;222;223;233
1036,8,8,0,1;43;63;107;198;222;223;233
1037,9,9,0,1;3;43;63;107;198;222;223;233
1038,7,7,0,1;43;63;198;222;223;233
1039,8,8,0,1;43;63;107;198;222;223;233
1040,9,9,0,1;3;43;63;107;198;222;223;233
1041,9,9,0,1;3;43;63;107;198;222;223;233
1042,8,8,0,1;43;63;107;198;222;223;233
1043,8,8,0,1;43;63;107;198;222;223;233
1044,9,9,0,1;3;43;63;107;198;222;223;233
1045,10,9,1,1;3;43;63;107;198;222;223;233
1046,11,10,1,1;3;17;43;63;107;198;222;223;233
1047,9,8,1,1;17;43;63;198;222;223;233
1048,10,10,0,1;3;17;43;63;198;222;223;233;243
1049,10,10,0,1;3;17;43;63;198;222;223;233;243
1050,9,9,0,1;3;43;63;198;222;223;233;243
1051,7,6,1,1;43;63;198;222;223
1052,8,7,1,1;43;63;198;222;223;243
1053,7,7,0,1;43;63;198;222;223;243
1054,7,6,1,1;43;63;198;223;243
1055,9,6,3,1;43;63;198;223;243
1056,9,6,3,1;43;63;198;223;243
1057,6,5,1,1;43;63;198;223
1058,7,6,1,1;43;63;107;198;223
1059,8,7,1,1;17;43;63;107;198;223
1060,9,7,2,1;17;43;63;107;198;223
1061,8,7,1,1;17;43;63;107;198;223
1062,9,8,1,1;17;43;63;107;198;223;243
1063,8,8,0,1;17;43;63;107;198;223;243
1064,8,7,1,1;17;43;63;107;223;243
1065,9,9,0,1;17;43;63;107;198;223;233;243
1066,7,7,0,1;43;63;198;223;233;243
1067,9,8,1,1;43;63;107;198;223;233;243
1068,10,8,2,1;43;63;107;198;223;233;243
1069,9,8,1,1;43;63;107;198;223;233;243
1070,9,9,0,1;3;43;63;107;198;223;233;243
1071,10,9,1,1;3;43;63;107;198;223;233;243
1072,9,8,1,1;43;63;107;198;223;233;243
1073,9,8,1,1;43;63;107;198;223;233;243
1074,8,8,0,1;43;63;107;198;223;233;256
1075,10,10,0,1;17;43;63;107;198;223;233;243;256
1076,9,9,0,1;17;43;63;107;198;223;233;256
1077,11,11,0,1;3;17;43;63;107;198;223;233;241;256
1078,11,11,0,1;3;17;43;63;107;198;223;233;243;256
1079,10,10,0,1;17;43;63;107;198;223;233;243;256
1080,10,10,0,1;17;43;63;107;198;223;233;243;256
1081,10,9,1,1;43;63;107;197;198;223;233;256
1082,8,8,0,1;43;63;107;198;223;233;256
1083,9,9,0,1;17;43;63;107;198;223;233;256
1084,7,7,0,1;43;63;198;223;233;256
1085,8,8,0,1;43;63;107;198;223;233;256
1086,9,9,0,1;43;63;107;198;223;233;243;256
1087,8,8,0,1;43;63;107;198;223;243;256
1088,8,8,0,1;43;63;107;198;223;243;256
1089,9,9,0,1;3;43;63;107;189;198;223;256
1090,9,9,0,1;43;63;107;122;198;223;243;256
1091,11,11,0,1;3;17;43;63;107;198;223;233;241;256
1092,11,11,0,1;3;17;43;63;107;198;223;233;241;256
1093,8,8,0,1;3;17;43;63;198;223;256
1094,7,7,0,1;3;17;63;198;223;256
1095,7,7,0,1;3;17;63;198;223;256
1096,7,7,0,1;3;43;63;198;223;256
1097,7,7,0,1;3;43;63;198;223;256
1098,8,7,1,1;3;43;63;198;223;256
1099,7,7,0,1;3;43;63;198;223;256
1100,7,7,0,1;3;43;63;223;241;256
1101,8,7,1,1;3;43;63;223;241;256
1102,8,8,0,1;3;43;63;198;223;241;256
1103,8,8,0,1;3;43;63;198;223;241;256
1104,8,8,0,1;3;43;63;198;223;241;256
1105,9,9,0,1;3;43;63;107;223;233;241;256
1106,10,10,0,1;3;43;63;107;223;233;241;243;256
1107,9,9,0,1;43;63;107;223;232;233;243;256
1108,10,10,0,1;3;43;63;107;223;233;241;243;256
1109,10,10,0,1;3;43;63;107;223;233;241;243;256
1110,8,8,0,1;43;63;223;232;233;243;256
1111,10,9,1,1;43;63;107;223;233;241;243;256
1112,10,10,0,1;43;63;107;223;232;233;241;243;256
1113,8,8,0,1;43;63;223;232;233;241;256
1114,7,7,0,1;43;63;223;232;233;256
1115,7,7,0,1;43;63;223;232;233;256
1116,7,7,0,1;43;63;223;232;233;256
1117,8,7,1,1;43;63;223;232;233;256
1118,8,8,0,1;43;63;107;223;232;233;256
1119,8,8,0,1;43;63;223;232;233;243;256
1120,8,8,0,1;43;63;223;232;233;243;256
1121,8,8,0,1;43;63;107;223;232;233;256
1122,9,9,0,1;43;63;107;223;232;233;241;256
1123,10,10,0,1;43;63;107;198;223;232;233;241;256
1124,9,9,0,1;43;63;107;223;232;233;241;256
1125,9,9,0,1;43;63;107;223;232;233;241;256
1126,9,8,1,1;43;63;223;232;233;241;256
1127,8,8,0,1;43;63;223;232;233;241;256
1128,8,8,0,1;43;63;223;232;233;241;256
1129,8,8,0,1;43;63;223;232;233;241;256
1130,8,8,0,1;43;63;223;232;233;241;256
1131,8,8,0,1;43;63;223;232;233;241;256
1132,8,8,0,1;43;63;223;232;233;241;256
1133,8,8,0,1;43;63;223;232;233;241;256
1134,7,7,0,1;43;63;223;232;233;256
1135,7,7,0,1;43;63;223;232;233;256
1136,7,7,0,1;43;63;223;232;233;256
1137,8,8,0,1;43;63;107;223;232;233;256
1138,7,7,0,1;43;63;223;232;233;256
1139,8,8,0,1;43;63;107;223;232;233;256
1140,7,7,0,1;43;63;223;232;233;256
1141,8,8,0,1;17;43;63;223;232;233;256
1142,8,8,0,1;17;43;63;223;232;233;256
1143,8,8,0,1;17;43;63;223;232;233;256
1144,8,8,0,1;17;43;63;223;232;233;256
1145,8,8,0,1;17;43;63;223;232;233;256
1146,8,8,0,1;17;43;63;223;232;233;256
1147,8,8,0,1;17;43;63;223;232;233;256
1148,8,8,0,1;17;43;63;223;232;233;256
1149,9,9,0,1;17;43;63;107;189;223;232;256
1150,9,9,0,1;17;43;63;107;223;232;233;256
1151,9,9,0,1;17;43;63;107;223;232;233;256
1152,9,9,0,1;17;43;63;107;223;232;233;256
1153,8,8,0,1;17;63;107;223;232;233;256
1154,9,9,0,1;17;43;63;107;223;232;233;256
1155,9,9,0,1;17;43;63;107;223;232;233;256
1156,7,7,0,1;43;63;122;223;233;256
1157,7,7,0,1;43;63;107;223;233;256
1158,7,7,0,1;43;63;107;223;233;256
1159,7,7,0,1;43;63;107;223;233;256
1160,7,7,0,1;43;63;107;223;233;256
1161,7,7,0,1;43;63;107;223;233;256
1162,7,7,0,1;43;63;107;223;233;256
1163,7,7,0,1;43;63;107;223;233;256
1164,7,7,0,1;43;63;107;223;233;256
1165,7,7,0,1;43;63;107;223;233;256
1166,8,8,0,1;17;43;63;107;223;233;256
1167,8,8,0,1;17;43;63;107;223;233;256
1168,8,8,0,1;17;43;63;107;223;233;256
1169,8,8,0,1;17;43;63;107;223;233;256
1170,8,8,0,1;17;43;63;107;223;233;256
1171,9,8,1,1;43;63;107;223;233;243;256
1172,9,8,1,1;43;63;107;223;233;243;256
1173,7,7,0,1;43;63;107;223;233;256
1174,7,7,0,1;43;63;107;223;233;256
1175,8,7,1,1;43;63;107;223;233;256
1176,11,9,2,1;43;63;107;223;233;241;243;256
1177,8,7,1,1;43;63;107;223;233;256
1178,8,8,0,1;3;43;63;107;223;233;256
1179,9,9,0,1;3;43;63;107;223;233;241;256
1180,9,9,0,1;3;17;43;63;107;223;233;256
1181,10,9,1,1;3;17;43;63;107;197;233;256
1182,9,9,0,1;3;17;43;63;107;223;233;256
1183,9,9,0,1;3;17;43;63;107;223;233;256
1184,9,9,0,1;3;17;43;63;107;223;233;256
1185,9,9,0,1;3;17;43;63;107;223;233;256
1186,9,9,0,1;3;43;63;107;223;233;243;256
1187,9,9,0,1;3;43;63;107;223;233;243;256
1188,8,8,0,1;3;63;107;223;233;243;256
1189,9,8,1,1;3;63;107;223;233;243;256
1190,9,9,0,1;3;43;63;107;223;233;243;256
1191,9,9,0,1;3;43;63;107;223;233;243;256
1192,8,8,0,1;3;63;107;223;233;243;256
1193,9,9,0,1;3;43;63;107;223;233;243;256
1194,8,8,0,1;3;63;107;223;233;243;256
1195,8,8,0,1;3;63;107;223;233;243;256
1196,8,8,0,1;3;63;107;223;233;243;256
1197,8,8,0,1;3;63;107;223;233;243;256
1198,8,7,1,1;3;63;107;223;233;256
1199,8,7,1,1;3;63;107;223;233;256
1200,8,7,1,1;3;63;107;223;233;256
1201,10,10,0,1;3;17;63;107;223;233;243;256;268
1202,10,10,0,1;3;17;63;107;223;233;243;256;268
1203,10,10,0,1;3;17;63;107;223;233;243;256;268
1204,11,11,0,1;3;17;63;107;197;223;233;243;256;268
1205,11,10,1,1;3;17;63;107;223;233;243;256;268
1206,11,10,1,1;3;17;63;107;223;233;243;256;268
1207,10,10,0,1;3;17;63;107;223;233;243;256;268
1208,11,10,1,1;3;17;63;107;223;233;243;256;268
1209,9,9,0,1;3;17;63;107;223;233;256;268
1210,8,8,0,1;3;63;107;223;233;256;268
1211,10,10,0,1;3;43;63;107;223;233;243;256;268
1212,9,9,0,1;3;43;63;107;223;233;256;268
1213,9,8,1,1;3;63;107;223;233;256;268
1214,10,8,2,1;3;63;107;223;233;256;268
1215,9,8,1,1;3;63;107;223;233;256;268
1216,9,9,0,1;3;17;63;223;233;256;268;271
1217,9,9,0,1;3;43;63;223;233;256;268;271
1218,9,9,0,1;3;43;63;223;233;256;268;271
1219,9,9,0,1;3;63;189;223;233;256;268;271
1220,8,8,0,1;3;63;189;223;233;256;268
1221,8,8,0,1;3;63;189;223;233;256;268
1222,10,10,0,1;3;17;63;189;223;233;256;268;271
1223,9,9,0,1;3;63;189;223;233;256;268;271
1224,10,8,2,1;3;63;107;223;233;256;268
1225,9,9,0,1;3;63;107;189;223;233;256;268
1226,8,7,1,1;17;63;107;223;233;256
1227,10,9,1,1;17;43;63;107;223;233;256;268
1228,10,9,1,1;17;63;107;189;223;233;256;268
1229,10,10,0,1;17;63;107;189;223;233;256;268;275
1230,12,12,0,1;17;43;63;107;189;223;233;256;268;271;275
1231,9,9,0,1;63;189;223;233;256;268;271;275
1232,9,9,0,1;63;107;223;233;256;268;271;275
1233,10,10,0,1;63;107;189;223;233;256;268;271;275
1234,11,10,1,1;3;43;63;107;223;233;256;268;271
1235,10,7,3,1;3;63;107;233;256;268
1236,9,8,1,1;3;63;107;233;256;268;271
1237,10,9,1,1;3;43;63;107;233;256;268;271
1238,11,10,1,1;3;43;63;107;223;233;256;268;271
1239,12,9,3,1;3;43;63;223;233;256;268;271
1240,11,8,3,1;3;43;63;107;233;256;268
1241,11,10,1,1;3;17;43;63;107;233;256;268;271
1242,12,11,1,1;3;17;43;63;107;232;233;243;256;268
1243,12,12,0,1;3;17;43;63;107;233;243;256;268;271;283
1244,12,12,0,1;3;17;43;63;107;233;243;256;268;271;283
1245,12,12,0,1;3;17;43;63;107;233;243;256;268;271;283
1246,11,11,0,1;3;43;63;189;233;243;256;268;271;283
1247,11,11,0,1;3;43;63;107;233;243;256;268;271;283
1248,11,11,0,1;3;43;63;107;233;243;256;268;271;283
1249,11,11,0,1;3;43;63;107;233;243;256;268;271;283
1250,11,10,1,1;3;43;63;107;233;243;256;268;283
1251,12,12,0,1;3;43;63;107;232;233;243;256;268;271;283
1252,12,12,0,1;3;43;63;107;232;233;243;256;268;271;283
1253,9,9,0,1;3;43;63;232;233;256;268;283
1254,12,12,0,1;3;17;43;63;107;232;233;256;268;271;283
1255,13,12,1,1;3;17;43;63;107;232;233;256;268;271;283
1256,10,10,0,1;3;17;43;63;107;233;256;268;283
1257,10,10,0,1;3;17;43;63;232;233;256;268;283
1258,10,9,1,1;3;17;43;232;233;256;268;283
1259,10,9,1,1;3;17;43;232;233;256;268;283
1260,11,9,2,1;3;17;43;232;233;256;268;283
1261,10,9,1,1;3;43;232;233;256;268;283;286
1262,10,9,1,1;3;43;232;233;256;268;283;286
1263,11,10,1,1;3;43;63;232;233;256;268;283;286
1264,11,11,0,1;3;43;63;232;233;256;268;283;286;288
1265,11,11,0,1;3;43;63;107;232;233;256;268;283;288
1266,11,11,0,1;3;43;63;107;232;233;256;268;283;288
1267,9,9,0,1;3;43;63;107;232;233;256;268
1268,10,10,0,1;3;43;63;107;232;233;256;268;288
1269,10,9,1,1;3;43;63;232;233;256;268;288
1270,10,10,0,1;3;43;63;232;233;256;268;286;288
1271,11,11,0,1;3;43;63;107;232;233;256;268;286;288
1272,11,11,0,1;3;43;63;107;232;233;256;268;286;288
1273,10,10,0,1;3;43;63;107;232;233;256;268;286
1274,10,10,0,1;3;43;63;107;232;233;256;268;286
1275,10,10,0,1;3;43;63;107;232;233;256;268;286
1276,9,9,0,1;3;17;43;232;233;256;268;286
1277,10,10,0,1;3;17;43;63;232;233;256;268;286
1278,10,10,0,1;3;17;43;232;233;243;256;268;286
1279,10,10,0,1;3;17;43;232;233;243;256;268;286
1280,10,10,0,1;3;17;43;232;233;243;256;268;286
1281,11,10,1,1;3;17;43;232;233;243;256;268;286
1282,10,10,0,1;3;17;43;63;107;232;233;256;268
1283,10,10,0,1;3;17;43;63;107;232;233;256;268
1284,10,10,0,1;3;17;43;63;107;232;233;256;268
1285,10,10,0,1;3;17;43;63;107;232;233;256;268
1286,10,10,0,1;3;17;43;63;107;232;233;256;268
1287,10,10,0,1;3;17;43;63;107;232;233;256;268
1288,12,12,0,1;3;17;43;63;107;189;232;233;241;256;268
1289,13,12,1,1;3;17;43;63;107;189;232;233;241;256;268
1290,13,12,1,1;3;17;43;63;107;189;232;233;241;256;268
1291,11,10,1,1;3;43;63;189;197;232;241;256;268
1292,10,9,1,1;3;43;63;232;233;241;256;268
1293,9,8,1,1;3;63;232;233;241;256;268
1294,9,9,0,1;3;63;189;232;233;241;256;268
1295,9,9,0,1;3;63;189;197;232;233;256;268
1296,7,7,0,1;3;63;189;241;256;268
1297,8,7,1,1;3;63;189;241;256;268
1298,7,7,0,1;3;63;189;241;256;268
1299,7,7,0,1;3;63;197;241;256;268
1300,9,8,1,1;3;63;107;189;241;256;268
1301,10,9,1,1;3;43;63;107;189;241;256;268
1302,11,10,1,1;3;43;63;107;189;232;241;256;268
1303,10,10,0,1;3;43;63;107;189;232;241;256;268
1304,9,9,0,1;3;43;63;107;233;241;256;268
1305,10,10,0,1;3;17;43;63;107;233;241;256;268
1306,10,10,0,1;3;43;63;107;232;233;241;256;268
1307,8,8,0,1;3;63;107;233;241;256;268
1308,9,9,0,1;3;43;63;107;233;241;256;268
1309,9,9,0,1;3;43;63;107;233;241;256;268
1310,9,9,0,1;3;43;63;107;233;241;256;268
1311,9,9,0,1;3;43;63;107;233;241;256;268
1312,9,9,0,1;3;43;63;107;233;241;256;268
1313,9,9,0,1;3;43;63;107;233;241;256;268
1314,10,9,1,1;3;43;63;107;233;241;256;268
1315,9,8,1,1;3;43;63;107;233;241;256
1316,10,9,1,1;43;63;107;232;233;241;243;256
1317,8,8,0,1;43;63;107;233;241;256;297
1318,9,9,0,1;43;63;107;197;232;241;256;297
1319,9,9,0,1;3;43;63;107;197;241;256;268
1320,12,10,2,1;3;43;63;107;197;232;241;256;268
1321,10,9,1,1;3;43;63;197;241;243;256;268
1322,10,9,1,1;3;43;63;197;232;241;256;268
1323,10,8,2,1;3;43;63;197;241;256;268
1324,10,9,1,1;3;43;63;197;232;241;256;268
1325,10,9,1,1;3;43;63;197;232;241;256;268
1326,10,10,0,1;3;43;63;197;232;241;256;268;301
1327,10,10,0,1;3;43;63;197;232;241;256;268;301
1328,11,10,1,1;3;43;63;197;232;241;256;268;301
1329,10,9,1,1;3;43;63;197;232;241;256;268
1330,10,9,1,1;3;43;63;197;232;241;256;268
1331,10,9,1,1;3;43;63;197;232;241;256;268
1332,10,9,1,1;3;43;63;197;232;241;256;268
1333,10,9,1,1;3;43;63;197;232;241;256;268
1334,10,10,0,1;3;43;63;107;197;232;241;256;268
1335,10,9,1,1;3;43;63;197;232;241;256;268
1336,10,9,1,1;3;43;63;107;197;241;256;268
1337,12,10,2,1;3;43;63;107;197;232;241;256;268
1338,9,9,0,1;3;43;63;197;241;256;268;304
1339,9,9,0,1;3;43;63;197;241;256;268;304
1340,10,10,0,1;3;43;63;107;197;241;256;268;304
1341,11,10,1,1;3;43;63;107;197;241;256;268;304
1342,10,9,1,1;3;43;63;197;241;256;268;304
1343,10,10,0,1;3;43;63;197;241;256;268;283;304
1344,10,10,0,1;3;43;63;107;197;232;256;268;304
1345,10,9,1,1;3;63;107;197;241;256;268;304
1346,9,8,1,1;3;63;107;197;256;268;304
1347,10,9,1,1;3;63;107;197;241;256;268;304
1348,11,10,1,1;3;63;107;197;241;256;268;304;307
1349,10,10,0,1;3;43;63;197;241;256;268;304;307
1350,12,11,1,1;3;43;63;107;197;241;256;268;304;307
1351,11,11,0,1;3;43;63;197;232;241;256;268;304;307
1352,11,11,0,1;3;43;63;197;232;241;256;268;304;307
1353,10,10,0,1;3;43;63;197;232;256;268;304;307
1354,11,11,0,1;3;43;63;197;232;241;256;268;304;307
1355,11,11,0,1;3;43;63;197;232;241;256;268;304;307
1356,11,10,1,1;3;63;197;232;241;256;268;304;307
1357,11,9,2,1;3;63;197;232;256;268;304;307
1358,11,10,1,1;3;43;63;197;232;256;268;304;307
1359,10,10,0,1;3;43;63;197;232;256;268;304;307
1360,10,10,0,1;3;43;63;197;232;256;268;304;307
1361,9,9,0,1;3;43;63;197;256;268;304;307
1362,11,9,2,1;3;43;63;197;256;268;304;307
1363,9,7,2,1;3;63;197;256;268;307
1364,9,7,2,1;3;63;197;256;268;307
1365,10,10,0,1;3;43;63;197;243;256;268;307;313
1366,10,10,0,1;3;17;43;63;197;256;268;307;313
1367,11,11,0,1;3;17;43;63;197;243;256;268;307;313
1368,11,10,1,1;3;17;43;63;197;256;268;307;313
1369,12,11,1,1;3;17;43;63;197;256;268;286;307;313
1370,11,11,0,1;3;17;43;63;197;256;268;286;307;313
1371,12,12,0,1;3;17;43;63;107;197;256;268;286;307;313
1372,11,11,0,1;3;17;43;63;197;256;268;286;307;313
1373,12,12,0,1;3;17;43;63;197;243;256;268;286;307;313
1374,11,11,0,1;3;17;43;63;197;256;268;286;307;313
1375,12,12,0,1;3;17;43;63;197;243;256;268;286;307;313
1376,10,10,0,1;3;17;43;63;197;256;268;307;313
1377,12,12,0,1;3;17;43;63;197;243;256;268;286;307;313
1378,11,11,0,1;3;17;43;63;197;243;256;268;307;313
1379,12,11,1,1;3;17;43;63;197;232;256;268;307;313
1380,12,12,0,1;3;17;43;63;197;232;243;256;268;307;313
1381,10,10,0,1;3;43;63;197;243;256;268;307;313
1382,10,10,0,1;3;43;63;197;243;256;268;307;313
1383,10,10,0,1;3;43;63;197;232;256;286;307;313
1384,9,9,0,1;3;43;63;197;256;286;307;313
1385,9,9,0,1;3;43;63;197;256;286;307;313
1386,9,8,1,1;3;43;63;197;256;307;313
1387,8,8,0,1;3;43;63;197;233;256;307
1388,10,8,2,1;3;43;63;197;233;256;307
1389,11,10,1,1;3;43;63;197;232;233;256;286;307
1390,9,8,1,1;3;43;63;197;233;256;307
1391,11,10,1,1;3;17;43;63;197;233;256;307;319
1392,11,11,0,1;3;17;43;63;197;232;233;256;307;319
1393,11,11,0,1;3;17;43;63;197;233;256;286;307;319
1394,9,9,0,1;3;17;43;63;197;233;256;307
1395,9,9,0,1;3;17;43;63;197;233;256;307
1396,11,11,0,1;3;17;43;63;107;197;232;233;256;307
1397,12,11,1,1;3;17;43;63;107;197;232;233;256;307
1398,11,10,1,1;3;17;43;63;107;197;233;256;307
1399,11,11,0,1;3;17;43;63;107;197;233;256;297;307
1400,13,12,1,1;3;17;43;63;107;197;233;256;286;297;307
1401,11,11,0,1;3;17;43;63;107;197;233;256;297;307
1402,11,11,0,1;3;17;43;63;107;197;233;256;297;307
1403,12,12,0,1;3;17;43;63;107;197;233;256;286;297;307
1404,12,12,0,1;3;17;43;63;107;197;232;233;256;297;307
1405,12,12,0,1;3;17;43;63;107;197;232;233;256;297;307
1406,12,12,0,1;3;17;43;63;107;197;232;233;256;297;307
1407,12,12,0,1;3;17;43;63;107;197;232;233;256;297;307
1408,13,13,0,1;3;17;43;63;107;197;232;233;256;286;297;307
1409,11,11,0,1;3;17;43;63;197;232;233;256;297;307
1410,14,13,1,1;3;17;43;63;107;197;232;233;256;286;297;307
1411,10,10,0,1;3;17;43;63;197;233;256;297;307
1412,10,10,0,1;3;17;43;63;197;233;256;297;307
1413,10,10,0,1;3;17;43;63;197;233;256;297;307
1414,10,10,0,1;3;17;43;63;197;233;256;297;307
1415,11,11,0,1;3;17;43;63;197;232;233;256;297;307
1416,11,11,0,1;3;17;43;63;197;232;233;256;297;307
1417,12,12,0,1;3;17;43;63;107;197;232;233;256;297;307
1418,11,11,0,1;3;17;43;63;197;232;233;241;256;307
1419,11,11,0,1;3;17;43;63;197;232;233;256;297;307
1420,11,11,0,1;3;17;43;63;197;232;233;256;297;307
1421,15,11,4,1;3;17;43;63;197;232;256;297;307;313
1422,11,11,0,1;3;17;43;63;107;197;232;297;307;313
1423,11,11,0,1;3;17;43;63;107;197;232;297;307;313
1424,11,11,0,1;3;17;43;63;107;197;232;297;307;313
1425,11,11,0,1;3;17;43;63;107;197;232;297;307;313
1426,10,10,0,1;3;43;63;197;232;241;256;307;313
1427,12,10,2,1;3;43;63;197;232;241;256;307;313
1428,10,10,0,1;3;43;63;197;232;241;256;307;313
1429,10,10,0,1;3;43;63;197;232;241;256;307;313
1430,11,10,1,1;3;43;63;197;232;241;256;307;313
1431,10,10,0,1;3;43;63;197;232;241;256;307;313
1432,10,10,0,1;3;43;63;197;232;241;256;307;313
1433,10,10,0,1;3;43;63;197;232;241;256;307;313
1434,11,10,1,1;3;43;63;197;232;241;256;307;313
1435,10,10,0,1;3;43;63;197;232;241;256;307;313
1436,10,10,0,1;3;43;63;197;232;241;256;307;313
1437,10,10,0,1;3;43;63;197;232;241;256;307;313
1438,11,11,0,1;3;17;43;63;197;232;241;256;307;313
1439,12,11,1,1;3;17;43;63;197;232;241;256;283;307
1440,11,11,0,1;3;43;63;107;197;232;241;256;307;313
1441,12,11,1,1;3;17;43;63;197;232;241;256;307;313
1442,11,10,1,1;3;17;43;63;197;232;241;256;307
1443,12,10,2,1;3;17;43;63;197;232;241;256;307
1444,11,11,0,1;3;17;43;63;197;232;241;256;307;334
1445,11,11,0,1;3;17;43;63;197;232;241;256;307;334
1446,11,11,0,1;3;17;43;63;197;232;241;256;307;334
1447,10,10,0,1;3;43;63;197;232;241;256;307;334
1448,10,10,0,1;3;43;63;197;232;241;256;307;334
1449,13,11,2,1;3;43;63;107;197;232;241;256;307;334
1450,15,14,1,1;3;17;43;63;107;197;232;241;243;256;304;307;334
1451,13,12,1,1;3;43;63;107;197;232;241;243;256;307;334
1452,14,14,0,1;3;17;43;63;107;197;232;241;243;256;307;334;337
1453,13,13,0,1;3;17;43;63;107;197;232;241;256;307;334;337
1454,12,12,0,1;3;17;43;63;107;197;232;241;256;307;334
1455,14,12,2,1;3;17;43;63;107;197;232;241;256;307;334
1456,12,12,0,1;3;17;43;63;197;232;241;256;307;334;337
1457,12,11,1,1;3;43;63;197;232;241;256;307;334;337
1458,12,12,0,1;3;17;43;63;197;232;241;256;307;334;337
1459,12,12,0,1;3;17;43;63;197;232;241;256;307;334;337
1460,11,11,0,1;3;17;43;63;197;232;241;256;307;337
1461,12,11,1,1;3;17;43;63;197;232;241;256;307;337
1462,10,9,1,1;43;63;197;232;241;256;307;334
1463,11,10,1,1;3;43;63;197;232;241;256;304;307
1464,11,11,0,1;3;43;63;197;232;241;256;304;307;341
1465,11,11,0,1;3;43;63;197;232;241;256;304;307;341
1466,9,9,0,1;3;43;63;197;241;256;307;341
1467,10,9,1,1;3;17;43;63;197;241;256;341
1468,8,8,0,1;3;17;63;197;256;337;341
1469,10,9,1,1;3;17;43;63;197;256;337;341
1470,8,8,0,1;3;17;43;63;197;256;341
1471,13,12,1,1;3;17;43;63;107;197;232;241;256;297;341
1472,9,8,1,1;3;43;63;107;197;256;341
1473,10,9,1,1;3;43;63;107;197;232;256;341
1474,12,11,1,1;3;17;43;63;107;197;232;241;256;341
1475,11,10,1,1;3;17;43;63;107;197;241;256;341
1476,10,9,1,1;3;43;63;107;197;241;256;341
1477,9,9,0,1;3;43;63;107;197;241;256;341
1478,11,10,1,1;3;43;63;107;197;232;241;256;341
1479,9,9,0,1;3;43;63;197;232;241;256;341
1480,12,11,1,1;3;17;43;63;197;232;241;256;304;341
1481,13,12,1,1;3;17;43;63;107;197;232;241;256;304;341
1482,13,12,1,1;3;17;43;63;107;197;232;241;256;304;341
1483,9,9,0,1;3;43;63;197;232;241;256;341
1484,10,10,0,1;3;17;43;63;197;232;241;256;341
1485,10,9,1,1;3;43;63;197;232;241;256;341
1486,12,11,1,1;3;17;43;63;197;232;241;256;304;341
1487,12,11,1,1;3;17;43;63;197;232;241;256;304;341
1488,10,10,0,1;3;43;63;197;232;241;256;304;341
1489,12,11,1,1;3;17;43;63;197;232;241;256;304;341
1490,10,10,0,1;3;43;63;197;232;241;256;304;341
1491,10,10,0,1;3;43;63;197;232;241;256;304;341
1492,10,10,0,1;3;17;43;63;197;241;256;304;341
1493,10,10,0,1;3;17;43;63;197;241;256;304;341
1494,11,10,1,1;3;17;43;63;197;241;256;304;341
1495,12,11,1,1;3;17;43;63;107;197;241;256;304;341
1496,13,11,2,1;3;17;43;63;107;197;241;256;304;341
1497,13,12,1,1;3;17;43;63;107;197;241;256;304;341;353
1498,13,12,1,1;3;17;43;63;107;197;241;256;304;341;353
1499,13,13,0,1;3;17;43;63;107;197;241;256;304;341;353;354
1500,13,13,0,1;3;17;43;63;107;197;241;256;304;341;353;354
1501,10,10,0,1;3;43;63;197;241;256;304;341;354
1502,9,9,0,1;3;43;63;197;241;256;304;341
1503,10,8,2,1;43;63;197;241;256;341;354
1504,10,8,2,1;43;63;197;241;256;341;354
1505,9,8,1,1;43;63;197;241;256;341;354
1506,10,9,1,1;43;63;197;241;256;341;354;355
1507,9,9,0,1;43;63;197;241;256;341;353;355
1508,9,9,0,1;43;63;197;241;256;341;354;355
1509,8,8,0,1;43;63;197;241;256;341;355
1510,9,9,0,1;43;63;197;232;241;256;341;355
1511,9,9,0,1;43;63;197;232;241;256;341;354
1512,9,9,0,1;43;63;197;241;256;341;354;355
1513,8,8,0,1;43;63;197;241;256;341;355
1514,9,9,0,1;43;63;197;241;256;304;341;355
1515,9,9,0,1;43;63;197;241;256;341;354;355
1516,10,10,0,1;17;43;63;197;232;241;256;341;355
1517,12,12,0,1;17;43;63;197;232;241;243;256;304;341;355
1518,10,10,0,1;43;63;197;232;241;256;304;341;355
1519,9,9,0,1;43;63;197;232;241;256;341;355
1520,9,9,0,1;43;63;197;232;241;256;341;355
1521,10,10,0,1;43;63;197;232;241;256;304;341;355
1522,10,10,0,1;43;63;197;232;241;243;256;341;355
1523,9,9,0,1;43;63;197;232;241;256;341;355
1524,9,9,0,1;43;63;197;232;241;256;341;355
1525,10,10,0,1;43;63;197;232;241;256;304;341;355
1526,11,10,1,1;43;63;197;232;241;256;304;341;355
1527,11,9,2,1;63;197;232;241;256;304;341;355
1528,12,9,3,1;63;197;232;241;256;304;341;355
1529,12,10,2,1;63;197;232;241;256;304;341;355;358
1530,11,11,0,1;63;197;232;241;256;286;304;341;355;358
1531,15,13,2,1;63;107;197;232;233;241;243;256;286;341;355;358
1532,14,13,1,1;63;107;197;232;233;241;243;256;286;341;355;358
1533,12,11,1,1;63;197;232;233;241;256;286;341;355;358
1534,14,11,3,1;63;197;232;233;241;256;286;341;355;358
1535,12,12,0,1;63;197;232;233;241;256;286;341;355;358;363
1536,12,11,1,1;63;197;232;233;241;256;286;341;355;358
1537,11,11,0,1;63;197;232;233;241;256;286;341;355;358
1538,11,11,0,1;63;197;232;233;241;256;286;341;355;358
1539,12,12,0,1;63;197;232;233;241;256;286;341;355;358;363
1540,12,12,0,1;63;197;232;233;241;256;286;341;355;358;363
1541,13,12,1,1;63;197;232;233;241;256;286;341;355;358;363
1542,13,13,0,1;63;107;197;232;233;241;256;286;341;355;358;363
1543,11,11,0,1;63;197;232;233;241;256;286;341;355;358
1544,12,12,0,1;63;197;232;233;241;256;286;341;355;358;363
1545,11,11,0,1;63;197;232;233;241;256;286;341;355;358
1546,14,11,3,1;63;107;197;232;233;241;256;341;355;358
1547,12,11,1,1;63;107;197;232;233;241;256;341;355;358
1548,15,13,2,1;17;63;107;197;232;233;256;286;341;355;358;363
1549,12,12,0,1;17;63;107;197;232;233;256;341;355;358;369
1550,12,12,0,1;17;63;107;197;232;233;256;341;355;358;369
1551,13,12,1,1;17;63;107;197;232;233;256;341;355;358;369
1552,12,11,1,1;63;107;197;232;233;256;341;355;358;369
1553,12,12,0,1;17;63;107;197;232;233;256;341;355;358;369
1554,11,11,0,1;17;63;107;197;232;256;341;355;358;369
1555,12,12,0,1;17;63;107;197;232;233;256;341;355;358;369
1556,10,10,0,1;17;63;107;197;232;256;341;355;358
1557,10,10,0,1;63;107;197;232;256;341;355;358;369
1558,10,10,0,1;17;63;107;197;232;256;341;355;358
1559,10,10,0,1;17;63;107;197;232;256;341;355;358
1560,11,11,0,1;17;63;107;197;232;233;256;341;355;358
1561,10,10,0,1;63;107;197;232;233;256;341;355;358
1562,12,11,1,1;63;107;197;232;233;243;256;341;355;358
1563,11,10,1,1;63;197;232;233;243;256;341;355;358
1564,10,9,1,1;63;197;232;243;256;341;355;358
1565,10,10,0,1;63;197;232;243;256;341;355;358;373
1566,11,11,0,1;63;107;197;232;256;286;341;355;358;373
1567,11,11,0,1;107;197;232;243;256;286;341;355;358;373
1568,10,10,0,1;63;107;197;232;256;341;355;358;373
1569,11,10,1,1;63;107;197;232;256;341;355;358;373
1570,11,10,1,1;63;107;197;232;256;341;355;358;373
1571,11,11,0,1;17;63;107;197;232;256;341;355;358;373
1572,11,10,1,1;63;107;197;232;256;341;355;358;373
1573,11,11,0,1;17;63;107;197;232;256;341;355;358;373
1574,11,11,0,1;17;63;107;197;232;256;341;355;358;373
1575,11,11,0,1;17;63;107;197;232;256;341;355;358;373
1576,11,11,0,1;17;63;107;197;232;256;341;355;358;373
1577,10,10,0,1;17;63;197;232;256;341;355;358;373
1578,11,11,0,1;17;63;197;232;233;256;341;355;358;373
1579,11,11,0,1;17;63;197;232;233;256;341;355;358;373
1580,13,13,0,1;17;63;107;197;232;233;243;256;341;355;358;373
1581,13,13,0,1;17;63;197;232;233;243;256;286;341;355;358;373
1582,13,13,0,1;17;63;197;232;233;243;256;286;341;355;358;373
1583,12,12,0,1;17;63;197;232;233;256;286;341;355;358;373
1584,11,11,0,1;17;63;197;232;233;256;341;355;358;373
1585,11,11,0,1;17;63;197;232;233;256;341;355;358;373
1586,12,12,0,1;3;17;63;197;232;233;243;256;341;355;358
1587,11,11,0,1;3;17;63;197;232;233;256;341;355;358
1588,12,12,0,1;3;17;63;197;232;233;243;256;341;355;358
1589,13,13,0,1;3;17;63;107;197;232;233;243;256;341;355;358
1590,9,9,0,1;3;17;63;197;232;256;341;358
1591,11,11,0,1;3;17;63;197;232;233;243;256;341;358
1592,12,10,2,1;3;17;63;197;232;243;256;341;358
1593,13,10,3,1;3;17;63;197;232;243;256;341;358
1594,9,8,1,1;3;17;63;197;232;256;358
1595,11,10,1,1;3;17;63;197;232;243;256;358;377
1596,12,11,1,1;3;17;63;107;197;232;243;256;358;377
1597,8,8,0,1;3;17;63;197;232;256;358
1598,9,9,0,1;3;17;63;197;232;256;355;358
1599,9,9,0,1;3;17;63;107;197;232;256;358
1600,13,11,2,1;3;17;63;107;197;232;233;256;355;358
1601,11,9,2,1;3;63;107;197;232;233;256;358
1602,10,9,1,1;3;63;107;197;232;233;256;358
1603,9,9,0,1;3;63;107;197;232;256;358;381
1604,9,9,0,1;3;63;107;197;232;256;358;381
1605,9,9,0,1;3;63;107;197;232;256;358;381
1606,9,9,0,1;3;63;197;232;256;355;358;381
1607,9,9,0,1;3;63;107;197;232;256;358;381
1608,8,8,0,1;3;63;197;232;256;358;381
1609,9,9,0,1;3;63;107;197;232;256;358;381
1610,8,8,0,1;3;63;197;232;256;358;381
1611,10,9,1,1;3;63;107;197;232;256;358;381
1612,9,9,0,1;3;63;107;197;232;256;358;381
1613,8,8,0,1;3;63;197;232;256;358;381
1614,9,9,0,1;3;63;107;197;232;256;358;381
1615,8,8,0,1;3;63;197;232;256;358;381
1616,9,9,0,1;3;17;63;197;232;256;358;381
1617,10,9,1,1;3;17;63;197;232;256;358;381
1618,11,11,0,1;3;17;63;107;197;232;243;256;358;381
1619,9,9,0,1;3;17;63;197;232;256;358;381
1620,9,9,0,1;3;17;63;197;232;256;358;381
1621,11,10,1,1;3;63;107;197;232;243;256;358;381
1622,11,11,0,1;3;63;107;197;232;243;256;358;363;381
1623,11,11,0,1;3;63;107;197;232;243;256;358;363;381
1624,10,10,0,1;3;63;107;197;232;256;286;358;381
1625,10,10,0,1;3;63;107;197;232;256;286;358;381
1626,10,10,0,1;3;63;107;197;232;256;286;358;381
1627,10,10,0,1;3;63;107;197;232;256;286;358;381
1628,10,10,0,1;3;63;107;197;232;256;286;358;381
1629,11,11,0,1;3;17;63;107;197;232;256;286;358;381
1630,11,11,0,1;3;17;63;107;197;232;256;286;358;381
1631,11,11,0,1;3;17;63;107;197;232;256;286;358;381
1632,11,11,0,1;3;17;63;107;197;232;256;286;358;381
1633,10,10,0,1;3;17;63;197;232;256;286;358;381
1634,11,11,0,1;3;17;63;107;197;232;256;286;358;381
1635,10,10,0,1;3;17;63;197;232;256;286;358;381
1636,11,11,0,1;3;17;63;197;232;256;286;304;358;381
1637,10,10,0,1;3;63;197;232;256;286;341;358;381
1638,10,10,0,1;3;63;197;232;256;286;341;358;381
1639,11,11,0,1;3;63;197;232;256;286;341;358;377;381
1640,11,11,0,1;3;63;197;232;256;286;341;358;377;381
1641,10,10,0,1;3;63;197;232;256;286;341;358;381
1642,9,9,0,1;3;63;197;232;256;286;358;381
1643,9,9,0,1;3;63;197;232;256;286;358;381
1644,9,9,0,1;3;63;197;232;256;286;358;381
1645,10,10,0,1;3;17;63;197;232;256;286;358;381
1646,10,10,0,1;3;17;63;197;232;256;286;358;381
1647,10,10,0,1;3;17;63;197;232;256;286;358;381
1648,10,10,0,1;3;17;63;197;232;256;286;358;381
1649,11,11,0,1;3;17;63;107;197;232;256;286;358;381
1650,12,12,0,1;3;17;63;107;197;232;256;286;358;363;381
1651,11,11,0,1;3;63;107;197;232;256;286;358;363;381
1652,12,11,1,1;3;63;107;197;232;256;286;358;363;381
1653,11,11,0,1;3;63;107;197;232;256;286;358;363;381
1654,11,11,0,1;3;63;107;197;232;256;286;358;363;381
1655,11,11,0,1;3;63;107;197;232;256;286;358;363;381
1656,11,11,0,1;3;63;107;197;232;256;286;358;363;381
1657,11,11,0,1;3;63;107;197;232;256;286;358;363;381
1658,11,11,0,1;3;63;107;197;232;256;286;358;363;381
1659,11,11,0,1;3;63;107;197;232;256;286;358;363;381
1660,11,11,0,1;3;63;107;197;232;256;286;358;363;381
1661,11,11,0,1;3;63;107;197;232;256;286;358;363;381
1662,11,11,0,1;3;63;107;197;232;256;286;358;363;381
1663,11,11,0,1;3;63;107;197;232;256;286;358;363;381
1664,11,11,0,1;3;63;107;197;232;256;286;358;363;381
1665,11,11,0,1;3;63;107;197;232;256;286;358;363;381
1666,11,11,0,1;3;63;107;197;232;256;286;358;363;381
1667,12,11,1,1;3;63;107;197;232;256;286;358;363;381
1668,12,11,1,1;3;63;107;197;232;256;286;358;363;381
1669,10,10,0,1;63;107;197;232;256;286;358;363;381
1670,10,10,0,1;63;107;197;232;256;286;358;363;381
1671,10,10,0,1;63;107;197;232;256;286;358;363;381
1672,10,10,0,1;63;107;197;232;256;286;358;363;381
1673,10,10,0,1;63;107;197;232;256;286;358;363;381
1674,11,11,0,1;63;107;197;232;233;256;286;358;363;381
1675,12,12,0,1;17;63;107;197;232;233;256;286;358;363;381
1676,12,12,0,1;17;63;107;197;232;233;256;286;358;363;381
1677,12,12,0,1;17;63;107;197;232;233;256;286;358;363;381
1678,12,12,0,1;17;63;107;197;232;233;256;286;358;363;381
1679,12,12,0,1;17;63;107;197;232;233;256;286;358;363;381
1680,12,12,0,1;17;63;107;197;232;233;256;286;358;363;381
1681,10,10,0,1;63;107;197;232;233;256;358;363;381
1682,11,11,0,1;63;107;197;232;233;256;286;358;363;381
1683,11,11,0,1;63;107;197;232;233;256;286;358;363;381
1684,13,12,1,1;63;107;197;232;233;243;256;286;358;363;381
1685,12,11,1,1;63;107;197;232;233;256;286;358;363;381
1686,12,11,1,1;63;107;197;232;233;256;286;358;363;381
1687,12,11,1,1;63;107;197;232;233;256;286;358;363;381
1688,12,11,1,1;63;107;197;232;233;256;286;358;363;381
1689,11,11,0,1;63;107;197;232;233;256;286;358;363;381
1690,12,12,0,1;17;63;107;197;232;233;256;286;358;363;381
1691,12,12,0,1;17;63;107;197;232;233;256;286;358;363;381
1692,11,11,0,1;17;63;197;232;233;256;286;358;363;381
1693,12,12,0,1;17;63;107;197;232;233;256;286;358;363;381
1694,12,12,0,1;17;63;107;197;232;233;256;286;358;363;381
1695,12,12,0,1;17;63;107;197;232;233;256;286;358;363;381
1696,11,11,0,1;63;107;197;232;233;256;286;358;363;381
1697,11,11,0,1;63;107;197;232;233;256;286;358;363;381
1698,10,10,0,1;63;197;232;233;256;286;358;363;381
1699,10,10,0,1;63;197;232;233;256;286;358;363;381
1700,8,8,0,1;63;197;232;233;256;358;363
1701,10,10,0,1;63;107;197;232;233;256;358;363;381
1702,11,10,1,1;63;107;197;232;233;256;358;363;381
1703,10,10,0,1;63;107;197;232;233;256;358;363;381
1704,10,10,0,1;63;107;197;232;233;256;358;363;381
1705,10,10,0,1;63;107;197;232;233;256;358;363;381
1706,10,10,0,1;63;107;197;232;233;256;358;363;381
1707,12,11,1,1;17;63;107;197;232;233;256;358;363;381
1708,11,11,0,1;17;63;107;197;232;233;256;358;363;381
1709,11,11,0,1;17;63;107;197;232;233;256;358;363;381
1710,11,11,0,1;17;63;107;197;232;233;256;358;363;381
1711,9,9,0,1;17;63;197;232;233;256;358;381
1712,10,10,0,1;17;63;107;197;232;233;256;358;381
1713,10,10,0,1;17;63;107;197;232;233;256;358;381
1714,12,11,1,1;17;63;107;197;232;233;256;358;363;381
1715,10,10,0,1;17;63;107;197;232;233;256;358;381
1716,10,10,0,1;17;63;107;197;232;233;256;358;381
1717,10,10,0,1;17;63;107;197;232;233;256;358;381
1718,10,10,0,1;17;63;107;197;232;233;256;358;381
1719,10,10,0,1;17;63;107;197;232;233;256;358;381
1720,11,11,0,1;17;63;107;197;232;233;256;358;363;381
1721,11,11,0,1;17;63;107;197;232;233;256;358;363;381
1722,11,11,0,1;17;63;107;197;232;233;256;358;363;381
1723,12,11,1,1;17;63;107;197;232;233;256;358;363;381
1724,11,11,0,1;17;63;107;197;232;233;256;358;363;381
1725,12,11,1,1;17;63;107;197;232;233;256;358;363;381
1726,10,10,0,1;63;107;197;232;233;256;358;363;381
1727,10,10,0,1;63;107;197;232;233;256;286;358;381
1728,10,10,0,1;63;107;197;232;233;256;286;358;381
1729,9,9,0,1;63;107;197;232;233;256;358;381
1730,9,9,0,1;63;107;197;232;233;256;358;381
1731,9,9,0,1;63;107;197;232;233;256;358;381
1732,11,11,0,1;63;107;197;232;233;256;286;358;363;381
1733,11,11,0,1;63;107;197;232;233;256;286;358;363;381
1734,11,11,0,1;17;63;107;197;232;233;256;358;363;381
1735,11,11,0,1;17;63;107;197;232;233;256;358;363;381
1736,12,12,0,1;17;63;107;197;232;233;256;286;358;363;381
1737,12,12,0,1;17;63;107;197;232;233;256;286;358;363;381
1738,11,11,0,1;17;63;107;197;232;233;256;286;358;381
1739,11,11,0,1;17;63;107;197;232;233;256;286;358;381
1740,11,11,0,1;17;63;107;197;232;233;256;286;358;381
1741,9,9,0,1;17;63;197;232;233;256;358;381
1742,9,9,0,1;17;63;197;232;233;256;358;381
1743,9,9,0,1;17;63;197;232;233;256;358;381
1744,9,9,0,1;17;63;197;232;233;256;358;381
1745,9,9,0,1;17;63;197;232;233;256;358;381
1746,9,9,0,1;17;63;197;232;233;256;358;381
1747,10,10,0,1;17;63;107;197;232;233;256;358;381
1748,11,9,2,1;17;63;107;197;232;233;256;358
1749,9,9,0,1;17;63;107;197;232;233;256;358
1750,9,9,0,1;17;63;107;197;232;233;256;358
1751,9,9,0,1;17;63;107;197;232;233;256;358
1752,9,9,0,1;17;63;107;197;232;233;256;358
1753,8,8,0,1;17;63;197;232;233;256;358
1754,11,9,2,1;17;63;107;197;232;233;256;358
1755,11,9,2,1;17;63;107;197;232;233;256;358
1756,10,9,1,1;17;63;107;197;232;233;256;358
1757,8,8,0,1;63;197;232;233;256;358;397
1758,7,7,0,1;63;197;232;256;358;397
1759,7,7,0,1;63;197;232;256;358;397
1760,13,11,2,1;17;63;107;197;232;233;243;256;358;397
1761,10,9,1,1;17;63;197;232;233;256;358;397
1762,10,9,1,1;17;63;197;232;233;256;358;397
1763,10,10,0,1;17;63;107;197;232;233;256;358;399
1764,11,10,1,1;17;63;107;197;232;233;256;358;399
1765,11,11,0,1;17;63;107;197;232;233;256;286;358;399
1766,10,10,0,1;17;63;197;232;233;256;286;358;399
1767,11,11,0,1;17;63;197;232;233;256;286;358;363;399
1768,11,10,1,1;17;63;197;232;233;256;286;358;399
1769,9,9,0,1;17;63;197;232;256;286;358;399
1770,10,9,1,1;17;63;197;232;256;286;358;399
1771,8,8,0,1;63;197;232;256;286;358;399
1772,8,8,0,1;63;197;232;256;286;358;399
1773,8,8,0,1;63;197;232;256;286;358;399
1774,8,8,0,1;63;197;232;256;286;358;399
1775,10,8,2,1;63;197;232;256;286;358;399
1776,8,8,0,1;63;197;232;256;286;358;399
1777,8,8,0,1;63;197;232;256;286;358;399
1778,8,8,0,1;63;197;232;256;286;358;399
1779,10,10,0,1;17;63;197;232;233;256;286;358;399
1780,9,9,0,1;17;63;197;232;256;286;358;399
1781,10,10,0,1;17;63;197;232;233;256;286;358;399
1782,9,9,0,1;17;63;197;232;256;286;358;399
1783,9,9,0,1;17;63;197;232;256;286;358;399
1784,11,9,2,1;17;63;197;232;256;286;358;399
1785,11,9,2,1;17;63;197;232;256;286;358;399
1786,12,10,2,1;17;63;197;232;233;256;286;358;399
1787,10,10,0,1;17;63;197;232;233;256;286;358;399
1788,10,10,0,1;17;63;197;232;233;256;286;358;399
1789,11,10,1,1;17;63;197;232;233;256;286;358;399
1790,10,10,0,1;17;63;197;232;233;256;286;358;399
1791,11,10,1,1;17;63;197;232;233;256;286;358;399
1792,10,9,1,1;17;63;197;232;233;256;286;358
1793,10,9,1,1;17;63;197;232;233;256;286;358
1794,10,10,0,1;17;63;197;232;233;256;286;358;411
1795,10,10,0,1;17;63;197;232;233;256;286;358;411
1796,9,9,0,1;17;63;197;232;233;256;286;358
1797,9,9,0,1;17;63;197;232;233;256;286;358
1798,9,9,0,1;17;63;197;232;233;256;286;358
1799,9,9,0,1;17;63;197;232;233;256;286;358
1800,9,9,0,1;17;63;197;232;233;256;286;358
1801,8,8,0,1;63;107;197;232;233;256;358
1802,8,7,1,1;63;107;197;232;256;358
1803,10,9,1,1;63;107;197;232;233;256;286;358
1804,10,9,1,1;63;107;197;232;233;256;286;358
1805,12,9,3,1;63;107;197;232;233;256;286;358
1806,10,9,1,1;63;107;197;232;233;256;286;358
1807,10,8,2,1;63;107;197;232;233;256;358
1808,10,8,2,1;63;107;197;232;233;256;358
1809,11,9,2,1;63;107;197;232;233;256;286;358
1810,10,10,0,1;17;63;107;197;232;233;256;358;417
1811,10,10,0,1;17;63;107;197;232;233;256;358;417
1812,10,10,0,1;17;63;107;197;232;233;256;358;417
1813,12,10,2,1;17;107;197;232;233;243;256;358;417
1814,12,9,3,1;17;197;232;233;243;256;358;417
1815,10,9,1,1;17;197;232;233;243;256;358;417
1816,11,10,1,1;63;197;232;233;256;286;358;417;419
1817,10,9,1,1;63;232;233;256;286;358;417;419
1818,10,9,1,1;63;232;233;243;256;358;417;419
1819,11,11,0,1;63;232;233;243;256;286;358;417;419;422
1820,9,9,0,1;63;232;233;256;358;417;419;422
1821,8,8,0,1;63;232;233;256;358;417;419
1822,9,8,1,1;63;232;233;256;358;417;419
1823,9,8,1,1;63;232;233;256;358;417;419
1824,9,8,1,1;63;232;233;256;358;417;419
1825,9,9,0,1;63;232;233;256;358;417;419;423
1826,10,9,1,1;63;232;233;256;358;417;419;423
1827,11,10,1,1;17;63;232;233;256;358;417;419;423
1828,9,9,0,1;63;232;233;256;358;417;419;423
1829,11,10,1,1;17;63;232;233;256;358;417;419;423
1830,10,9,1,1;63;232;233;256;358;417;419;423
1831,9,9,0,1;63;232;233;256;286;358;419;423
1832,11,10,1,1;63;232;233;256;286;358;417;419;423
1833,12,11,1,1;63;107;232;233;256;286;358;417;419;423
1834,10,9,1,1;63;232;233;256;358;417;419;423
1835,12,11,1,1;63;107;232;233;256;358;417;419;423;426
1836,12,11,1,1;63;107;232;233;256;358;417;419;423;426
1837,9,8,1,1;63;232;233;256;358;419;423
1838,10,9,1,1;63;232;233;256;358;419;423;426
1839,11,10,1,1;17;63;232;233;256;358;419;423;426
1840,11,11,0,1;17;63;107;232;233;256;358;419;423;426
1841,11,11,0,1;17;63;232;233;256;286;358;419;423;426
1842,12,11,1,1;17;63;232;233;256;286;358;419;423;426
1843,11,11,0,1;17;63;232;233;256;286;358;419;423;426
1844,15,11,4,1;17;63;232;233;256;286;358;419;423;426
1845,12,11,1,1;17;63;107;232;233;256;286;358;419;426
1846,11,10,1,1;17;63;232;233;256;286;358;419;426
1847,11,11,0,1;17;63;232;233;256;286;358;419;426;430
1848,11,11,0,1;17;63;232;233;256;286;358;419;426;430
1849,13,12,1,1;17;63;107;232;233;256;286;358;381;426;430
1850,13,12,1,1;17;63;107;232;233;256;286;358;419;426;430
1851,13,12,1,1;17;63;107;197;232;233;256;358;419;426;430
1852,16,16,0,1;17;63;107;197;232;233;243;256;286;358;417;419;426;430;434
1853,13,12,1,1;17;63;107;232;233;256;286;358;419;426;430
1854,10,10,0,1;17;63;107;232;233;256;358;419;426
1855,11,11,0,1;17;63;107;232;233;256;358;419;426;434
1856,10,10,0,1;17;63;232;233;256;358;419;426;434
1857,10,10,0,1;17;63;232;233;256;358;419;426;434
1858,9,9,0,1;17;63;232;233;256;358;419;426
1859,11,11,0,1;17;63;232;233;256;358;397;419;426;434
1860,11,11,0,1;17;63;232;233;256;358;397;419;426;434
1861,11,11,0,1;17;63;232;233;256;286;358;397;419;426
1862,11,11,0,1;17;63;232;233;256;286;358;397;419;426
1863,13,12,1,1;17;63;232;233;256;286;358;397;419;426;434
1864,12,12,0,1;17;63;232;233;256;286;358;397;419;426;434
1865,11,11,0,1;17;63;232;233;256;286;358;397;419;426
1866,11,11,0,1;17;63;232;233;256;286;358;397;419;426
1867,11,11,0,1;17;63;232;233;256;286;358;397;419;426
1868,10,9,1,1;17;63;233;256;286;358;397;426
1869,14,10,4,1;17;63;107;233;256;286;358;397;426
1870,11,9,2,1;63;107;233;256;286;358;397;426
1871,13,11,2,1;17;63;107;232;233;256;286;358;397;426
1872,11,10,1,1;17;63;107;233;256;286;358;397;426
1873,11,10,1,1;17;63;107;233;256;286;358;397;426
1874,11,11,0,1;17;63;107;233;256;286;358;397;426;442
1875,12,12,0,1;17;63;107;232;233;256;286;358;397;426;442
1876,11,11,0,1;17;63;232;233;256;286;358;397;426;442
1877,10,10,0,1;63;232;233;256;286;358;397;426;442
1878,11,11,0,1;63;107;232;233;256;286;358;397;426;442
1879,10,10,0,1;63;107;233;256;286;358;397;426;442
1880,12,12,0,1;17;63;107;232;233;256;286;358;397;426;442
1881,10,10,0,1;63;232;233;256;286;358;397;426;442
1882,11,11,0,1;63;107;232;233;256;286;358;397;426;442
1883,10,9,1,1;63;232;233;286;358;397;426;442
1884,11,11,0,1;17;63;107;232;233;286;358;397;426;442
1885,11,11,0,1;17;63;107;232;233;286;358;397;426;442
1886,11,11,0,1;17;63;107;232;233;286;358;397;426;442
1887,12,11,1,1;17;63;107;232;233;286;358;397;426;442
1888,14,12,2,1;17;63;107;232;233;256;286;358;397;426;442
1889,12,12,0,1;17;63;107;232;233;256;286;358;397;426;442
1890,12,11,1,1;17;63;107;232;233;256;358;397;426;442
1891,11,10,1,1;17;63;232;233;256;358;397;426;442
1892,12,11,1,1;17;63;107;232;233;256;358;397;426;442
1893,14,12,2,1;17;63;107;232;233;243;256;358;397;426;442
1894,14,12,2,1;17;63;107;232;233;243;256;358;397;426;442
1895,13,11,2,1;17;63;232;233;243;256;358;397;426;442
1896,14,10,4,1;17;63;232;233;243;256;358;397;426
1897,16,13,3,1;17;63;107;232;233;243;256;286;358;397;426;442
1898,12,11,1,1;17;63;232;233;243;256;358;397;426;442
1899,13,13,0,1;17;63;232;233;243;256;286;358;397;426;442;455
1900,14,13,1,1;17;63;107;232;233;256;286;358;397;426;442;455
1901,14,14,0,1;17;63;107;232;233;256;286;358;397;417;434;442;455
1902,11,11,0,1;17;63;107;233;256;286;358;397;442;455
1903,12,12,0,1;17;63;107;232;233;256;286;358;397;442;455
1904,15,12,3,1;17;63;107;232;233;256;286;358;397;442;455
1905,14,12,2,1;17;63;107;232;233;256;286;358;397;442;455
1906,12,12,0,1;63;232;233;256;286;358;397;417;426;442;455
1907,11,10,1,1;63;232;233;256;286;358;397;442;455
1908,11,9,2,1;63;232;233;256;286;358;397;442
1909,12,11,1,1;63;107;232;233;256;286;358;397;417;442
1910,12,12,0,1;63;107;232;233;256;286;358;397;426;442;462
1911,14,13,1,1;63;107;232;233;256;286;358;397;417;426;442;462
1912,14,13,1,1;63;107;232;233;256;286;358;397;417;426;442;462
1913,14,13,1,1;63;107;232;233;256;286;358;397;417;426;442;462
1914,13,13,0,1;63;107;232;233;256;286;358;397;417;426;442;462
1915,12,12,0,1;63;107;232;233;256;286;358;397;426;442;462
1916,12,12,0,1;63;107;232;233;256;286;358;397;426;442;462
1917,11,11,0,1;63;232;233;256;286;358;397;426;442;462
1918,12,12,0,1;63;232;233;256;286;358;397;417;426;442;462
1919,11,11,0,1;63;232;233;256;286;358;397;426;442;462
1920,11,11,0,1;63;232;233;256;286;358;397;426;442;462
1921,11,11,0,1;63;232;233;256;286;358;397;426;442;462
1922,10,10,0,1;63;232;233;256;286;358;397;426;442
1923,12,11,1,1;17;63;232;233;256;286;358;397;426;442
1924,12,11,1,1;63;232;233;256;286;358;397;417;426;442
1925,11,11,0,1;63;232;233;256;286;358;397;417;426;442
1926,11,11,0,1;63;232;233;256;286;358;397;426;442;462
1927,11,11,0,1;63;232;233;256;286;358;397;426;442;462
1928,13,10,3,1;63;232;233;256;286;358;397;426;442
1929,12,10,2,1;63;232;233;256;286;358;397;426;442
1930,13,11,2,1;63;232;233;256;286;358;397;417;426;442
1931,13,13,0,1;63;232;233;256;286;358;397;417;426;442;467;469
1932,12,12,0,1;63;232;233;256;286;358;397;417;426;442;469
1933,12,12,0,1;63;232;233;256;286;358;397;426;442;467;469
1934,13,11,2,1;63;232;233;256;286;358;397;426;442;469
1935,10,10,0,1;63;232;233;256;286;358;397;426;442
1936,10,10,0,1;63;232;233;256;286;358;397;426;442
1937,10,10,0,1;63;232;233;256;286;358;397;426;442
1938,11,10,1,1;63;232;233;256;286;358;397;426;442
1939,14,11,3,1;63;107;232;233;256;286;358;397;426;442
1940,12,11,1,1;63;107;232;233;256;286;358;397;426;442
1941,13,11,2,1;63;107;232;233;256;286;358;397;426;442
1942,13,11,2,1;63;107;232;233;256;286;358;397;426;442
1943,15,13,2,1;17;63;107;232;233;243;256;286;358;397;426;475
1944,14,12,2,1;17;63;107;232;233;243;256;286;358;397;426
1945,13,12,1,1;17;63;107;232;233;256;286;358;397;426;477
1946,14,14,0,1;17;63;107;232;233;243;256;286;358;397;426;477;478
1947,13,13,0,1;17;63;107;232;233;256;286;358;397;426;477;478
1948,13,13,0,1;17;63;107;232;233;243;256;286;358;397;426;477
1949,13,13,0,1;63;107;232;233;243;256;286;358;397;426;477;478
1950,13,13,0,1;17;63;107;232;233;243;256;358;397;426;477;478
1951,12,11,1,1;63;107;232;233;243;256;358;397;426;477
1952,13,13,0,1;63;107;232;233;243;256;286;358;397;426;477;478
1953,12,12,0,1;63;107;232;233;243;256;358;397;426;477;478
1954,13,13,0,1;17;63;107;232;233;243;256;358;397;426;477;478
1955,15,14,1,1;17;63;107;232;233;243;256;286;358;397;426;477;478
1956,14,13,1,1;17;63;107;232;233;243;256;358;397;426;477;478
1957,14,13,1,1;17;63;107;232;233;243;256;358;397;426;477;478
1958,13,13,0,1;17;63;107;232;233;243;256;358;397;426;477;478
1959,11,11,0,1;63;232;233;243;256;286;358;397;426;477
1960,13,13,0,1;17;63;232;233;243;256;286;358;397;426;477;478
1961,11,11,0,1;63;232;233;243;256;286;358;397;426;477
1962,12,12,0,1;63;232;233;243;256;286;358;397;426;477;478
1963,13,12,1,1;63;232;233;243;256;286;358;397;426;477;478
1964,16,13,3,1;63;107;232;233;243;256;286;358;397;426;477;478
1965,14,13,1,1;63;107;232;233;243;256;286;358;397;426;477;478
1966,15,13,2,1;63;107;232;233;243;256;286;358;397;426;477;478
1967,16,14,2,1;63;107;232;233;243;256;286;358;397;426;477;478;483
1968,14,13,1,1;63;232;233;243;256;286;358;397;426;477;478;483
1969,13,13,0,1;63;232;233;243;256;286;358;397;426;477;478;484
1970,15,13,2,1;63;232;233;243;256;286;358;397;426;477;478;484
1971,14,13,1,1;63;232;233;243;256;286;358;397;426;477;478;484
1972,15,14,1,1;63;107;232;233;243;256;286;358;397;426;477;478;484
1973,15,15,0,1;63;107;232;233;243;256;286;358;397;426;477;478;483;484
1974,14,14,0,1;63;107;232;233;256;286;358;397;426;477;478;483;484
1975,13,13,0,1;63;107;232;233;256;358;397;426;477;478;483;484
1976,13,13,0,1;63;107;232;233;256;358;397;426;477;478;483;484
1977,13,13,0,1;63;107;232;233;256;358;397;426;477;478;483;484
1978,13,13,0,1;17;63;107;232;233;256;286;358;397;426;477;478
1979,13,13,0,1;17;63;107;232;233;256;286;358;397;426;477;478
1980,12,12,0,1;63;107;232;233;256;286;358;397;426;477;478
1981,13,13,0,1;63;107;232;233;256;286;358;397;426;477;478;484
1982,13,13,0,1;63;107;232;233;256;286;358;397;426;477;478;484
1983,13,13,0,1;17;63;232;233;256;286;358;397;426;477;478;484
1984,13,13,0,1;17;63;232;233;256;286;358;397;426;477;478;484
1985,13,13,0,1;17;63;232;233;256;286;358;397;426;477;478;484
1986,13,13,0,1;63;107;232;233;256;286;358;397;426;477;478;484
1987,13,13,0,1;63;232;233;256;286;358;397;426;477;478;483;484
1988,14,14,0,1;63;107;232;233;256;286;358;397;426;477;478;483;484
1989,12,12,0,1;63;107;232;233;256;286;358;397;426;477;478
1990,13,13,0,1;63;107;232;233;256;286;358;397;426;477;478;484
1991,12,12,0,1;63;107;232;233;256;286;358;397;426;477;478
1992,12,12,0,1;63;107;232;233;256;286;358;397;426;477;478
1993,12,12,0,1;63;107;232;233;256;286;358;397;426;477;478
1994,13,12,1,1;63;107;232;233;256;286;358;397;426;477;478
1995,13,12,1,1;63;107;232;233;286;358;397;426;477;478;483
1996,13,12,1,1;63;232;233;286;358;397;417;426;477;478;483
1997,11,10,1,1;63;232;233;286;358;397;426;477;478
1998,9,9,0,1;63;233;358;397;426;477;478;489
1999,11,11,0,1;63;232;233;286;358;397;426;477;478;489
2000,11,11,0,1;17;63;233;286;358;397;426;477;478;489
2001,9,9,0,1;17;63;233;286;358;397;477;489
2002,11,10,1,1;17;63;232;233;286;358;397;477;489
2003,9,9,0,1;17;63;233;286;358;397;477;489
2004,9,9,0,1;17;63;233;286;358;397;477;489
2005,11,10,1,1;17;63;232;233;286;358;397;477;489
2006,8,8,0,1;63;107;233;286;358;397;477
2007,7,7,0,1;63;233;286;358;397;477
2008,9,7,2,1;63;233;286;397;426;477
2009,8,8,0,1;63;233;286;358;397;426;477
2010,8,8,0,1;63;233;286;358;397;426;477
2011,10,9,1,1;17;63;233;286;358;397;426;477
2012,11,9,2,1;17;63;233;286;358;397;426;477
2013,10,10,0,1;17;63;233;256;286;358;397;426;477
2014,10,10,0,1;17;63;233;256;286;358;397;426;477
2015,10,10,0,1;17;63;233;256;286;358;397;426;477
2016,9,9,0,1;17;63;233;286;358;397;426;477
2017,10,9,1,1;17;63;233;286;358;397;426;477
2018,10,9,1,1;17;63;233;286;358;397;426;477
2019,10,9,1,1;17;63;233;286;358;397;426;477
2020,10,10,0,1;17;63;233;286;358;397;426;477;496
2021,10,10,0,1;17;63;233;286;358;397;426;477;496
2022,11,10,1,1;17;63;233;286;358;397;426;477;496
2023,11,11,0,1;17;63;233;243;286;358;397;426;477;496
2024,10,10,0,1;17;63;233;286;358;397;426;477;496
2025,10,10,0,1;17;63;233;286;358;397;426;477;496
2026,14,13,1,1;17;63;232;233;243;286;358;397;426;477;484;496
2027,12,12,0,1;17;63;232;233;286;358;397;426;477;484;496
2028,10,10,0,1;17;63;233;286;358;397;426;477;496
2029,10,10,0,1;17;63;233;286;358;397;426;477;496
2030,10,10,0,1;17;63;233;286;358;397;426;477;496
2031,11,11,0,1;17;63;233;286;358;397;426;477;484;496
2032,11,11,0,1;17;63;233;286;358;397;426;477;484;496
2033,10,10,0,1;17;63;233;286;358;397;426;477;496
2034,10,10,0,1;17;63;233;286;358;397;426;477;496
2035,10,10,0,1;17;63;233;286;358;397;426;477;496
2036,9,9,0,1;17;63;233;286;358;397;426;477
2037,11,9,2,1;17;63;233;286;358;397;426;477
2038,12,9,3,1;17;63;233;286;358;397;426;477
2039,11,8,3,1;17;63;233;243;358;426;477
2040,10,9,1,1;17;63;233;243;358;417;426;477
2041,11,11,0,1;63;232;233;243;286;358;417;426;477;502
2042,14,13,1,1;17;63;232;233;243;286;358;417;426;477;496;502
2043,15,13,2,1;17;63;107;232;233;243;358;417;426;477;496;502
2044,13,12,1,1;17;63;232;233;243;286;358;417;426;477;502
2045,14,12,2,1;17;63;232;233;243;286;358;417;426;477;502
2046,13,11,2,1;17;63;232;233;286;358;426;477;502;505
2047,14,12,2,1;17;63;232;233;286;358;426;477;496;502;505
2048,12,12,0,1;17;63;107;232;233;286;358;426;477;496;502
2049,9,9,0,1;17;63;232;233;286;358;426;477
2050,11,10,1,1;17;63;232;233;286;358;426;477;502
2051,11,10,1,1;17;63;232;233;286;358;426;477;502
2052,11,11,0,1;17;63;232;233;286;358;417;426;477;502
2053,11,11,0,1;17;63;232;233;286;358;426;477;496;502
2054,11,11,0,1;17;63;232;233;286;358;426;477;496;502
2055,10,10,0,1;17;63;232;233;286;358;426;477;502
2056,10,10,0,1;63;232;233;286;358;417;426;477;502
2057,10,10,0,1;63;232;233;286;358;417;426;477;502
2058,11,10,1,1;63;232;233;286;358;417;426;477;502
2059,10,10,0,1;63;232;233;286;358;417;426;477;502
2060,12,10,2,1;63;232;233;286;358;417;426;477;502
2061,10,10,0,1;63;232;233;286;358;417;426;477;502
2062,10,10,0,1;63;232;233;286;358;417;426;477;502
2063,10,10,0,1;63;232;233;286;358;417;426;477;502
2064,11,11,0,1;17;63;232;233;286;358;417;426;477;502
2065,11,11,0,1;17;63;232;233;286;358;417;426;477;502
2066,11,11,0,1;17;63;232;233;286;358;417;426;477;502
2067,11,11,0,1;17;63;232;233;286;358;417;426;477;502
2068,12,11,1,1;17;63;232;233;286;358;417;426;477;502
2069,9,9,0,1;17;63;232;233;286;358;477;502
2070,11,9,2,1;17;63;232;233;286;358;477;502
2071,10,9,1,1;63;232;233;286;358;397;477;502
2072,10,9,1,1;17;63;232;233;286;358;477;502
2073,11,10,1,1;17;63;232;233;286;358;477;502;514
2074,11,10,1,1;17;63;232;233;286;358;477;502;514
2075,12,10,2,1;17;63;232;233;286;358;477;502;514
2076,10,10,0,1;17;63;232;233;286;358;477;502;514
2077,10,8,2,1;17;63;232;286;358;477;502
2078,10,8,2,1;17;63;232;286;358;477;502
2079,10,8,2,1;17;63;232;286;358;477;502
2080,10,9,1,1;17;63;232;286;358;477;518;519
2081,9,8,1,1;17;63;232;286;358;477;518
2082,9,9,0,1;17;63;232;286;358;477;502;518
2083,11,8,3,1;17;63;232;286;477;502;518
2084,9,8,1,1;17;63;232;286;477;502;518
2085,10,8,2,1;17;63;232;286;477;502;518
2086,13,10,3,1;17;63;232;286;477;502;518;519;522
2087,9,9,0,1;17;63;286;477;502;518;519;522
2088,9,9,0,1;17;63;286;477;502;518;519;522
2089,11,10,1,1;17;63;232;286;477;502;518;519;522
2090,10,9,1,1;17;63;286;477;502;518;519;522
2091,9,9,0,1;17;63;286;477;502;518;519;522
2092,11,10,1,1;17;63;286;417;477;502;518;519;522
2093,10,10,0,1;17;63;286;417;477;502;518;519;522
2094,11,10,1,1;17;63;286;417;477;502;518;519;522
2095,12,10,2,1;17;63;286;417;477;502;518;519;522
2096,12,11,1,1;17;63;232;286;417;477;502;518;519;522
2097,12,12,0,1;17;63;232;286;417;477;502;518;519;522;530
2098,11,11,0,1;17;63;286;417;477;502;518;519;522;530
2099,11,11,0,1;17;63;286;417;477;502;518;519;522;530
2100,11,10,1,1;17;63;286;358;417;502;518;519;530
2101,11,10,1,1;17;63;286;358;417;502;518;519;530
2102,11,10,1,1;17;63;286;358;417;502;518;519;530
2103,12,11,1,1;17;63;286;358;417;502;518;519;530;532
2104,11,11,0,1;17;63;286;358;417;502;518;519;530;532
2105,12,10,2,1;17;63;286;358;417;502;518;530;532
2106,10,9,1,1;17;63;286;358;417;502;518;532
2107,10,9,1,1;17;63;286;358;417;502;518;532
2108,10,10,0,1;17;63;286;358;417;502;518;532;534
2109,11,11,0,1;17;63;286;358;417;502;518;519;532;534
2110,10,10,0,1;17;63;286;358;502;518;519;532;534
2111,9,9,0,1;17;63;286;358;502;518;532;534
2112,10,9,1,1;17;63;286;358;502;518;532;534
2113,9,9,0,1;17;63;286;358;502;518;532;534
2114,10,9,1,1;17;63;286;358;502;518;532;534
2115,11,10,1,1;17;63;286;358;502;518;530;532;534
2116,9,8,1,1;63;286;358;502;518;532;534
2117,9,9,0,1;63;286;358;489;518;532;534;537
2118,9,9,0,1;63;286;358;489;518;532;534;537
2119,9,9,0,1;63;286;358;489;518;532;534;537
2120,9,8,1,1;63;286;358;489;518;532;534
2121,9,8,1,1;63;286;358;489;518;532;534
2122,9,8,1,1;63;286;358;489;518;532;534
2123,10,10,0,1;63;107;286;358;489;518;532;534;538
2124,9,9,0,1;63;286;358;489;518;532;534;538
2125,11,11,0,1;17;63;286;358;489;518;532;534;537;538
2126,11,11,0,1;17;63;286;358;489;518;532;534;537;538
2127,10,10,0,1;17;63;286;358;489;518;532;534;537
2128,10,10,0,1;17;63;286;358;489;518;532;534;537
2129,11,10,1,1;17;63;286;358;489;518;532;534;537
2130,10,10,0,1;17;63;286;358;489;518;532;534;537
2131,10,9,1,1;63;286;358;489;518;532;534;537
2132,10,9,1,1;63;286;358;489;518;532;534;537
2133,10,9,1,1;63;286;358;489;518;532;534;537
2134,10,10,0,1;63;286;358;489;518;532;534;537;540
2135,9,9,0,1;63;286;358;489;518;532;534;537
2136,10,10,0,1;63;286;358;426;489;518;532;534;537
2137,10,10,0,1;63;286;358;426;489;518;532;534;537
2138,11,10,1,1;63;286;358;426;489;518;532;534;537
2139,9,9,0,1;63;286;358;489;518;532;534;537
2140,9,9,0,1;63;286;358;489;518;532;534;537
2141,9,9,0,1;63;286;358;489;518;532;534;537
2142,9,9,0,1;63;286;358;489;518;532;534;537
2143,9,8,1,1;63;286;489;518;532;534;537
2144,8,8,0,1;63;286;489;518;532;534;537
2145,12,10,2,1;17;63;286;426;489;518;532;534;537
2146,10,9,1,1;63;286;426;489;518;532;534;537
2147,12,10,2,1;63;286;358;426;489;518;532;534;537
2148,12,9,3,1;63;286;426;489;518;532;534;537
2149,12,10,2,1;63;107;286;426;489;518;532;534;537
2150,12,10,2,1;63;286;426;489;518;532;534;537;545
2151,14,11,3,1;63;286;417;426;489;518;532;534;537;545
2152,13,10,3,1;63;286;358;489;518;532;534;537;545
2153,14,11,3,1;63;286;358;489;518;532;534;537;545;549
2154,12,11,1,1;63;286;358;489;518;532;534;537;545;549
2155,15,14,1,1;63;107;286;358;417;426;489;518;532;534;537;545;549
2156,13,12,1,1;63;286;358;417;489;518;532;534;537;545;549
2157,14,12,2,1;63;107;286;358;417;489;518;532;534;537;549
2158,14,13,1,1;63;107;286;358;417;489;518;532;534;537;549;553
2159,16,14,2,1;63;107;286;358;397;417;489;518;532;534;537;549;553
2160,15,15,0,1;63;107;286;358;397;417;426;489;518;532;534;537;549;553
2161,14,12,2,1;63;286;397;417;489;518;532;534;537;549;553
2162,14,13,1,1;17;63;286;397;417;489;518;532;534;537;549;553
2163,14,13,1,1;17;63;232;286;417;489;518;532;534;537;549;553
2164,13,13,0,1;17;63;232;286;417;489;518;532;534;537;549;553
2165,13,13,0,1;17;63;232;286;417;489;518;532;534;537;549;553
2166,12,12,0,1;17;63;286;417;489;518;532;534;537;549;553
2167,13,12,1,1;17;63;286;417;489;518;532;534;537;549;553
2168,14,12,2,1;17;63;286;417;489;518;532;534;537;549;553
2169,15,12,3,1;17;63;286;417;489;518;532;534;537;549;553
2170,15,14,1,1;17;63;286;358;417;489;518;532;534;537;549;553;560
2171,15,15,0,1;17;63;286;358;417;489;518;532;534;537;549;553;560;561
2172,17,15,2,1;17;63;286;358;417;489;518;532;534;537;549;553;560;561
2173,20,16,4,1;17;63;286;358;417;426;489;518;532;534;537;549;553;560;561
2174,18,16,2,1;17;63;286;358;417;426;489;518;532;534;537;549;553;560;561
2175,15,14,1,1;63;286;358;417;426;489;518;532;534;537;549;553;560
2176,13,13,0,1;63;286;417;489;518;532;534;537;549;553;560;567
2177,12,12,0,1;63;286;417;489;518;532;534;537;549;553;567
2178,13,13,0,1;63;286;417;489;518;532;534;537;549;553;561;567
2179,12,12,0,1;63;286;417;489;518;532;534;537;549;553;561
2180,13,12,1,1;63;286;417;489;518;532;534;537;549;553;561
2181,13,12,1,1;63;286;417;489;518;532;534;537;549;553;561
2182,13,13,0,1;63;286;358;417;489;518;532;537;549;553;561;567
2183,14,13,1,1;17;63;286;358;417;489;518;532;537;549;553;561
2184,14,13,1,1;63;286;358;417;489;518;532;537;549;553;561;567
2185,15,14,1,1;17;63;286;417;489;518;532;534;537;549;553;561;567
2186,15,15,0,1;17;63;286;417;489;518;532;534;537;549;553;561;567;570
2187,15,15,0,1;17;63;286;417;489;518;532;534;537;549;553;561;567;570
2188,14,14,0,1;17;63;286;417;489;518;532;534;537;549;553;567;570
2189,14,14,0,1;17;63;286;417;489;518;532;534;537;549;553;567;570
2190,15,14,1,1;17;63;286;417;489;518;532;534;537;549;553;567;570
2191,18,15,3,1;17;63;286;358;417;489;518;532;534;537;549;553;567;570
2192,15,15,0,1;17;63;286;358;417;426;489;518;532;534;537;549;553;570
2193,17,16,1,1;17;63;286;358;417;426;489;518;532;534;537;549;553;567;570
2194,17,15,2,1;17;63;286;358;417;426;489;518;532;534;537;549;553;567
2195,16,15,1,1;17;63;286;358;426;489;502;518;532;534;537;549;553;561
2196,15,15,0,1;17;63;286;358;426;489;502;518;532;534;537;549;553;570
2197,14,14,0,1;17;63;286;358;426;489;502;518;532;534;537;549;553
2198,16,14,2,1;17;63;286;358;426;489;502;518;532;534;537;549;553
2199,17,15,2,1;17;63;286;358;426;489;502;518;532;534;537;549;553;561
2200,17,15,2,1;17;63;286;358;426;477;489;502;518;532;534;537;549;553
2201,15,14,1,1;17;63;286;358;426;489;502;518;532;534;537;549;553
2202,15,15,0,1;17;63;286;358;426;489;502;518;532;534;537;549;553;579
2203,17,15,2,1;17;63;107;286;358;489;502;518;532;534;537;549;553;579
2204,15,15,0,1;17;63;286;358;426;489;502;518;532;534;537;549;553;579
2205,19,16,3,1;17;63;107;286;358;417;489;502;518;532;534;537;549;553;579
2206,16,14,2,1;17;63;286;358;489;502;518;532;534;537;549;553;579
2207,16,14,2,1;17;63;286;358;489;502;518;532;534;537;549;553;579
2208,16,15,1,1;17;63;286;358;426;489;502;518;532;534;537;549;553;579
2209,15,14,1,1;17;63;286;358;489;502;518;532;534;537;549;553;579
2210,19,16,3,1;17;63;107;358;426;489;502;518;532;534;537;549;553;561;579
2211,18,16,2,1;17;63;286;358;426;489;502;518;532;534;537;549;553;561;579
2212,19,17,2,1;17;63;286;358;426;489;502;518;532;534;537;549;553;561;579;588
2213,22,17,5,1;17;63;286;358;426;489;502;518;532;534;537;549;553;561;579;588
2214,20,18,2,1;17;63;107;286;358;489;502;518;532;534;537;549;553;561;579;588;591
2215,20,17,3,1;17;63;107;286;358;489;502;518;532;534;537;549;553;561;579;591
2216,18,17,1,1;17;63;107;286;358;489;502;518;532;534;537;549;553;561;579;591
2217,19,17,2,1;17;63;107;286;358;489;502;518;532;534;537;549;553;561;579;591
2218,20,17,3,1;17;63;107;286;358;489;502;518;532;534;537;549;553;561;579;591
2219,18,17,1,1;17;63;107;286;358;489;502;518;532;534;537;549;553;561;579;591
2220,18,17,1,1;17;63;107;286;358;489;502;518;532;534;537;549;553;561;579;591
2221,24,21,3,1;17;63;107;286;358;426;489;502;518;532;534;537;549;553;561;567;570;579;588;591
2222,20,18,2,1;17;63;107;286;426;489;502;518;532;534;537;549;553;561;579;588;591
2223,21,18,3,1;17;63;107;286;426;489;502;518;532;534;537;549;553;561;579;588;591
2224,20,18,2,1;17;63;107;286;426;489;502;518;532;534;537;549;553;579;588;591;607
2225,16,16,0,1;17;63;107;286;426;489;502;518;532;534;537;549;553;588;591
2226,20,19,1,1;17;63;107;286;426;489;502;518;532;534;537;549;553;570;579;588;591;607
2227,19,19,0,1;17;63;107;286;417;426;489;502;518;532;534;537;549;553;579;588;591;607
2228,17,17,0,1;17;63;107;286;426;489;502;518;532;534;537;549;553;579;588;591
2229,17,16,1,1;17;63;286;426;489;502;518;532;534;537;549;553;579;588;591
2230,15,15,0,1;17;63;286;426;489;502;518;532;534;537;549;553;579;591
2231,16,15,1,1;17;63;286;426;489;502;518;532;534;537;549;553;579;591
2232,17,15,2,1;17;63;286;426;489;502;518;532;534;537;549;553;579;591
2233,17,16,1,1;17;63;286;426;489;502;518;532;534;537;549;553;567;579;591
2234,19,17,2,1;17;63;286;426;489;502;518;532;534;537;549;553;567;579;591;613
2235,16,15,1,1;17;63;286;426;489;502;518;532;534;537;549;579;591;613
2236,20,17,3,1;17;63;286;426;489;502;518;532;534;537;549;570;579;588;591;613
2237,20,17,3,1;17;63;286;426;489;502;518;532;534;537;549;579;588;591;613;616
2238,18,16,2,1;17;63;286;426;489;502;518;532;534;537;579;588;591;613;616
2239,15,14,1,1;17;63;286;426;502;518;532;534;537;579;588;591;616
2240,16,14,2,1;17;286;426;502;518;532;534;537;549;579;588;591;616
2241,18,15,3,1;17;286;426;502;518;532;534;537;549;579;588;591;607;616
2242,18,16,2,1;17;286;426;489;502;518;532;534;537;549;579;588;591;607;616
2243,18,15,3,1;17;63;286;426;489;502;518;532;534;549;579;588;591;616
2244,20,15,5,1;17;286;426;489;502;518;532;534;549;579;588;591;607;616
2245,17,14,3,1;17;286;426;489;502;518;532;534;549;553;579;588;591
2246,15,13,2,1;17;286;426;489;502;518;532;534;549;579;588;591
2247,16,15,1,1;17;286;426;489;502;518;532;534;549;553;579;588;591;632
2248,15,15,0,1;17;286;426;489;502;518;532;534;549;553;579;588;591;632
2249,15,15,0,1;17;286;426;489;502;518;532;534;549;553;579;588;591;632
2250,16,13,3,1;17;286;426;489;502;518;532;534;549;553;591;632
2251,19,15,4,1;17;63;286;426;489;502;518;532;534;549;553;591;607;632
2252,17,15,2,1;17;63;107;286;426;489;502;518;532;534;549;553;591;632
2253,17,15,2,1;17;63;107;286;426;489;502;518;532;534;549;553;613;637
2254,16,15,1,1;17;63;286;426;489;502;518;532;534;549;553;607;613;637
2255,16,14,2,1;17;63;286;426;489;502;518;532;534;549;553;613;637
2256,16,15,1,1;17;63;286;426;489;502;518;532;534;549;553;607;613;637
2257,15,15,0,1;17;63;286;426;489;502;518;532;534;549;553;607;613;637
2258,19,16,3,1;17;63;286;426;489;502;518;532;534;549;553;588;607;613;637
2259,19,17,2,1;17;63;286;358;426;489;502;518;532;534;549;553;588;607;613;637
2260,16,16,0,1;17;63;286;358;426;489;502;518;532;534;549;553;607;613;637
2261,19,15,4,1;17;63;286;358;426;489;502;518;532;534;549;553;613;637
2262,19,17,2,1;17;63;286;358;426;489;502;518;532;534;549;553;579;607;613;637
2263,19,17,2,1;17;63;286;358;426;489;502;518;532;534;549;553;579;607;613;637
2264,21,19,2,1;17;63;286;358;417;426;489;502;518;532;534;549;553;579;607;613;637;651
2265,17,16,1,1;17;63;286;358;417;426;489;502;518;532;549;553;579;613;637
2266,18,16,2,1;17;63;286;426;489;502;518;532;534;549;553;567;613;637;651
2267,17,15,2,1;17;63;286;489;502;518;532;534;549;553;579;613;637;651
2268,14,14,0,1;17;63;286;489;502;518;532;534;549;553;579;632;637
2269,16,14,2,1;17;63;286;489;502;518;532;534;549;553;579;632;637
2270,16,15,1,1;17;63;286;358;489;502;518;532;534;549;553;579;632;637
2271,18,15,3,1;17;63;286;358;489;502;518;532;534;549;553;579;632;637
2272,16,16,0,1;17;63;286;358;489;502;518;532;534;549;553;579;632;637;660
2273,16,14,2,1;17;286;489;502;518;532;534;549;553;579;632;637;660
2274,19,15,4,1;17;286;358;489;502;518;532;534;549;553;579;632;637;660
2275,16,15,1,1;17;63;286;358;489;502;518;532;534;549;553;579;632;637
2276,16,16,0,1;17;63;286;358;489;502;518;532;534;549;553;579;632;637;665
2277,18,16,2,1;17;63;286;358;489;502;518;532;534;549;553;579;632;637;665
2278,17,16,1,1;17;63;286;358;489;502;518;532;534;549;553;579;632;637;665
2279,17,16,1,1;17;63;286;358;489;502;518;532;534;549;553;579;632;637;665
2280,18,17,1,1;17;63;286;358;489;502;518;532;534;549;553;579;607;632;637;665
2281,20,18,2,1;17;63;286;358;489;502;518;532;534;549;553;579;588;632;637;665;670
2282,20,18,2,1;17;63;286;358;489;502;518;532;534;549;553;579;607;632;637;665;670
2283,19,18,1,1;17;63;286;358;489;502;518;532;534;549;553;579;607;632;637;665;670
2284,22,19,3,1;17;63;286;358;417;489;502;518;532;534;549;553;579;632;637;665;670;671
2285,21,18,3,1;17;63;286;358;417;426;489;502;532;534;549;553;579;632;637;660;671
2286,22,18,4,1;17;63;286;417;426;489;502;532;534;549;553;579;632;637;651;660;671
2287,17,16,1,1;17;63;286;417;489;502;532;549;553;579;632;637;660;671;673
2288,19,18,1,1;17;63;286;417;489;502;532;549;553;579;607;632;637;660;671;673;676
2289,19,18,1,1;17;63;286;417;426;489;502;532;549;553;579;607;632;637;660;671;676
2290,20,19,1,1;17;63;286;417;426;489;502;532;534;549;553;579;607;632;637;660;671;676
2291,21,19,2,1;17;63;286;417;426;502;532;534;549;553;567;607;632;637;651;660;671;676
2292,20,18,2,1;17;63;286;417;426;502;532;534;537;549;553;567;632;637;671;673;676
2293,18,17,1,1;17;63;286;358;417;502;532;537;549;553;567;632;637;671;676;679
2294,21,20,1,1;17;63;286;358;417;426;502;532;537;549;553;567;588;632;637;671;676;679;680
2295,23,20,3,1;17;63;286;358;417;426;502;532;537;549;553;567;579;588;632;637;671;676;680
2296,23,21,2,1;17;63;286;417;426;502;532;534;537;549;553;567;588;607;632;637;671;676;679;680
2297,21,20,1,1;17;63;286;417;426;502;532;537;549;553;588;607;632;637;671;676;679;680;681
2298,22,21,1,1;17;63;286;417;426;502;532;537;549;553;567;588;607;632;637;671;676;679;680;681
2299,24,21,3,1;17;63;286;417;426;502;532;537;549;553;567;588;607;632;637;671;676;679;680;681
2300,22,21,1,1;17;63;286;417;502;532;534;537;549;553;567;588;607;632;637;671;676;679;680;684
2301,24,21,3,1;17;63;286;417;502;532;534;537;549;553;567;570;588;632;637;671;676;679;680;684
2302,22,21,1,1;17;63;286;417;426;502;532;534;537;549;553;567;570;588;632;637;671;679;680;684
2303,21,21,0,1;17;63;286;417;426;502;532;534;537;549;553;567;570;588;632;637;671;679;680;684
2304,21,20,1,1;17;63;286;417;426;502;532;534;549;553;567;570;588;632;637;671;679;680;684
2305,19,18,1,1;17;63;286;426;502;532;534;549;553;567;588;632;637;671;679;680;684
2306,21,19,2,1;17;63;286;417;426;502;532;534;537;549;553;567;632;637;671;679;680;684
2307,19,19,0,1;17;63;286;417;426;502;532;534;537;549;553;632;637;671;679;680;684;690
2308,18,17,1,1;17;63;286;417;502;532;534;549;553;632;637;676;679;680;684;690
2309,19,19,0,1;17;63;286;417;502;532;534;537;549;553;607;632;637;676;679;680;684;690
2310,18,18,0,1;17;63;286;417;502;532;534;537;549;553;632;637;676;679;680;684;690
2311,20,19,1,1;17;63;286;502;532;534;537;549;553;570;632;637;671;676;679;680;684;690
2312,22,21,1,1;17;63;286;502;532;534;537;549;553;570;588;607;632;637;671;676;679;680;684;690
2313,20,19,1,1;17;63;286;502;532;534;537;549;553;588;632;637;671;676;679;680;684;690
2314,20,19,1,1;17;63;286;502;532;534;537;549;553;588;632;637;671;676;679;680;684;690
2315,17,16,1,1;17;63;286;426;502;532;534;537;549;553;632;637;676;679;680
2316,21,19,2,1;17;63;286;426;502;532;534;537;549;553;588;607;632;637;671;676;679;680
2317,20,19,1,1;17;63;286;358;417;426;502;532;534;537;549;553;607;632;637;676;679;680
2318,19,17,2,1;17;63;286;358;417;426;502;532;534;549;553;570;632;637;679;680
2319,22,21,1,1;17;63;286;358;417;426;502;532;534;537;549;553;570;588;632;637;671;679;680;684
2320,22,21,1,1;17;63;286;358;417;502;532;534;537;549;553;570;588;607;632;637;671;679;680;690
2321,22,21,1,1;17;63;286;358;417;502;532;534;537;549;553;570;607;632;637;671;679;680;690;698
2322,21,21,0,1;17;63;286;358;417;502;532;534;537;549;553;570;607;632;637;671;679;680;690;698
2323,20,20,0,1;17;63;286;417;502;532;534;537;549;553;570;588;607;632;637;671;679;680;690
2324,22,21,1,1;63;286;417;502;532;534;537;549;553;567;570;588;607;632;637;671;679;680;690;698
2325,22,20,2,1;63;286;358;417;502;532;534;537;549;553;567;570;588;632;637;671;679;680;698
2326,24,22,2,1;17;63;107;286;358;417;502;532;534;537;549;553;567;570;588;632;637;671;679;680;690
2327,24,21,3,1;17;63;107;286;358;417;502;532;534;549;553;567;570;588;632;637;671;679;680;690
2328,24,23,1,1;17;63;107;286;358;417;502;532;534;537;549;553;567;570;588;632;637;671;679;680;690;702
2329,23,23,0,1;17;63;107;286;358;417;502;532;537;549;553;567;570;588;607;632;637;671;679;680;690;702
2330,24,22,2,1;17;63;107;286;417;502;532;537;549;553;567;570;588;607;632;637;671;679;680;690;702
2331,24,22,2,1;17;63;107;286;417;502;532;534;549;553;567;570;588;607;632;637;671;679;680;690;702
2332,23,21,2,1;17;63;107;286;417;502;532;549;553;567;570;588;607;632;637;671;679;680;690;702
2333,22,21,1,1;17;63;107;286;358;417;502;532;549;553;567;588;632;637;671;679;680;690;702;707
2334,23,22,1,1;17;63;286;358;417;502;532;537;549;553;567;570;588;632;637;671;679;680;690;702;707
2335,25,22,3,1;17;63;286;417;426;502;532;549;553;567;570;588;632;637;671;676;679;680;690;702;707
2336,22,20,2,1;17;63;286;417;426;502;532;549;553;567;632;637;671;676;679;680;690;702;707
2337,27,23,4,1;17;63;286;358;417;426;502;532;534;549;553;567;570;632;637;671;676;679;680;690;702;707
2338,22,21,1,1;17;63;286;358;417;426;502;532;534;549;553;632;637;671;679;680;690;702;707;710
2339,21,20,1,1;17;63;286;358;417;426;502;532;549;553;632;637;671;679;680;690;702;707;710
2340,22,22,0,1;17;63;286;358;417;426;502;532;537;549;553;632;637;671;679;680;690;702;707;710;712
2341,24,24,0,1;17;63;286;358;417;426;502;532;534;537;549;553;607;632;637;671;676;679;680;702;707;710;712
2342,24,23,1,1;17;63;286;358;417;426;502;532;534;537;549;553;607;632;637;671;679;680;702;707;710;712
2343,24,22,2,1;17;63;286;358;417;426;502;532;537;549;553;607;632;637;671;679;680;702;707;710;712
2344,23,23,0,1;17;63;286;358;417;426;502;532;534;537;549;553;632;637;671;679;680;690;702;707;710;712
2345,26,25,1,1;17;63;107;286;358;417;426;502;532;534;537;549;553;632;637;671;679;680;690;698;702;707;710;712
2346,25,24,1,1;17;63;286;358;417;426;502;532;534;537;549;553;632;637;671;679;680;690;698;702;707;710;712
2347,22,22,0,1;17;63;286;417;426;502;532;534;549;553;607;632;637;671;679;680;690;702;707;710;712
2348,23,23,0,1;17;63;286;417;426;502;532;534;549;553;567;607;632;637;671;679;680;690;702;707;710;712
2349,24,21,3,1;17;63;286;417;426;502;532;534;549;553;632;637;679;680;690;698;702;707;710;712
2350,25,22,3,1;17;63;286;417;426;502;532;534;549;553;567;632;637;679;680;690;698;702;707;710;712
2351,23,23,0,1;17;63;286;417;426;502;532;534;537;549;553;632;637;671;679;680;690;698;702;707;710;712
2352,21,21,0,1;63;286;417;426;502;532;534;537;549;553;632;637;671;679;680;690;698;702;707;712
2353,21,21,0,1;63;286;358;417;426;502;532;534;549;553;632;637;671;679;680;690;698;702;707;712
2354,22,21,1,1;63;286;358;417;426;502;532;534;549;553;632;637;671;679;680;690;698;702;707;712
2355,21,21,0,1;63;286;417;426;489;502;532;534;549;553;632;637;671;679;680;690;698;702;707;712
2356,22,21,1,1;63;286;417;426;489;502;532;537;549;553;632;637;671;679;680;690;698;702;707;712
2357,21,21,0,1;63;286;417;426;489;502;532;534;537;549;553;632;637;671;679;680;690;702;707;712
2358,22,21,1,1;63;286;417;426;489;502;532;534;537;549;553;632;637;671;679;680;690;702;707;712
2359,22,21,1,1;17;63;286;417;426;489;502;532;534;537;549;553;632;671;679;680;690;702;707;712
2360,24,21,3,1;17;63;286;417;426;489;502;532;534;537;549;553;632;671;679;680;690;702;707;712
2361,20,19,1,1;17;63;286;417;426;489;502;532;537;549;553;632;671;679;690;702;707;712
2362,22,20,2,1;17;63;286;417;426;489;502;532;537;549;553;607;632;671;679;690;702;707;712
2363,24,18,6,1;17;63;286;417;426;502;532;537;549;553;632;671;679;690;702;707;712
2364,25,20,5,1;17;63;286;417;426;489;502;532;537;549;553;632;671;679;680;690;702;707;712
2365,26,21,5,1;63;286;417;426;489;502;532;534;537;549;553;591;632;637;671;679;680;690;702;712
2366,18,18,0,1;63;417;426;489;502;532;534;549;579;591;632;637;671;690;698;702;731
2367,23,19,4,1;63;286;417;426;489;502;532;534;549;591;632;637;671;679;690;702;712;731
2368,22,18,4,1;63;286;417;426;489;502;532;534;549;591;607;632;637;671;679;702;731
2369,20,17,3,1;63;286;417;426;502;532;534;549;591;632;637;671;679;690;702;731
2370,25,19,6,1;63;286;417;426;502;532;534;537;549;591;632;637;671;679;690;731;737;738
2371,25,19,6,1;63;286;417;426;489;502;532;534;537;549;591;632;637;671;679;690;731;737
2372,21,19,2,1;63;417;426;489;502;532;534;537;549;591;632;637;671;679;690;707;731;737
2373,21,19,2,1;63;417;426;489;502;532;534;537;549;591;632;637;671;679;690;707;731;737
2374,20,19,1,1;63;417;426;489;502;532;534;537;549;567;632;637;671;679;690;707;731;737
2375,21,18,3,1;63;426;489;502;532;534;537;549;632;637;671;679;680;690;707;731;737
2376,23,20,3,1;63;107;417;426;489;502;532;534;537;549;632;637;671;679;680;690;707;731;737
2377,21,19,2,1;63;107;426;489;502;532;534;537;549;591;632;671;679;690;698;707;731;737
2378,23,23,0,1;63;107;286;426;502;532;534;537;549;567;591;632;671;679;680;690;698;707;731;737;753;755
2379,24,22,2,1;63;107;286;426;489;502;532;534;537;549;591;632;671;679;690;698;707;731;737;753;755
2380,23,22,1,1;63;107;286;426;489;502;532;534;549;591;632;671;679;680;690;698;707;731;737;753;755
2381,26,24,2,1;63;107;286;426;489;502;532;534;537;549;591;632;651;671;679;680;690;698;707;731;737;753;755
2382,23,22,1,1;63;107;426;502;532;534;537;549;591;632;671;679;680;690;698;707;731;737;753;755;756
2383,24,22,2,1;63;107;426;502;532;534;537;549;591;632;671;679;680;690;698;707;731;737;753;755;756
2384,24,22,2,1;63;107;426;489;502;532;534;537;549;591;632;671;679;680;690;698;707;731;737;753;756
2385,23,22,1,1;63;107;426;489;502;532;534;537;549;591;632;671;679;680;690;698;707;731;737;753;756
2386,24,22,2,1;63;107;426;489;502;532;534;549;567;591;632;671;679;680;690;698;707;731;737;753;756
2387,21,21,0,1;63;107;426;489;502;532;534;549;567;591;632;671;679;680;690;698;707;737;753;756
2388,27,23,4,1;63;107;286;417;426;489;502;532;534;549;567;591;632;671;679;680;690;698;707;737;753;756
2389,23,22,1,1;63;107;286;426;489;502;532;534;549;567;591;632;671;679;680;690;698;707;737;753;756
2390,23,21,2,1;63;107;426;489;502;532;534;549;567;591;632;671;679;680;690;698;707;737;753;756
2391,26,23,3,1;63;107;426;489;502;532;534;537;549;567;591;632;671;679;680;690;698;707;737;753;756;766
2392,22,21,1,1;63;107;426;489;502;532;534;537;549;567;632;671;679;680;698;707;712;737;756;766
2393,21,20,1,1;63;107;426;489;502;532;534;537;549;567;632;671;679;698;707;712;737;756;766
2394,20,19,1,1;63;107;426;502;532;534;549;567;591;632;671;679;680;698;707;712;756;766
2395,22,19,3,1;63;107;426;502;532;534;549;567;591;632;671;679;680;690;698;707;756;766
2396,22,21,1,1;63;107;286;426;502;532;534;549;567;588;591;632;671;679;680;690;698;707;712;756
2397,23,21,2,1;63;286;502;532;534;549;567;588;591;632;671;679;680;690;698;707;712;738;753;756
2398,23,19,4,1;63;107;502;532;534;549;567;591;632;660;671;679;698;707;712;737;738;756
2399,23,18,5,1;63;107;286;502;532;534;567;632;660;671;679;698;707;712;737;738;756
2400,30,19,11,1;63;107;286;502;532;534;567;632;660;671;679;698;707;712;737;738;756;766
2401,23,22,1,1;63;107;286;426;502;532;534;567;632;660;671;679;698;707;712;737;738;756;766;780;781
2402,23,21,2,1;63;107;502;532;534;537;567;632;660;671;679;698;707;712;737;738;756;766;780;781
2403,25,21,4,1;63;107;502;532;534;537;567;632;660;671;679;698;707;712;737;738;756;766;780;781
2404,23,22,1,1;17;63;107;502;532;534;549;567;570;632;637;671;679;698;707;712;737;738;756;766;780
2405,22,22,0,1;17;63;107;502;532;534;537;549;567;632;637;671;679;698;707;712;737;738;756;766;780
2406,28,23,5,1;17;63;107;502;532;534;537;567;570;632;637;671;679;698;707;712;737;738;756;766;780;781
2407,24,21,3,1;17;63;286;502;532;534;537;567;632;637;671;679;698;712;737;738;756;766;780;781
2408,22,20,2,1;17;63;286;502;532;534;537;567;632;637;671;679;712;737;738;756;766;780;781
2409,24,21,3,1;17;63;286;502;532;534;537;549;567;570;632;637;671;679;712;737;738;756;766;780
2410,23,22,1,1;17;63;286;489;502;532;534;537;549;567;570;632;637;671;679;712;737;738;756;766;780
2411,25,22,3,1;17;63;286;502;532;534;537;549;567;570;632;637;671;679;712;737;738;756;766;780;804
2412,21,21,0,1;17;63;286;502;532;534;537;567;570;632;637;679;712;737;738;756;766;780;781;804
2413,22,19,3,1;17;63;286;502;532;534;537;549;567;570;632;637;679;680;712;756;766;780
2414,20,20,0,1;17;63;286;502;532;534;537;549;567;570;632;637;660;679;680;712;756;766;780
2415,22,21,1,1;17;63;286;489;502;532;534;537;549;567;570;632;637;679;680;712;753;756;766;780
2416,23,22,1,1;17;63;107;286;489;502;532;534;537;549;567;570;588;632;637;679;680;712;756;766;780
2417,22,21,1,1;17;63;286;489;502;532;534;537;549;567;570;588;632;637;679;712;738;756;766;780
2418,21,20,1,1;17;63;107;489;502;532;534;537;549;570;632;637;679;712;738;756;766;780;813
2419,23,22,1,1;17;63;107;502;532;534;537;549;553;567;570;632;637;679;712;737;738;756;766;780;813
2420,22,20,2,1;63;107;502;532;534;549;570;579;632;637;679;712;731;737;738;756;766;780;813
2421,24,22,2,1;17;63;107;502;532;534;549;567;570;579;632;637;671;679;712;737;738;756;766;780;813
2422,20,18,2,1;17;63;107;502;532;534;567;570;579;632;637;679;712;737;756;766;780
2423,19,18,1,1;17;63;107;502;532;534;537;567;579;632;637;679;712;737;756;766;780
2424,19,18,1,1;17;63;107;502;532;534;537;567;579;632;637;679;712;737;756;766;780
2425,20,19,1,1;17;63;107;502;532;534;537;567;570;579;632;637;679;712;737;756;766;780
2426,23,22,1,1;17;63;107;426;502;532;534;537;567;570;579;632;637;679;712;737;756;766;780;781;820
2427,23,23,0,1;17;63;107;426;502;532;534;537;549;567;570;579;632;637;679;712;737;753;756;766;780;820
2428,24,24,0,1;17;63;107;286;426;502;532;534;537;549;567;570;579;632;637;679;712;737;753;756;766;780;820
2429,24,23,1,1;17;63;107;426;502;532;534;537;549;567;570;579;632;637;679;712;737;753;756;766;780;820
2430,21,20,1,1;17;63;107;286;426;502;532;534;537;570;579;632;637;679;737;756;766;780;820
2431,21,21,0,1;17;63;107;502;532;534;537;549;567;570;632;637;679;680;712;738;756;766;780;820
2432,20,20,0,1;17;63;107;502;532;534;537;549;567;570;632;637;679;680;712;756;780;813;820
2433,20,20,0,1;63;107;426;489;502;532;534;537;549;567;570;632;637;679;712;756;780;813;820
2434,19,19,0,1;63;107;426;489;502;532;534;549;567;570;632;637;679;712;756;780;813;820
2435,18,18,0,1;63;107;489;502;532;534;537;549;567;570;632;637;679;756;780;813;820
2436,19,18,1,1;63;107;426;489;502;532;534;549;567;570;632;637;679;756;780;813;820
2437,19,19,0,1;63;107;286;489;502;532;534;549;567;570;632;637;679;698;756;780;813;820
2438,21,20,1,1;63;107;502;532;534;537;549;553;567;570;632;637;679;698;737;756;780;813;820
2439,21,20,1,1;63;286;502;532;534;537;549;553;567;570;579;632;637;679;737;756;780;813;820
2440,19,19,0,1;63;107;502;532;534;537;549;553;567;570;637;679;737;738;756;780;813;820
2441,20,19,1,1;63;107;502;532;534;537;549;567;570;637;679;712;737;738;756;780;813;820
2442,22,21,1,1;63;107;502;532;534;537;549;553;567;570;637;679;698;712;737;738;756;780;813;820
2443,19,19,0,1;63;107;286;417;502;532;534;549;553;567;570;637;679;737;756;780;813;820
2444,22,19,3,1;63;107;417;502;532;534;549;553;567;570;637;679;698;737;756;780;813;820
2445,22,19,3,1;63;107;417;502;532;534;549;553;567;570;637;679;698;737;756;780;813;820
2446,24,20,4,1;63;107;417;426;502;532;534;549;553;570;637;679;712;737;755;756;780;813;820
2447,27,24,3,1;63;107;286;417;489;502;532;534;549;567;570;637;679;680;712;737;755;756;780;813;820;828;830
2448,22,20,2,1;63;107;417;426;502;532;534;537;549;567;570;637;679;680;698;712;756;780;813
2449,22,20,2,1;63;107;286;417;426;489;502;532;534;537;549;567;570;637;679;712;756;780;813
2450,22,20,2,1;63;107;286;426;489;502;532;534;537;549;570;632;637;679;712;756;766;780;813
2451,20,20,0,1;63;107;286;426;489;502;532;534;549;570;588;632;637;679;712;756;766;780;828
2452,21,19,2,1;63;107;286;426;489;502;532;534;549;570;632;637;679;712;756;766;780;813
2453,20,18,2,1;63;107;286;417;426;489;502;532;534;549;637;679;712;756;766;780;813
2454,21,19,2,1;63;107;286;417;426;489;502;532;534;549;607;637;679;712;756;766;780;813
2455,22,21,1,1;63;286;417;426;502;532;534;549;553;570;607;637;679;712;737;756;766;780;813;840
2456,20,20,0,1;63;286;417;426;502;532;534;549;553;637;679;712;737;756;766;780;813;840;842
2457,21,20,1,1;63;286;417;426;502;532;534;549;553;637;679;712;737;756;766;780;813;840;842
2458,23,22,1,1;63;286;417;426;502;532;534;549;553;570;579;637;679;712;737;756;766;780;813;840;842
2459,20,19,1,1;63;286;417;426;502;532;534;549;570;679;737;738;756;766;780;813;840;842
2460,22,21,1,1;63;107;286;417;426;489;502;532;534;549;570;637;679;712;756;766;780;813;840;842
2461,23,20,3,1;63;417;489;502;532;534;549;567;570;637;679;680;712;756;766;780;813;840;842
2462,18,18,0,1;63;417;489;502;532;534;549;567;570;588;679;712;756;766;780;840;842
2463,21,20,1,1;63;417;502;532;534;549;567;570;588;679;680;712;738;756;766;780;804;840;842
2464,18,18,0,1;63;502;532;534;549;567;637;679;680;712;738;756;766;780;804;840;842
2465,18,18,0,1;63;417;489;502;532;534;549;567;679;680;712;756;766;780;813;840;842
2466,19,19,0,1;63;417;489;502;532;534;549;567;637;679;680;712;756;766;780;813;840;842
2467,17,17,0,1;63;489;502;532;534;549;567;588;679;680;712;756;766;780;840;842
2468,18,17,1,1;63;489;502;532;534;549;567;588;637;679;680;712;756;780;840;842
2469,20,17,3,1;63;489;502;532;534;549;567;570;588;637;679;680;712;756;780;840
2470,22,19,3,1;63;107;489;502;532;534;549;567;588;679;680;712;737;738;756;766;780;840
2471,20,19,1,1;63;107;286;489;502;532;534;549;567;570;679;680;712;738;756;766;780;840
2472,22,20,2,1;63;107;426;489;502;532;534;549;570;588;679;680;712;738;756;766;780;840;851
2473,25,23,2,1;63;107;286;489;502;532;534;549;567;570;588;679;680;712;737;738;753;756;766;780;840;851
2474,18,18,0,1;63;107;502;532;534;549;570;588;679;712;738;753;756;766;780;840;851
2475,20,19,1,1;63;286;489;502;532;534;549;570;588;679;680;712;737;756;766;780;840;851
2476,17,16,1,1;63;286;532;534;549;570;588;679;712;738;756;766;780;840;851
2477,20,18,2,1;63;286;532;534;549;567;570;588;679;712;738;756;766;780;820;840;851
2478,17,17,0,1;63;286;532;534;549;567;570;679;712;738;756;766;780;820;840;851
2479,17,17,0,1;63;286;532;534;549;567;570;679;712;738;756;766;780;820;840;851
2480,18,16,2,1;63;107;532;534;549;570;679;712;738;756;766;780;820;840;851
2481,24,19,5,1;63;107;286;532;534;537;549;567;570;651;679;712;738;756;766;780;820;851
2482,21,18,3,1;63;107;286;502;532;534;537;549;570;651;679;712;738;755;766;780;820
2483,17,16,1,1;63;286;502;532;534;549;570;660;679;712;738;766;780;820;840
2484,17,16,1,1;63;107;502;532;534;537;549;570;660;679;712;738;766;780;820
2485,19,17,2,1;63;107;286;502;532;534;549;567;570;660;679;738;766;780;820;840
2486,18,16,2,1;63;107;286;502;532;534;549;567;570;679;738;766;780;820;840
2487,17,16,1,1;63;107;502;532;534;537;549;570;660;679;738;766;780;820;866
2488,18,17,1,1;63;107;489;502;532;534;537;549;570;679;738;766;780;804;820;866
2489,20,18,2,1;63;107;489;502;532;534;537;549;570;660;679;738;756;766;780;820;866
2490,17,17,0,1;63;107;489;502;532;534;537;549;570;660;679;738;766;780;820;866
2491,18,17,1,1;63;489;502;532;534;537;549;570;679;712;738;766;780;813;820;866
2492,18,17,1,1;63;489;502;532;534;537;549;570;660;679;712;738;766;780;820;866
2493,17,17,0,1;63;107;489;502;532;534;537;549;570;660;679;738;766;780;820;866
2494,17,16,1,1;63;502;532;534;537;549;553;570;579;679;738;766;780;820;866
2495,17,17,0,1;63;489;502;532;534;537;549;570;579;660;679;738;766;780;820;866
2496,20,19,1,1;63;107;489;502;532;534;537;549;570;579;660;679;712;738;766;780;820;866
2497,20,19,1,1;63;107;286;489;502;532;534;537;549;570;660;679;712;738;766;780;820;866
2498,20,18,2,1;63;107;286;489;502;532;534;537;549;570;660;679;712;738;766;820;866
2499,18,17,1,1;63;107;286;489;502;532;534;537;549;570;660;679;738;766;820;866
2500,22,19,3,1;63;107;286;489;502;532;534;549;553;570;660;679;712;738;766;813;820;866
2501,18,17,1,1;63;107;286;489;502;532;534;549;570;660;679;712;738;766;820;866
2502,21,18,3,1;63;107;286;489;502;532;534;549;553;570;679;712;738;766;813;820;866
2503,19,19,0,1;63;107;286;489;502;532;534;549;553;570;660;679;712;738;766;820;866;880
2504,19,17,2,1;63;107;286;502;532;534;549;553;570;660;679;712;738;766;820;866
2505,17,16,1,1;63;107;286;502;532;534;549;570;660;679;712;738;766;820;866
2506,17,16,1,1;63;107;286;426;502;532;534;549;570;660;679;738;766;820;866
2507,18,17,1,1;63;107;286;426;502;532;534;549;570;660;679;738;766;820;866;880
2508,17,17,0,1;63;107;286;426;502;532;534;549;553;570;660;679;738;766;820;866
2509,20,19,1,1;63;107;286;426;489;502;532;534;549;553;570;660;679;738;766;820;866;880
2510,17,16,1,1;63;107;286;426;502;532;534;549;570;660;679;738;766;820;866
2511,17,17,0,1;63;107;286;426;502;532;534;549;570;579;660;679;738;766;820;866
2512,16,16,0,1;63;107;286;426;502;532;534;549;570;660;679;738;766;820;866
2513,17,16,1,1;63;107;286;426;502;532;534;549;570;660;679;738;766;820;866
2514,16,15,1,1;63;107;286;426;502;532;534;549;570;660;679;738;766;820
2515,16,15,1,1;63;107;286;502;532;534;549;567;570;660;679;738;766;820
2516,17,16,1,1;63;107;286;502;532;534;549;567;570;660;679;738;766;820;887
2517,16,16,0,1;63;107;286;502;532;534;537;549;567;660;679;738;766;820;887
2518,18,16,2,1;63;107;286;426;502;532;534;537;549;660;679;738;766;820;887
2519,18,16,2,1;63;107;286;426;502;532;534;537;549;660;679;738;766;820;887
2520,19,17,2,1;63;107;286;502;532;534;537;549;567;660;679;712;738;766;820;887
2521,17,17,0,1;63;107;286;502;532;534;537;549;567;660;679;712;738;820;887;889
2522,17,17,0,1;63;107;286;502;532;534;537;549;567;660;679;712;738;820;887;889
2523,17,17,0,1;63;107;286;502;532;534;537;549;567;660;679;712;738;820;887;889
2524,16,16,0,1;63;107;286;502;532;534;537;549;567;660;679;712;738;820;887
2525,16,16,0,1;63;107;502;532;534;537;549;567;660;679;712;738;820;887;889
2526,16,15,1,1;63;107;502;532;534;537;549;567;660;679;738;820;887;889
2527,16,16,0,1;63;107;426;502;532;534;537;549;660;679;712;738;820;887;889
2528,15,15,0,1;63;107;426;502;532;534;537;549;660;679;738;820;887;889
2529,17,17,0,1;63;107;426;502;532;534;537;549;588;660;679;712;738;820;887;889
2530,16,15,1,1;63;107;426;502;532;534;537;549;660;679;738;813;887;889
2531,16,16,0,1;63;107;426;502;532;534;537;549;660;679;738;813;820;887;889
2532,16,16,0,1;63;107;426;502;532;534;537;549;660;679;738;813;820;887;889
2533,16,16,0,1;63;107;502;532;534;537;549;567;660;679;738;813;820;887;889
2534,17,17,0,1;63;107;426;502;532;534;537;549;567;660;679;738;813;820;887;889
2535,16,16,0,1;63;107;426;502;532;534;537;549;660;679;738;813;820;887;889
2536,18,15,3,1;63;107;426;502;532;534;549;660;679;738;813;820;887;889
2537,16,15,1,1;63;107;426;502;532;534;549;567;660;679;738;820;887;889
2538,15,14,1,1;63;107;417;426;502;532;549;660;679;738;820;887;889
2539,15,14,1,1;63;107;426;502;532;534;549;660;679;738;820;887;889
2540,15,14,1,1;63;107;426;502;532;534;549;660;679;738;820;887;889
2541,18,16,2,1;63;107;426;502;532;534;549;553;660;679;680;813;820;866;889
2542,18,16,2,1;63;107;426;502;532;534;549;553;660;679;753;813;820;866;889
2543,18,16,2,1;63;107;426;502;532;534;549;553;660;679;738;813;820;866;889
2544,18,16,2,1;63;107;426;502;532;534;549;553;660;679;738;813;820;866;889
2545,18,16,2,1;63;107;426;502;532;534;549;553;660;679;738;813;820;866;889
2546,18,16,2,1;63;107;426;502;532;534;549;553;660;679;738;813;820;866;889
2547,21,20,1,1;63;107;286;426;502;532;534;537;549;553;660;679;738;813;820;842;866;889;901
2548,19,18,1,1;63;107;286;426;502;532;534;549;553;660;679;738;813;820;866;889;901
2549,20,19,1,1;63;107;286;426;502;532;534;549;553;660;679;738;813;820;866;889;901;903
2550,19,18,1,1;63;107;426;502;532;534;549;553;660;679;738;813;820;866;889;901;903
2551,20,19,1,1;63;107;417;426;502;532;534;549;553;660;679;738;813;820;866;889;901;903
2552,20,17,3,1;63;426;502;532;534;549;553;660;679;738;813;820;866;889;901;903
2553,18,16,2,1;63;426;502;532;534;549;553;660;679;738;813;820;866;889;903
2554,18,17,1,1;63;107;426;502;532;534;549;553;660;679;738;813;820;866;889;903
2555,16,16,0,1;63;107;426;502;532;534;549;553;660;679;738;820;866;889;903
2556,17,16,1,1;63;417;426;502;532;534;549;553;660;679;738;820;866;889;903
2557,16,16,0,1;63;417;426;502;532;534;549;553;660;679;738;820;866;889;903
2558,17,17,0,1;63;107;417;426;502;532;534;549;553;660;679;738;820;887;889;903
2559,16,16,0,1;63;107;417;502;532;534;549;553;660;679;738;820;866;889;903
2560,16,16,0,1;63;107;417;426;502;532;534;549;553;660;679;738;820;866;889
2561,18,16,2,1;63;107;417;426;502;532;534;549;553;660;679;738;820;866;889
2562,17,16,1,1;63;107;417;426;532;549;553;567;607;660;679;738;820;866;889
2563,15,15,0,1;63;107;417;502;532;549;553;567;660;679;738;820;866;889
2564,16,15,1,1;63;107;417;502;532;549;553;567;660;679;738;820;866;889
2565,16,15,1,1;63;107;417;502;532;549;553;567;660;679;738;820;866;889
2566,17,17,0,1;63;107;426;502;532;549;553;567;660;679;712;738;820;866;889;903
2567,18,17,1,1;63;286;426;502;532;549;553;567;660;679;712;738;820;866;889;903
2568,17,17,0,1;63;107;286;502;532;549;553;567;660;679;712;738;820;866;889;903
2569,18,18,0,1;63;107;286;502;532;549;553;567;588;660;679;712;738;820;866;889;903
2570,16,16,0,1;63;107;502;532;549;553;567;570;660;679;712;738;820;866;903
2571,17,17,0,1;63;107;286;502;532;549;553;567;570;588;660;679;712;738;820;903
2572,18,18,0,1;63;107;286;502;532;549;553;567;570;588;660;679;712;738;820;866;903
2573,17,17,0,1;63;107;502;532;549;553;567;570;588;660;679;712;738;820;866;903
2574,17,16,1,1;63;286;502;532;549;553;567;588;660;679;712;738;820;866;903
2575,17,17,0,1;63;286;502;532;549;553;567;588;660;679;712;738;820;866;889;903
2576,17,17,0,1;63;107;286;502;532;549;553;567;660;679;712;738;820;866;889;903
2577,18,17,1,1;63;286;502;532;549;553;567;588;660;679;712;738;820;866;889;903
2578,17,17,0,1;63;107;286;502;532;549;553;567;660;679;712;738;820;866;889;903
2579,17,17,0,1;63;286;502;532;549;553;567;588;660;679;712;738;820;866;889;903
2580,18,17,1,1;63;286;502;532;549;553;567;588;660;679;712;738;820;866;889;903
2581,17,16,1,1;63;107;502;532;549;553;567;660;679;712;738;820;866;889;903
2582,14,14,0,1;63;107;502;532;549;553;567;660;679;712;738;820;889
2583,15,15,0,1;63;107;502;532;549;553;567;660;679;712;738;820;866;889
2584,14,14,0,1;63;107;502;532;549;553;567;660;679;712;738;820;889
2585,15,15,0,1;63;107;502;532;549;553;567;660;679;712;820;866;889;903
2586,17,16,1,1;63;107;502;532;549;553;567;588;660;679;712;738;820;866;889
2587,19,16,3,1;63;107;502;532;549;553;567;588;660;679;712;738;804;820;889
2588,17,15,2,1;63;107;502;532;549;553;567;588;660;679;712;804;820;889
2589,18,15,3,1;63;107;502;532;549;553;567;588;660;679;712;804;820;889
2590,19,17,2,1;63;107;502;532;549;553;588;637;660;679;712;755;804;820;866;889
2591,16,16,0,1;63;107;489;502;532;549;588;660;679;712;755;820;866;889;923
2592,18,17,1,1;63;107;489;502;532;549;588;660;679;712;755;804;820;866;889;923
2593,18,17,1,1;63;107;489;502;532;549;588;660;679;712;738;804;820;866;889;923
2594,18,16,2,1;63;107;489;502;532;579;588;660;679;712;738;820;866;889;923
2595,16,16,0,1;63;107;502;532;579;588;660;679;712;738;820;866;889;923;926
2596,16,16,0,1;63;107;502;532;579;588;660;679;712;738;820;866;889;923;926
2597,18,18,0,1;63;107;417;502;532;549;579;588;660;679;712;738;820;866;889;923;926
2598,15,15,0,1;63;107;417;502;532;579;588;660;679;738;820;866;889;923
2599,17,16,1,1;63;107;417;502;532;579;588;660;679;738;804;820;866;889;923
2600,15,15,0,1;63;107;417;502;532;579;660;679;738;804;820;866;923;926
2601,18,16,2,1;63;107;417;502;532;579;660;679;712;738;804;820;866;923;926
2602,17,17,0,1;63;107;417;502;532;579;588;660;679;712;738;804;813;820;866;923
2603,16,16,0,1;63;107;417;502;532;579;660;679;712;738;804;813;820;866;923
2604,19,17,2,1;63;107;417;502;532;579;588;660;679;712;738;804;813;820;866;923
2605,18,16,2,1;63;107;417;489;502;532;549;579;679;712;738;804;813;820;923
2606,17,15,2,1;63;107;417;489;502;532;549;679;738;804;813;820;923;926
2607,15,14,1,1;63;107;417;489;502;532;549;679;738;804;820;923;926
2608,16,14,2,1;63;107;417;489;502;532;549;679;738;804;820;923;926
2609,15,14,1,1;63;107;417;502;532;549;553;679;738;804;820;923;926
2610,16,15,1,1;63;107;417;502;532;549;553;679;738;780;804;820;923;926
2611,18,18,0,1;63;107;286;417;502;532;549;553;679;712;738;780;804;820;923;926;937
2612,17,17,0,1;63;107;417;502;532;549;553;679;712;738;780;804;820;923;926;937
2613,17,16,1,1;63;107;502;532;549;553;679;680;738;780;804;820;923;926;937
2614,16,16,0,1;63;107;426;502;532;549;553;679;738;780;804;820;923;926;937
2615,18,17,1,1;63;107;426;502;532;549;553;679;712;738;780;804;820;923;926;937
2616,16,16,0,1;63;107;286;426;502;532;549;553;679;738;804;820;923;926;937
2617,16,16,0,1;63;107;426;502;532;549;553;679;712;738;804;820;923;926;937
2618,15,14,1,1;63;107;426;502;532;549;553;679;738;804;923;926;937
2619,15,14,1,1;63;107;426;502;532;549;553;679;738;804;923;926;937
2620,13,13,0,1;63;107;502;532;549;553;679;738;804;923;926;937
2621,14,14,0,1;63;107;502;532;549;553;679;738;780;804;923;926;937
2622,14,14,0,1;63;107;286;502;532;549;553;679;738;804;923;926;937
2623,13,13,0,1;63;286;502;532;549;553;679;738;804;923;926;937
2624,15,15,0,1;63;286;426;502;532;549;553;679;738;804;820;923;926;937
2625,16,15,1,1;63;286;426;502;532;549;553;679;738;804;820;923;926;937
2626,18,18,0,1;63;107;286;426;502;532;549;553;679;738;766;780;804;820;923;926;937
2627,18,18,0,1;63;107;286;502;532;549;553;588;679;738;766;780;804;820;923;926;937
2628,15,15,0,1;63;107;502;532;549;553;679;766;780;804;820;923;926;937
2629,17,15,2,1;63;107;502;532;549;553;679;766;780;804;820;923;926;937
2630,16,15,1,1;63;107;502;532;549;553;679;766;780;804;820;923;926;937
2631,17,16,1,1;63;107;502;532;549;553;588;679;766;780;804;820;923;926;937
2632,16,16,0,1;63;107;502;532;549;553;679;766;780;804;820;923;926;937;942
2633,15,15,0,1;63;107;502;532;549;553;679;766;780;804;820;923;926;937
2634,15,15,0,1;63;107;502;532;549;553;679;766;780;804;820;923;926;937
2635,15,14,1,1;63;107;502;532;549;553;679;766;804;820;923;926;937
2636,15,15,0,1;63;107;502;532;549;553;679;766;804;813;820;923;926;937
2637,17,16,1,1;63;107;502;532;549;553;679;766;780;804;813;820;923;926;937
2638,17,16,1,1;63;107;502;532;549;553;679;766;780;804;813;820;923;926;937
2639,17,17,0,1;63;107;502;532;549;553;679;712;766;780;804;813;820;923;926;937
2640,16,16,0,1;63;107;502;532;549;553;679;712;766;780;804;820;923;926;937
2641,16,15,1,1;107;502;532;549;553;679;712;766;804;813;820;923;926;937
2642,17,17,0,1;63;107;286;502;532;549;553;679;712;766;804;813;820;923;926;937
2643,18,16,2,1;63;107;286;502;532;549;553;679;766;804;813;820;923;926;937
2644,16,15,1,1;63;107;502;532;549;553;679;766;804;813;820;923;926;937
2645,15,15,0,1;63;502;532;549;553;679;712;766;804;813;820;923;926;937
2646,15,15,0,1;63;502;532;549;553;679;712;766;804;813;820;923;926;937
2647,15,15,0,1;63;502;532;549;553;679;712;766;804;813;820;923;926;937
2648,17,17,0,1;63;107;426;502;532;549;553;679;712;766;804;813;820;923;926;937
2649,16,16,0,1;63;107;502;532;549;553;679;712;766;804;813;820;923;926;937
2650,16,15,1,1;63;502;532;549;553;679;712;766;804;813;820;923;926;937
2651,16,15,1,1;63;502;532;549;553;679;712;766;804;813;820;923;926;937
2652,15,15,0,1;63;502;532;549;553;679;712;766;804;813;820;923;926;937
2653,18,16,2,1;63;502;532;549;553;588;679;712;766;804;813;820;923;926;937
2654,17,15,2,1;63;502;532;549;553;679;712;766;804;813;820;923;926;937
2655,16,15,1,1;63;502;532;549;553;679;712;766;804;813;820;923;926;937
2656,18,16,2,1;63;502;532;549;553;679;712;766;804;813;820;923;926;937;952
2657,18,16,2,1;63;502;532;549;553;679;712;766;804;813;820;923;926;937;952
2658,17,16,1,1;63;502;532;549;553;679;712;766;804;813;820;923;926;937;952
2659,16,16,0,1;63;502;532;549;553;679;712;766;804;813;820;923;926;937;954
2660,16,16,0,1;63;417;502;532;549;553;679;766;804;813;820;923;926;937;954
2661,20,17,3,1;63;502;532;549;553;679;712;766;804;813;820;889;923;926;937;954
2662,19,18,1,1;63;426;502;532;549;553;679;712;766;804;813;820;889;923;926;937;954
2663,21,18,3,1;63;426;502;532;549;553;588;679;712;766;804;813;820;923;926;937;954
2664,19,17,2,1;63;417;502;549;553;679;766;804;813;820;923;926;937;952;954;958
2665,20,18,2,1;63;502;532;549;553;588;679;712;766;804;813;820;923;926;937;952;954
2666,18,17,1,1;63;502;532;549;553;588;679;712;766;804;820;923;926;937;952;954
2667,21,18,3,1;63;426;502;532;549;553;588;679;712;766;804;820;923;926;937;952;954
2668,19,18,1,1;63;426;502;532;549;553;588;679;712;766;804;813;820;923;926;937;954
2669,22,19,3,1;63;426;502;532;549;553;588;679;712;766;804;820;889;923;926;937;952;954
2670,22,18,4,1;63;426;502;532;549;553;588;679;712;766;804;820;889;923;926;952;954
2671,19,17,2,1;63;426;502;532;549;579;588;679;712;766;780;804;820;889;923;954
2672,20,19,1,1;63;417;426;502;532;549;579;588;679;766;780;804;820;889;923;926;937;954
2673,20,18,2,1;63;417;426;502;532;549;579;588;679;766;780;804;820;923;926;937;954
2674,18,18,0,1;63;426;502;532;549;579;588;679;712;766;780;804;820;923;926;937;954
2675,18,18,0,1;63;426;502;549;579;679;712;766;780;804;813;820;889;923;926;937;954
2676,19,17,2,1;63;426;502;532;549;579;679;712;766;780;804;813;820;889;923;937
2677,15,15,0,1;63;502;549;553;679;712;766;780;804;813;820;889;923;926
2678,18,16,2,1;63;502;532;549;553;679;712;766;804;813;820;866;889;923;926
2679,18,16,2,1;63;502;532;553;679;712;766;780;804;813;820;866;889;923;926
2680,16,15,1,1;63;502;532;553;679;712;766;804;813;820;866;889;923;926
2681,15,14,1,63;502;532;553;679;712;766;804;813;820;866;889;923;926
2682,15,15,0,1;63;502;532;553;679;712;766;804;813;820;866;889;923;926
2683,16,16,0,1;63;502;532;553;679;712;766;804;813;820;866;889;923;926;952
2684,17,16,1,1;63;502;532;549;553;679;712;766;804;813;820;889;923;926;952
2685,17,16,1,1;63;107;502;532;549;553;679;766;804;813;820;889;923;926;952
2686,17,17,0,1;63;286;502;532;549;553;679;766;804;813;820;889;923;926;952;958
2687,18,17,1,1;63;286;502;532;549;553;679;766;804;813;820;866;889;923;926;952
2688,17,17,0,1;63;286;502;532;549;553;679;766;804;813;820;866;889;923;926;958
2689,16,15,1,1;63;502;532;549;553;679;766;804;813;820;866;889;923;926
2690,16,16,0,1;63;286;502;532;549;553;679;766;804;813;820;866;889;923;926
2691,16,16,0,1;63;286;502;532;549;553;679;766;804;813;820;866;889;923;926
2692,15,15,0,1;63;286;502;532;549;553;679;766;804;813;820;889;923;926
2693,16,14,2,1;63;502;532;549;553;679;766;804;813;820;889;923;926
2694,16,15,1,1;63;286;502;532;549;553;679;766;804;813;820;889;923;926
2695,16,15,1,1;63;286;502;532;549;553;679;766;804;813;820;889;923;926
2696,18,18,0,1;63;286;502;532;549;553;679;766;804;813;820;866;889;923;926;937;983
2697,20,18,2,1;63;286;502;532;549;553;679;766;804;813;820;866;889;923;926;937;983
2698,18,17,1,1;63;286;502;549;553;679;766;804;813;820;866;889;923;926;937;983
2699,18,17,1,1;63;286;502;549;553;679;766;804;813;820;866;889;923;926;937;983
2700,15,15,0,1;63;286;502;549;553;679;766;804;813;820;923;926;937;983
2701,15,15,0,1;63;286;502;549;553;679;766;804;813;820;923;926;937;983
2702,18,17,1,1;63;107;286;502;549;553;679;766;804;813;820;923;926;937;954;983
2703,17,16,1,1;63;286;502;549;553;679;766;804;813;820;923;926;937;954;983
2704,17,16,1,1;63;286;502;549;553;679;766;804;813;820;923;926;937;954;983
2705,16,16,0,1;63;286;502;549;553;679;766;804;813;820;923;926;937;954;983
2706,17,16,1,1;63;286;502;549;553;679;766;804;813;820;923;926;937;954;983
2707,15,14,1,1;63;286;502;549;553;679;766;804;813;820;923;937;983
2708,15,15,0,1;63;286;502;549;553;679;766;804;813;820;923;926;937;983
2709,16,16,0,1;63;286;502;549;553;679;712;766;804;813;820;923;926;937;983
2710,15,14,1,1;63;286;549;553;679;766;804;813;820;923;926;937;983
2711,16,15,1,1;63;286;502;549;553;679;712;766;804;813;889;923;926;983
2712,16,15,1,1;63;286;502;549;553;679;712;766;804;813;923;926;937;983
2713,16,16,0,1;63;286;502;549;553;679;712;766;804;813;923;926;937;983;990
2714,16,16,0,1;63;286;502;549;553;679;712;766;804;813;923;926;937;983;990
2715,16,16,0,1;63;286;502;549;553;679;712;766;804;813;923;926;937;983;990
2716,17,17,0,1;63;286;502;549;553;679;712;766;780;804;813;923;926;937;983;990
2717,16,16,0,1;63;286;502;549;553;679;712;766;804;813;923;926;937;983;990
2718,15,15,0,1;63;286;502;549;553;679;712;766;804;813;889;923;926;983
2719,16,16,0,1;63;286;502;549;553;679;712;766;804;813;889;923;926;937;983
2720,17,17,0,1;63;107;286;426;502;549;553;679;712;766;804;813;923;926;983;990
2721,17,17,0,1;63;107;286;426;502;549;553;679;712;766;804;813;820;923;926;983
2722,15,15,0,1;63;107;286;502;549;553;679;712;766;804;813;923;926;983
2723,17,17,0,1;63;107;286;502;549;553;679;712;766;780;804;813;820;923;926;983
2724,16,16,0,1;63;107;286;502;549;553;679;712;766;804;813;820;923;926;983
2725,16,16,0,1;63;286;502;549;553;660;679;766;804;813;820;923;926;937;983
2726,15,15,0,1;63;286;502;549;553;660;679;766;804;813;923;926;937;983
2727,17,17,0,1;63;286;502;549;553;660;679;766;804;813;866;889;923;926;937;983
2728,16,15,1,1;63;286;502;549;553;660;679;766;804;813;923;926;937;983
2729,16,16,0,1;63;107;286;502;549;553;679;712;766;804;813;923;926;937;983
2730,16,16,0,1;63;107;286;502;549;553;679;712;766;804;813;923;926;937;983
2731,17,17,0,1;63;107;286;502;549;553;679;712;766;804;813;820;889;923;926;983
2732,17,16,1,1;63;286;502;549;553;679;712;766;804;813;889;923;926;937;983
2733,17,17,0,1;63;286;502;532;553;579;679;712;766;804;813;889;923;926;937;983
2734,14,14,0,1;63;502;553;579;679;712;766;804;813;889;923;926;983
2735,16,16,0,1;63;286;502;532;553;579;679;712;766;804;813;889;923;926;983
2736,18,18,0,1;63;286;502;532;553;579;679;712;766;804;813;820;889;923;926;958;983
2737,17,17,0,1;63;286;502;532;553;579;679;712;766;804;813;820;889;923;926;983
2738,17,16,1,1;63;286;502;532;553;579;679;712;766;804;813;889;923;926;983
2739,17,16,1,1;63;286;502;532;553;579;679;712;766;804;813;889;923;926;983
2740,16,16,0,1;63;286;502;553;579;679;712;766;804;813;820;889;923;926;983
2741,17,16,1,1;63;286;502;553;579;679;712;766;804;813;820;889;923;926;983
2742,16,16,0,1;63;286;502;553;579;679;712;766;804;813;820;889;923;926;983
2743,17,17,0,1;63;286;417;502;553;579;679;712;766;804;813;820;889;923;926;983
2744,14,14,0,1;63;502;553;579;588;679;712;766;804;889;923;926;983
2745,14,14,0,1;63;502;553;579;679;712;766;804;813;889;923;926;983
2746,17,16,1,1;63;107;286;502;553;579;679;712;766;804;813;889;923;926;983
2747,16,15,1,1;63;286;502;553;579;679;712;766;804;813;889;923;937;983
2748,14,14,0,1;63;502;553;579;679;712;766;804;813;923;926;937;983
2749,17,15,2,1;63;286;502;553;579;679;712;766;804;923;926;937;952;983
2750,15,15,0,1;63;286;502;553;579;679;712;766;804;813;923;926;937;983
2751,17,15,2,1;63;286;553;579;679;712;766;804;889;923;926;937;952;983
2752,17,16,1,1;63;286;553;579;679;712;766;804;813;889;923;926;937;952;983
2753,17,15,2,1;63;286;553;579;679;712;766;804;813;923;926;937;952;983
2754,15,14,1,1;63;286;502;553;579;679;712;766;804;813;923;937;983
2755,16,15,1,1;63;286;502;553;579;679;712;766;804;813;923;937;952;983
2756,15,15,0,1;63;286;502;553;579;679;712;766;804;813;923;937;983;1000
2757,16,16,0,1;63;286;502;553;579;679;712;766;780;804;813;923;937;983;1000
2758,17,16,1,1;63;286;502;553;579;679;712;766;804;813;820;923;937;983;1000
2759,16,15,1,1;63;286;502;553;579;679;712;766;804;813;923;937;983;1000
2760,15,15,0,1;63;286;502;553;579;679;712;766;804;813;923;937;983;1000
2761,14,14,0,1;63;502;553;579;679;712;766;804;813;889;923;937;983
2762,13,13,0,1;63;553;579;679;712;766;804;813;889;923;937;983
2763,14,14,0,1;63;502;553;579;679;712;766;804;813;923;937;954;983
2764,14,14,0,1;63;502;553;579;679;712;766;804;813;923;937;954;983
2765,14,14,0,1;63;502;553;579;679;712;766;804;813;923;937;954;983
2766,16,16,0,1;63;502;553;579;679;712;766;804;813;889;923;937;954;983;1000
2767,16,16,0,1;63;107;502;553;579;679;712;766;804;813;889;923;937;954;983
2768,15,15,0,1;63;426;553;579;679;712;766;804;813;889;923;937;954;983
2769,14,14,0,1;63;286;426;553;579;679;712;766;804;813;889;923;983
2770,16,15,1,1;63;286;426;502;553;579;679;712;766;804;813;889;923;983
2771,16,15,1,1;63;286;426;502;553;579;679;712;766;804;813;889;923;983
2772,14,13,1,1;63;286;553;579;679;766;780;804;813;889;923;983
2773,17,17,0,1;63;286;502;553;579;679;766;780;804;813;889;923;952;983;1000;1003
2774,18,18,0,1;63;286;426;502;553;579;679;766;780;804;813;889;923;937;983;1000;1003
2775,18,18,0,1;63;286;426;502;532;553;579;679;766;780;804;813;889;923;983;1000;1003
2776,17,16,1,1;63;107;502;553;579;679;766;780;804;813;889;923;983;1000;1003
2777,16,16,0,1;63;107;502;553;579;679;766;780;804;813;889;923;983;1000;1003
2778,18,17,1,1;63;107;426;502;553;579;679;766;780;804;813;889;923;983;1000;1003
2779,16,16,0,1;63;107;426;553;579;679;766;780;804;813;889;923;983;1000;1003
2780,17,17,0,1;63;107;426;553;579;679;766;780;804;813;889;923;926;983;1000;1003
2781,17,17,0,1;63;107;426;502;553;579;679;766;780;804;813;889;923;983;1000;1003
2782,17,17,0,1;63;107;426;502;553;579;679;766;780;804;813;889;923;983;1000;1003
2783,17,16,1,1;63;107;426;553;579;679;766;780;804;813;889;923;983;1000;1003
2784,18,18,0,1;63;107;286;502;553;579;588;679;766;780;804;813;889;923;983;1000;1003
2785,16,16,0,1;63;107;553;579;588;679;766;780;804;813;889;923;983;1000;1003
2786,14,14,0,1;63;107;553;579;679;766;780;804;889;923;983;1000;1003
2787,17,16,1,1;63;107;286;553;579;679;766;780;804;820;889;923;983;1000;1003
2788,16,15,1,1;63;107;553;579;588;679;766;780;804;889;923;983;1000;1003
2789,16,15,1,1;63;107;553;579;679;766;780;804;820;889;923;983;1000;1003
2790,16,15,1,1;63;107;553;579;679;766;780;804;820;889;923;983;1000;1003
2791,16,15,1,1;63;107;553;579;588;679;766;804;820;889;923;983;1000;1003
2792,18,18,0,1;63;107;286;553;579;588;679;766;780;804;813;820;889;923;983;1000;1003
2793,18,17,1,1;63;107;286;553;579;588;679;766;780;804;820;889;923;983;1000;1003
2794,18,17,1,1;63;286;553;579;588;679;766;780;804;813;820;889;923;983;1000;1003
2795,17,15,2,1;63;286;553;579;679;766;780;804;820;889;923;983;1000;1003
2796,16,15,1,1;63;286;553;579;679;766;804;820;889;923;983;1000;1003;1011
2797,17,15,2,1;63;286;553;579;679;766;780;804;820;889;923;983;1000;1003
2798,16,16,0,1;63;286;553;579;679;766;780;804;820;889;923;954;983;1000;1003
2799,14,14,0,1;63;286;553;579;679;766;804;820;889;923;983;1000;1003
2800,16,16,0,1;63;286;553;579;679;766;804;820;889;923;952;983;1000;1003;1011
2801,13,13,0,1;63;286;553;579;679;766;804;820;889;923;983;1000
2802,14,14,0,1;63;286;553;579;679;766;804;820;889;923;983;1000;1003
2803,15,14,1,1;63;286;553;579;679;766;804;820;889;923;983;1000;1011
2804,16,14,2,1;63;286;553;579;679;766;804;820;889;923;983;1000;1011
2805,17,14,3,1;63;286;553;579;679;766;804;820;889;923;983;1000;1011
2806,14,14,0,1;63;286;553;579;679;766;780;804;820;889;923;983;1000
2807,13,13,0,1;63;553;579;679;766;780;804;820;889;923;983;1000
2808,13,13,0,1;63;553;579;679;766;780;804;820;889;923;983;1000
2809,14,14,0,1;63;553;579;679;766;780;804;820;889;923;952;983;1000
2810,14,14,0,1;63;553;579;679;766;780;804;813;820;889;923;983;1000
2811,15,15,0,1;63;553;579;679;766;780;804;813;820;889;923;952;983;1000
2812,14,14,0,1;63;553;579;679;766;780;804;813;820;889;923;983;1000
2813,14,14,0,1;63;553;579;679;766;780;804;813;820;889;923;983;1000
2814,14,14,0,1;63;553;579;679;766;780;804;813;820;889;923;983;1000
2815,15,15,0,1;63;286;553;579;588;679;766;804;820;889;923;937;983;1000
2816,16,15,1,1;63;286;426;553;579;679;766;804;813;820;889;923;952;983
2817,16,15,1,1;63;286;426;553;579;679;766;804;813;820;889;923;952;983
2818,17,16,1,1;63;286;426;553;579;679;766;804;813;820;889;923;926;952;983
2819,16,16,0,1;63;426;553;579;679;766;804;813;820;889;923;926;983;1000;1017
2820,15,15,0,1;63;426;553;579;679;766;804;813;820;889;923;926;983;1017
2821,18,18,0,1;63;107;286;426;553;579;679;766;780;804;813;820;889;923;926;983;1017
2822,17,17,0,1;63;107;286;426;553;579;679;766;780;804;813;820;889;923;983;1017
2823,20,18,2,1;63;107;286;426;553;579;679;766;780;804;813;820;889;923;926;983;1017
2824,19,18,1,1;63;107;286;426;553;579;679;766;780;804;813;820;889;923;926;983;1017
2825,17,17,0,1;63;107;286;426;553;579;679;766;780;804;813;820;889;923;983;1017
2826,16,16,0,1;63;107;426;553;579;679;766;780;804;813;820;889;923;983;1017
2827,16,15,1,1;63;286;426;553;579;679;766;780;804;813;820;889;923;983
2828,17,17,0,1;63;286;426;553;579;679;766;780;804;813;820;889;923;926;983;1017
2829,18,17,1,1;63;286;426;553;579;679;766;780;804;813;820;889;923;926;983;1017
2830,18,17,1,1;63;107;286;426;553;579;679;766;780;804;813;820;889;923;983;1017
2831,17,16,1,1;63;107;286;426;553;579;679;766;780;804;813;820;889;923;983
2832,18,18,0,1;63;107;286;426;553;579;679;766;780;804;813;820;889;923;983;1017;1021
2833,19,19,0,1;63;107;286;426;553;579;679;766;780;804;813;820;889;923;926;983;1017;1021
2834,19,19,0,1;63;107;286;426;553;579;679;766;780;804;813;820;889;923;983;1003;1017;1021
2835,19,19,0,1;63;107;286;426;553;579;679;766;780;804;813;820;889;923;983;1003;1017;1021
2836,17,17,0,1;63;107;286;426;532;553;579;679;766;804;813;820;889;923;983;1021
2837,18,18,0,1;63;107;286;426;532;553;579;679;766;804;813;820;889;923;983;1017;1021
2838,18,18,0,1;63;107;286;426;532;553;579;679;766;804;813;820;889;923;983;1017;1021
2839,15,15,0,1;63;107;426;553;579;679;766;804;813;820;889;923;983;1021
2840,16,16,0,1;63;107;286;426;553;579;679;766;804;813;820;889;923;983;1021
2841,17,16,1,1;63;107;426;553;579;679;766;804;813;820;889;923;983;1003;1021
2842,18,16,2,1;63;107;286;426;553;579;679;766;804;813;820;889;983;1003;1021
2843,15,15,0,1;63;107;286;426;553;579;679;766;804;813;820;889;983;1021
2844,15,14,1,1;63;107;426;553;579;679;766;804;813;820;889;983;1021
2845,17,16,1,1;63;107;426;553;579;679;766;780;804;813;820;889;983;1003;1021
2846,17,17,0,1;63;426;553;579;679;766;780;804;813;820;889;923;983;1003;1017;1021
2847,17,17,0,1;63;426;553;579;679;766;780;804;813;820;889;923;983;1003;1017;1021
2848,19,18,1,1;63;107;426;553;579;679;766;780;804;813;820;889;923;983;1003;1017;1021
2849,18,17,1,1;107;426;553;579;679;766;780;804;813;820;889;923;983;1003;1017;1021
2850,18,18,0,1;63;426;553;579;679;766;780;804;813;820;889;923;937;983;1003;1017;1021
2851,16,15,1,1;63;426;553;579;679;766;780;804;813;820;923;937;983;1021
2852,19,17,2,1;63;107;426;553;579;679;766;780;804;813;820;889;923;937;983;1021
2853,15,14,1,1;63;426;553;579;679;766;780;804;813;820;923;983;1021
2854,17,14,3,1;63;426;553;579;679;766;780;804;813;820;923;983;1021
2855,16,15,1,1;63;426;553;579;679;766;780;804;813;820;923;958;983;1021
2856,19,17,2,1;63;426;532;553;579;679;766;804;813;820;923;937;958;983;1017;1021
2857,18,17,1,1;63;426;532;553;579;679;766;804;813;820;923;937;958;983;1017;1021
2858,18,16,2,1;63;426;532;553;579;679;766;804;813;820;923;937;983;1017;1021
2859,17,16,1,1;63;107;426;553;579;679;766;780;804;813;820;923;937;1017;1021
2860,17,15,2,1;63;107;426;553;579;679;766;804;813;820;923;937;1017;1021
2861,16,15,1,1;63;107;426;553;579;679;766;780;804;813;820;923;983;1021
2862,18,18,0,1;63;107;426;553;579;679;766;780;804;813;820;923;937;983;1003;1021;1036
2863,19,18,1,1;63;426;553;579;679;766;780;804;813;820;889;923;937;983;1003;1021;1036
2864,16,16,0,1;63;426;553;579;679;766;780;804;813;820;923;937;983;1003;1021
2865,17,17,0,1;63;107;426;553;579;679;766;780;804;813;820;923;937;983;1003;1021
2866,18,17,1,1;63;286;426;553;579;679;712;766;804;813;820;889;923;937;983;1021
2867,16,15,1,1;63;286;426;553;579;679;766;804;813;820;923;937;983;1021
2868,16,15,1,1;63;286;426;553;579;679;712;766;804;813;820;923;983;1021
2869,16,16,0,1;63;286;426;553;579;679;712;766;804;813;820;923;983;1021;1039
2870,16,15,1,1;63;286;426;553;579;679;766;804;813;820;923;983;1021;1039
2871,16,15,1,1;63;286;426;553;579;679;766;804;813;820;923;983;1021;1039
2872,16,15,1,1;63;286;426;553;579;679;766;804;813;820;923;983;1021;1039
2873,17,17,0,1;63;107;286;426;553;579;679;766;804;813;820;923;983;1021;1039;1040
2874,17,16,1,1;63;286;426;553;579;679;766;804;813;820;923;983;1021;1039;1040
2875,16,15,1,1;63;286;426;553;579;679;766;804;813;820;923;983;1021;1039
2876,16,15,1,1;63;286;426;553;579;679;766;804;813;820;923;983;1021;1039
2877,18,17,1,1;63;286;426;553;579;679;766;780;804;813;820;923;983;1021;1039;1041
2878,19,18,1,1;63;286;426;532;553;579;679;766;780;804;813;820;923;983;1021;1039;1041
2879,20,18,2,1;63;286;426;553;579;588;679;766;780;804;813;820;923;983;1021;1039;1041
2880,19,17,2,1;63;286;426;553;579;588;679;766;780;804;820;923;983;1003;1021;1039
2881,16,15,1,1;63;107;426;553;579;679;766;804;820;923;983;1021;1039;1043
2882,18,15,3,1;63;107;426;553;579;679;766;804;820;923;983;1021;1039;1043
2883,18,16,2,1;63;107;426;553;579;679;766;804;813;820;923;983;1021;1039;1043
2884,19,17,2,1;63;107;426;553;579;679;766;804;813;820;923;954;983;1021;1039;1043
2885,16,16,0,1;63;107;426;553;579;679;766;804;813;820;923;983;1021;1039;1043
2886,16,16,0,1;63;107;426;553;579;679;766;804;813;820;923;983;1021;1039;1043
2887,20,18,2,1;63;107;286;426;553;579;679;766;804;813;820;923;954;983;1021;1039;1043
2888,19,18,1,1;63;107;286;426;553;579;679;766;804;813;820;923;954;983;1021;1039;1043
2889,18,15,3,1;63;107;426;553;579;679;766;804;813;820;923;983;1021;1039
2890,17,16,1,1;63;107;286;426;553;579;679;766;804;813;820;923;983;1021;1039
2891,17,16,1,1;63;107;286;426;553;579;679;766;804;813;820;923;983;1021;1039
2892,16,15,1,1;63;107;426;553;579;679;766;804;813;820;923;983;1021;1039
2893,16,15,1,1;63;107;426;553;579;679;766;804;813;820;923;983;1021;1039
2894,17,16,1,1;63;107;426;553;579;679;766;804;813;820;923;983;1021;1039;1058
2895,18,16,2,1;63;107;426;553;579;679;766;804;813;820;923;983;1021;1039;1058
2896,17,17,0,1;63;107;286;426;553;579;679;766;780;804;820;923;983;1021;1039;1058
2897,18,18,0,1;63;107;286;426;553;579;679;766;780;804;820;923;952;983;1021;1039;1058
2898,17,17,0,1;63;107;426;553;579;679;766;780;804;820;923;952;983;1021;1039;1058
2899,17,17,0,1;63;107;426;553;579;679;766;780;804;820;923;952;983;1021;1039;1058
2900,16,16,0,1;63;107;426;553;579;679;766;804;820;923;952;983;1021;1039;1058
2901,17,17,0,1;63;107;286;426;553;579;679;766;804;820;923;952;983;1021;1039;1058
2902,17,17,0,1;63;286;426;502;553;579;679;766;804;820;923;952;983;1021;1039;1058
2903,14,14,0,1;63;426;553;579;679;766;804;820;923;983;1021;1039;1058
2904,13,12,1,1;426;553;579;679;766;804;820;923;983;1021;1039
2905,13,12,1,1;426;553;579;679;766;804;820;923;983;1021;1039
2906,15,14,1,1;426;553;579;679;712;766;804;820;923;954;983;1021;1058
2907,13,13,0,1;426;553;579;679;766;804;820;923;954;983;1021;1061
2908,15,14,1,1;426;553;579;679;766;804;820;923;952;954;983;1021;1061
2909,14,12,2,1;426;553;579;679;766;804;820;923;983;1021;1061
2910,13,13,0,1;426;553;579;679;766;804;820;923;954;983;1021;1061
2911,13,13,0,1;63;426;553;579;679;766;804;820;923;954;983;1021
2912,13,13,0,1;63;426;553;579;679;766;804;820;923;954;983;1021
2913,15,15,0,1;63;107;426;553;579;679;766;780;804;820;923;954;983;1021
2914,13,13,0,1;63;426;553;579;679;766;804;820;923;954;983;1021
2915,13,13,0,1;63;426;553;579;679;766;804;820;923;954;983;1021
2916,13,13,0,1;63;426;553;579;679;766;804;820;923;954;983;1021
2917,14,13,1,1;63;426;553;579;679;766;804;820;923;954;983;1021
2918,14,13,1,1;63;426;553;579;679;766;804;820;923;954;983;1021
2919,13,13,0,1;63;426;553;579;679;766;804;820;923;954;983;1021
2920,15,15,0,1;63;286;426;553;579;679;766;780;804;820;923;954;983;1021
2921,14,14,0,1;63;426;553;579;679;766;780;804;820;923;954;983;1021
2922,14,14,0,1;63;426;553;579;679;766;780;804;820;923;954;983;1021
2923,13,13,0,1;63;426;553;579;679;766;804;820;923;954;983;1021
2924,14,14,0,1;63;426;553;579;679;766;780;804;820;923;954;983;1021
2925,15,14,1,1;63;426;553;579;679;766;780;804;820;923;954;983;1021
2926,13,13,0,1;63;426;553;579;679;766;804;820;923;954;983;1021
2927,14,14,0,1;63;286;426;553;579;679;766;804;820;923;954;983;1021
2928,12,12,0,1;63;426;553;579;679;766;804;923;954;983;1021
2929,12,12,0,1;63;426;553;579;679;766;804;923;954;983;1021
2930,12,12,0,1;63;426;553;579;679;766;804;923;954;983;1021
2931,12,12,0,1;63;426;553;579;679;766;804;923;954;983;1021
2932,12,12,0,1;63;426;553;579;679;766;804;923;954;983;1021
2933,12,12,0,1;63;426;553;579;679;766;804;954;983;1017;1021
2934,12,12,0,1;63;426;553;579;679;766;804;954;983;1017;1021
2935,12,12,0,1;63;426;553;579;679;766;804;954;983;1017;1021
2936,12,12,0,1;63;426;553;579;679;766;804;954;983;1017;1021
2937,12,12,0,1;63;426;553;579;679;766;804;954;983;1017;1021
2938,12,12,0,1;63;426;553;579;679;766;804;954;983;1017;1021
2939,12,12,0,1;63;426;553;579;679;766;804;954;983;1017;1021
2940,12,12,0,1;63;426;553;579;679;766;804;954;983;1017;1021
2941,12,12,0,1;63;426;553;579;679;766;804;954;983;1017;1021
2942,12,12,0,1;63;426;553;579;679;766;804;954;983;1017;1021
2943,12,12,0,1;63;426;553;579;679;766;804;954;983;1017;1021
2944,12,12,0,1;63;426;553;579;679;766;804;954;983;1017;1021
2945,13,13,0,1;63;426;553;579;679;766;804;954;983;1017;1021;1058
2946,13,13,0,1;63;426;553;579;679;766;804;954;983;1017;1021;1058
2947,14,13,1,1;63;426;553;579;679;766;804;954;983;1017;1021;1058
2948,13,13,0,1;63;426;553;579;679;766;804;954;983;1017;1021;1058
2949,13,13,0,1;63;426;553;579;679;766;804;954;983;1017;1021;1058
2950,14,13,1,1;63;426;553;579;679;766;804;954;983;1017;1021;1058
2951,13,13,0,1;63;426;553;579;679;766;804;954;983;1017;1021;1058
2952,13,13,0,1;63;426;553;579;679;766;804;954;983;1017;1021;1058
2953,13,13,0,1;63;426;553;579;679;766;804;954;983;1017;1021;1058
2954,14,14,0,1;63;426;553;579;679;766;804;954;958;983;1017;1021;1058
2955,13,13,0,1;63;426;553;579;679;766;804;954;983;1017;1021;1058
2956,12,12,0,1;63;426;553;579;679;766;804;983;1017;1021;1058
2957,12,12,0,1;63;426;553;579;679;766;804;983;1017;1021;1058
2958,12,12,0,1;63;426;553;579;679;766;804;983;1017;1021;1058
2959,12,12,0,1;63;426;553;579;679;766;804;983;1017;1021;1058
2960,12,12,0,1;63;426;553;579;679;766;804;983;1017;1021;1058
2961,12,12,0,1;63;426;553;579;679;766;804;983;1017;1021;1058
2962,12,12,0,1;63;426;553;579;679;766;804;983;1017;1021;1058
2963,12,12,0,1;63;426;553;579;679;766;804;983;1017;1021;1058
2964,11,11,0,1;63;426;553;579;679;766;804;983;1021;1058
2965,12,11,1,1;63;426;553;579;679;766;804;983;1021;1058
2966,11,11,0,1;63;426;553;579;679;766;804;983;1021;1058
2967,11,11,0,1;63;426;553;579;679;766;804;983;1021;1058
2968,11,11,0,1;63;426;553;579;679;766;804;983;1021;1058
2969,12,12,0,1;63;426;553;579;679;766;804;937;983;1021;1058
2970,13,13,0,1;63;426;553;579;679;766;804;937;954;983;1021;1058
2971,14,13,1,1;63;426;553;579;679;766;804;889;954;983;1021;1058
2972,13,13,0,1;63;426;553;579;679;766;804;889;954;983;1021;1058
2973,14,13,1,1;63;426;553;579;679;766;804;889;954;983;1021;1058
2974,14,14,0,1;63;426;553;579;679;766;804;889;952;954;983;1021;1058
2975,14,14,0,1;63;426;553;579;679;766;804;889;952;954;983;1021;1058
2976,14,14,0,1;63;426;553;579;679;766;804;889;952;954;983;1021;1058
2977,13,13,0,1;63;426;553;579;679;766;804;889;952;954;983;1021
2978,13,13,0,1;63;426;553;579;679;766;804;889;952;954;983;1021
2979,13,13,0,1;63;426;553;579;679;766;804;889;952;954;983;1021
2980,13,13,0,1;63;426;553;579;679;766;804;889;952;954;983;1021
2981,13,13,0,1;63;426;553;579;679;766;804;889;952;954;983;1021
2982,13,13,0,1;63;426;553;579;679;766;804;889;952;954;983;1021
2983,14,14,0,1;63;426;553;579;679;766;780;804;889;952;954;983;1021
2984,14,14,0,1;63;426;553;579;679;766;780;804;889;952;954;983;1021
2985,14,14,0,1;63;426;553;579;679;766;780;804;889;952;954;983;1021
2986,13,13,0,1;63;426;553;579;679;766;804;889;952;954;983;1021
2987,13,13,0,1;63;426;553;579;679;766;804;889;952;954;983;1021
2988,13,13,0,1;63;426;553;579;679;766;804;889;952;954;983;1021
2989,13,13,0,1;63;426;553;579;679;766;804;889;952;954;983;1021
2990,14,14,0,1;63;286;426;553;579;679;766;804;889;952;954;983;1021
2991,13,13,0,1;63;286;426;553;579;679;766;804;889;952;983;1021
2992,15,15,0,1;63;286;426;553;579;679;766;804;889;952;954;983;1021;1058
2993,14,14,0,1;63;286;426;553;579;679;766;804;889;952;954;983;1021
2994,14,14,0,1;63;286;426;553;579;679;766;804;889;952;954;983;1021
2995,14,14,0,1;63;286;426;553;579;679;780;804;889;952;954;983;1021
2996,14,13,1,1;63;426;579;679;780;804;813;889;952;954;983;1021
2997,16,14,2,1;63;426;579;679;780;804;813;889;952;954;983;1021;1058
2998,15,14,1,1;63;426;579;679;780;804;813;889;952;954;983;1021;1058
2999,19,17,2,1;63;286;426;579;679;766;780;804;813;820;889;952;954;983;1021;1058
3000,16,16,0,1;63;286;426;579;679;766;780;804;813;820;889;952;983;1021;1058
3001,12,12,0,1;63;426;579;679;766;804;813;820;889;983;1021
3002,12,12,0,1;63;426;579;679;766;804;813;820;889;983;1021
3003,12,12,0,1;63;426;579;679;804;813;820;889;952;983;1021
3004,12,11,1,1;63;426;579;679;804;813;889;952;983;1021
3005,11,10,1,1;63;426;579;679;804;813;889;983;1021
3006,10,10,0,1;63;426;579;679;804;813;889;983;1021
3007,11,11,0,1;63;426;579;679;804;813;889;952;983;1021
3008,12,11,1,1;63;426;579;679;804;813;889;952;983;1021
3009,12,11,1,1;63;426;579;679;804;813;889;952;983;1021
3010,14,13,1,1;63;426;553;579;679;780;804;813;889;952;983;1021
3011,13,13,0,1;63;426;579;679;780;804;813;889;983;1021;1058;1076
3012,13,13,0,1;63;426;579;679;780;804;813;889;983;1021;1058;1076
3013,14,14,0,1;63;426;553;579;679;780;804;889;954;983;1021;1058;1076
3014,14,14,0,1;63;426;553;579;679;780;804;889;954;983;1021;1058;1076
3015,14,14,0,1;63;426;553;579;679;780;804;889;954;983;1021;1058;1076
3016,13,13,0,1;63;426;553;579;679;804;889;954;983;1021;1058;1076
3017,14,14,0,1;63;286;426;553;579;679;804;889;954;983;1021;1058;1076
3018,13,13,0,1;63;286;426;553;579;679;804;889;983;1021;1058;1076
3019,14,14,0,1;63;286;426;553;579;679;804;889;954;983;1021;1058;1076
3020,14,13,1,1;63;286;426;553;579;679;766;804;889;983;1021;1058
3021,14,13,1,1;63;286;426;553;579;679;766;804;889;983;1021;1058
3022,13,12,1,1;63;426;553;579;679;766;804;889;983;1021;1058
3023,13,13,0,1;63;426;553;579;679;766;804;889;983;1021;1058;1077
3024,13,13,0,1;63;426;553;579;679;766;804;889;983;1021;1058;1077
3025,15,15,0,1;63;286;426;553;579;679;766;780;804;889;983;1021;1058;1077
3026,14,14,0,1;63;426;553;579;679;766;780;804;889;983;1021;1058;1077
3027,15,15,0,1;63;286;426;553;579;679;766;780;804;889;983;1021;1058;1077
3028,13,13,0,1;63;426;553;579;679;766;780;804;983;1021;1058;1077
3029,13,13,0,1;63;426;553;579;679;766;780;804;983;1021;1058;1077
3030,13,13,0,1;63;426;553;579;679;766;780;804;983;1021;1058;1077
3031,12,12,0,1;63;426;553;579;679;766;804;983;1021;1058;1077
3032,11,11,0,1;63;553;579;679;766;804;983;1021;1058;1077
3033,12,12,0,1;63;426;553;579;679;766;804;983;1021;1058;1077
3034,12,12,0,1;63;426;553;579;679;766;804;983;1021;1058;1077
3035,12,12,0,1;63;286;553;579;679;766;804;983;1021;1058;1077
3036,12,12,0,1;63;553;579;679;766;804;954;983;1021;1058;1077
3037,13,13,0,1;63;286;553;579;679;766;804;889;983;1021;1058;1077
3038,12,12,0,1;63;286;553;579;679;766;804;983;1021;1058;1077
3039,12,12,0,1;63;286;553;579;679;766;804;983;1021;1058;1077
3040,15,13,2,1;63;286;553;579;679;766;804;954;983;1021;1058;1077
3041,14,14,0,1;63;286;553;579;679;766;804;952;954;983;1021;1058;1077
3042,13,13,0,1;63;286;579;679;766;804;813;954;983;1021;1058;1077
3043,13,13,0,1;63;286;579;679;766;804;813;954;983;1021;1058;1077
3044,14,13,1,1;63;286;579;679;766;804;813;954;983;1021;1058;1077
3045,13,13,0,1;63;286;426;579;679;766;804;813;954;983;1021;1058
3046,12,12,0,1;63;286;579;679;766;804;813;983;1021;1058;1077
3047,14,13,1,1;63;286;579;679;766;804;813;954;983;1021;1058;1077
3048,12,12,0,1;63;286;579;679;766;804;813;954;983;1021;1077
3049,12,12,0,1;63;286;426;579;679;766;804;813;983;1021;1077
3050,12,12,0,1;63;286;579;679;766;804;813;983;1021;1058;1077
3051,13,12,1,1;63;286;579;679;766;804;813;983;1021;1058;1077
3052,12,12,0,1;63;286;579;679;766;804;813;983;1021;1058;1077
3053,13,13,0,1;63;286;579;679;766;804;813;820;983;1021;1058;1077
3054,12,12,0,1;63;286;579;679;766;804;813;983;1021;1058;1077
3055,11,11,0,1;63;286;579;679;766;804;813;983;1021;1058
3056,14,13,1,1;63;286;579;679;766;780;804;813;983;1021;1058;1077
3057,14,14,0,1;63;286;579;679;766;804;813;952;954;983;1021;1058;1077
3058,14,13,1,1;63;579;679;766;780;804;813;954;983;1021;1058;1077
3059,13,12,1,1;63;579;679;766;780;813;952;983;1021;1058;1077
3060,12,11,1,1;63;579;679;766;780;813;983;1021;1058;1077
3061,15,11,4,1;63;286;579;679;766;813;983;1021;1058;1077
3062,14,12,2,1;63;286;579;679;766;813;952;983;1021;1058;1077
3063,12,11,1,1;63;286;579;679;766;813;952;983;1021;1077
3064,14,12,2,1;63;286;426;579;679;766;813;952;983;1021;1077
3065,12,11,1,1;63;286;579;679;766;813;952;983;1021;1077
3066,15,12,3,1;63;286;426;579;679;766;813;952;983;1021;1077
3067,13,12,1,1;63;286;426;579;679;766;813;952;983;1021;1077
3068,14,12,2,1;63;286;426;579;679;766;813;952;983;1021;1077
3069,15,12,3,1;63;286;426;579;679;766;813;952;983;1021;1077
3070,12,12,0,1;63;286;426;553;579;679;766;952;983;1021;1077
3071,12,12,0,1;63;286;426;553;579;679;766;952;983;1021;1077
3072,12,12,0,1;63;286;426;579;679;766;813;952;983;1021;1077
3073,14,13,1,1;63;286;426;579;679;766;813;952;954;983;1021;1077
3074,13,12,1,1;63;286;426;579;679;766;813;952;954;983;1021
3075,11,11,0,1;63;286;426;579;679;766;813;952;983;1021
3076,13,12,1,1;63;426;553;579;679;766;813;952;954;983;1021
3077,15,13,2,1;63;426;553;579;679;766;813;952;954;983;1021;1077
3078,16,14,2,1;63;426;553;579;679;766;813;937;952;954;983;1021;1077
3079,16,14,2,1;63;426;553;579;679;766;813;937;952;954;983;1021;1100
3080,17,16,1,1;63;426;553;579;679;766;813;937;952;954;983;1017;1021;1100;1101
3081,15,14,1,1;63;426;553;579;679;766;813;952;954;983;1021;1100;1101
3082,12,12,0,1;63;426;579;679;766;813;952;954;983;1021;1101
3083,12,12,0,1;63;426;579;679;766;813;952;954;983;1021;1100
3084,12,12,0,1;63;426;579;679;766;813;952;954;983;1021;1100
3085,12,12,0,1;63;426;579;679;766;804;813;952;954;983;1021
3086,11,11,0,1;63;426;579;679;766;813;952;954;983;1021
3087,11,11,0,1;63;426;579;679;766;813;952;954;983;1021
3088,12,11,1,1;63;426;579;679;766;813;952;954;983;1021
3089,12,11,1,1;63;426;579;679;766;813;952;954;983;1021
3090,12,11,1,1;63;426;579;679;766;813;952;954;983;1021
3091,14,12,2,1;63;426;579;679;766;813;952;954;983;1021;1104
3092,14,12,2,1;63;426;579;679;766;813;952;954;983;1021;1104
3093,15,13,2,1;63;426;579;679;766;813;952;954;983;1021;1077;1104
3094,14,13,1,1;63;426;579;679;766;813;952;954;983;1021;1104;1106
3095,17,14,3,1;63;426;579;679;766;813;952;954;983;1021;1077;1104;1106
3096,17,14,3,1;63;426;579;679;766;813;952;954;983;1021;1101;1104;1106
3097,20,14,6,1;63;426;579;679;766;813;952;954;983;1017;1021;1104;1106
3098,14,13,1,1;63;426;579;679;766;813;952;954;983;1021;1104;1106
3099,13,13,0,1;63;426;579;679;766;813;952;954;983;1021;1104;1106
3100,12,12,0,1;63;426;579;679;813;937;952;954;1021;1104;1106
3101,12,12,0,1;63;426;579;679;813;937;952;954;1021;1104;1106
3102,13,13,0,1;63;426;553;579;679;937;952;954;1021;1100;1104;1106
3103,13,13,0,1;63;426;553;579;679;937;952;954;1021;1100;1104;1106
3104,15,13,2,1;63;426;553;579;679;937;952;954;1021;1100;1104;1106
3105,14,12,2,1;63;426;553;579;679;937;952;954;1021;1104;1106
3106,13,13,0,1;63;286;426;553;579;679;937;952;1021;1100;1104;1106
3107,13,13,0,1;63;426;553;579;679;937;952;954;1021;1100;1104;1106
3108,14,13,1,1;63;426;553;579;679;937;952;954;1021;1100;1104;1106
3109,14,13,1,1;63;426;553;579;679;937;952;954;1021;1100;1104;1106
3110,18,14,4,1;63;426;553;579;679;813;937;952;954;1021;1100;1104;1106
3111,16,14,2,1;63;426;553;579;679;813;937;952;954;1021;1100;1104;1106
3112,19,14,5,1;63;426;553;579;679;813;937;952;954;1021;1100;1104;1106
3113,14,13,1,1;426;553;579;679;937;952;954;1021;1100;1104;1106;1121
3114,16,15,1,1;63;286;426;553;579;679;813;937;952;983;1021;1100;1104;1106
3115,16,14,2,1;63;426;553;579;679;937;952;954;983;1021;1100;1104;1106
3116,16,15,1,1;63;553;579;679;937;952;954;983;1017;1021;1077;1104;1106;1121
3117,16,14,2,1;63;553;579;679;813;952;954;1017;1021;1100;1104;1106;1121
3118,15,14,1,1;553;579;679;813;952;954;1021;1100;1101;1104;1106;1121;1127
3119,15,14,1,1;553;579;679;813;952;954;1017;1021;1100;1104;1106;1121;1127
3120,14,14,0,1;553;579;679;813;952;954;1017;1021;1100;1104;1106;1121;1127
3121,14,14,0,1;553;579;679;813;937;952;954;1017;1021;1104;1106;1121;1127
3122,12,12,0,1;553;579;679;952;954;1017;1021;1104;1106;1121;1127
3123,15,15,0,1;553;579;679;813;952;954;1017;1021;1058;1077;1104;1106;1121;1127
3124,14,14,0,1;553;579;679;952;954;1017;1021;1058;1077;1104;1106;1121;1127
3125,15,14,1,553;579;679;813;937;952;954;1017;1021;1058;1104;1106;1121;1127
3126,16,15,1,1;553;579;679;813;937;952;954;1017;1021;1077;1104;1106;1121;1127
3127,17,13,4,1;553;579;679;937;952;954;1017;1021;1104;1106;1121;1127
3128,15,13,2,1;553;579;679;937;952;954;1017;1104;1106;1121;1127;1130
3129,13,13,0,1;553;579;679;813;952;954;983;1017;1021;1104;1106;1127
3130,19,17,2,1;553;579;679;780;813;952;954;983;1017;1021;1058;1100;1104;1106;1121;1127
3131,15,13,2,1;553;579;679;780;952;954;1017;1021;1058;1104;1106;1127
3132,20,16,4,1;553;579;679;780;813;952;954;1017;1021;1058;1104;1106;1121;1127;1130
3133,14,13,1,1;553;579;679;780;952;954;1017;1058;1104;1106;1121;1127
3134,14,13,1,426;553;579;679;780;952;954;1017;1058;1104;1106;1121;1127
3135,16,15,1,1;426;553;579;679;780;952;954;1017;1058;1104;1106;1121;1127;1137
3136,16,15,1,1;426;553;579;679;952;954;1017;1021;1058;1104;1106;1121;1127;1130
3137,13,13,0,1;426;579;679;952;954;1017;1021;1100;1104;1106;1121;1127
3138,14,14,0,1;426;579;679;952;954;1017;1021;1100;1104;1106;1121;1127;1137
3139,12,12,0,1;426;579;679;952;954;1017;1021;1100;1104;1106;1127
3140,12,12,0,1;426;579;679;952;954;1017;1021;1100;1104;1106;1127
3141,12,12,0,1;426;579;679;952;954;1017;1021;1100;1104;1106;1127
3142,14,12,2,1;426;579;679;952;954;1017;1021;1100;1104;1106;1127
3143,12,11,1,1;426;579;679;952;954;1017;1100;1104;1106;1127
3144,11,11,0,1;426;579;679;952;954;1017;1021;1100;1106;1127
3145,14,13,1,1;426;579;679;780;952;954;1017;1021;1100;1106;1121;1127
3146,14,14,0,1;426;579;679;780;952;954;1017;1021;1100;1104;1106;1121;1127
3147,13,13,0,1;426;579;679;780;952;954;1017;1021;1100;1106;1121;1127
3148,13,13,0,1;426;579;679;780;952;954;1017;1021;1100;1106;1121;1127
3149,13,13,0,1;426;579;679;780;952;954;1017;1021;1100;1106;1121;1127
3150,13,13,0,1;426;579;679;780;952;954;1017;1021;1100;1106;1121;1127
3151,12,12,0,1;426;579;679;937;952;954;1017;1021;1100;1106;1127
3152,15,15,0,1;426;579;679;780;937;952;954;1017;1021;1100;1104;1106;1121;1127
3153,14,14,0,1;426;579;679;780;952;954;1017;1021;1100;1104;1106;1121;1127
3154,18,15,3,1;426;579;679;780;952;954;1017;1021;1100;1104;1106;1121;1127;1137
3155,16,15,1,1;426;579;679;780;952;954;1017;1021;1100;1104;1106;1127;1130;1137
3156,16,13,3,1;426;579;679;952;954;1017;1100;1104;1106;1127;1130;1137
3157,13,12,1,1;426;579;679;952;954;1017;1021;1100;1106;1127;1147
3158,13,12,1,1;426;579;679;952;954;1017;1021;1100;1106;1127;1147
3159,14,14,0,1;426;579;679;952;954;1017;1021;1058;1100;1106;1127;1147;1149
3160,14,14,0,1;426;579;679;952;954;1017;1021;1058;1100;1106;1127;1147;1149
3161,16,14,2,1;426;579;679;952;954;1017;1021;1058;1100;1106;1127;1147;1149
3162,18,15,3,1;63;426;579;679;952;954;1017;1021;1100;1106;1121;1127;1147;1149
3163,15,13,2,1;426;579;679;937;952;954;1017;1021;1100;1106;1127;1147
3164,16,13,3,1;426;579;679;952;954;1017;1021;1100;1106;1127;1147;1150
3165,17,16,1,1;426;579;679;937;952;954;1017;1021;1100;1106;1121;1127;1147;1150;1152
3166,18,15,3,1;426;579;679;952;954;1017;1021;1100;1106;1127;1147;1149;1150;1152
3167,16,15,1,1;426;579;679;780;952;983;1017;1021;1100;1106;1127;1147;1150;1152
3168,16,15,1,1;426;579;679;937;952;983;1017;1021;1100;1106;1127;1147;1150;1152
3169,16,16,0,1;426;579;679;937;952;983;1017;1021;1100;1106;1127;1147;1150;1152;1156
3170,15,15,0,1;426;579;679;937;952;1017;1021;1100;1106;1127;1147;1150;1152;1156
3171,15,15,0,426;579;679;937;952;1017;1021;1058;1100;1106;1127;1147;1150;1152;1156
3172,15,15,0,1;426;579;679;937;952;1017;1021;1100;1106;1127;1147;1150;1152;1156
3173,15,15,0,1;426;579;679;937;952;983;1017;1021;1100;1106;1127;1147;1150;1152
3174,16,16,0,1;426;579;679;804;937;952;983;1017;1021;1100;1101;1106;1127;1147;1152
3175,14,14,0,1;426;579;679;937;952;983;1017;1021;1058;1100;1127;1147;1150
3176,13,13,0,1;426;579;679;937;952;1017;1021;1058;1100;1127;1147;1150
3177,12,12,0,1;426;579;679;952;1017;1100;1106;1121;1127;1147;1152
3178,12,11,1,1;426;579;679;952;1017;1100;1121;1127;1147;1150
3179,13,11,2,1;426;579;679;952;1017;1100;1121;1127;1147;1152
3180,15,12,3,1;426;579;679;952;1017;1100;1121;1127;1147;1150;1152
3181,13,13,0,1;426;579;679;937;952;1017;1100;1121;1127;1147;1150;1158
3182,13,13,0,1;426;579;679;937;954;1017;1100;1121;1127;1147;1150;1158
3183,13,12,1,1;426;579;679;954;1017;1100;1121;1127;1147;1150;1158
3184,18,14,4,1;63;426;579;679;954;1017;1058;1100;1121;1127;1147;1150;1158
3185,15,13,2,426;579;679;780;954;1017;1058;1100;1121;1127;1147;1150;1158
3186,14,13,1,1;426;579;679;780;954;1017;1100;1121;1127;1147;1150;1158
3187,13,13,0,1;426;579;679;780;954;1017;1100;1121;1127;1147;1150;1158
3188,14,13,1,1;426;579;679;780;954;1017;1100;1121;1127;1147;1150;1158
3189,16,14,2,1;426;579;679;937;954;1017;1077;1100;1106;1121;1127;1147;1158
3190,17,13,4,1;426;579;679;954;1017;1077;1100;1106;1121;1127;1147;1158
3191,16,13,3,1;426;579;679;954;1017;1077;1100;1106;1121;1127;1147;1158
3192,21,16,5,1;426;579;679;952;954;1017;1077;1100;1106;1121;1127;1147;1150;1152;1158
3193,16,15,1,1;426;579;679;954;1017;1077;1100;1106;1121;1127;1147;1152;1158;1169
3194,16,15,1,1;426;579;679;954;1017;1077;1100;1101;1106;1121;1127;1147;1158;1169
3195,20,16,4,1;426;579;679;954;1017;1077;1100;1101;1106;1121;1127;1147;1152;1158;1169
3196,15,15,0,1;63;426;579;679;780;1017;1021;1077;1100;1101;1121;1147;1158;1169
3197,16,14,2,1;286;426;579;679;780;1017;1021;1077;1100;1121;1127;1147;1158
3198,16,14,2,1;286;426;579;679;780;1017;1077;1100;1121;1127;1147;1158;1169
3199,15,13,2,1;286;426;579;679;780;1017;1077;1100;1121;1127;1147;1158
3200,14,13,1,1;286;426;579;679;1017;1021;1077;1100;1121;1127;1147;1158
3201,14,14,0,1;286;426;579;679;1017;1021;1077;1100;1121;1127;1147;1158;1181
3202,15,15,0,1;286;426;579;679;1017;1021;1077;1100;1101;1121;1127;1147;1150;1158
3203,13,12,1,1;286;426;579;679;1017;1077;1100;1121;1127;1147;1158
3204,13,12,1,1;426;579;679;954;1017;1077;1100;1121;1127;1147;1158
3205,13,11,2,1;426;579;679;954;1017;1100;1121;1127;1147;1158
3206,15,13,2,1;426;579;679;952;954;1017;1077;1100;1121;1127;1147;1158
3207,13,13,0,1;426;579;679;952;954;1017;1077;1100;1121;1127;1147;1158
3208,15,14,1,1;426;579;679;952;954;1017;1077;1100;1104;1121;1127;1147;1158
3209,13,12,1,1;426;579;679;952;954;1017;1077;1100;1127;1147;1158
3210,13,12,1,1;63;426;579;679;952;954;1017;1100;1147;1150;1158
3211,16,14,2,1;63;426;579;679;952;954;1017;1077;1100;1104;1147;1158;1186
3212,14,13,1,1;63;579;679;780;952;954;1017;1100;1104;1147;1158;1186
3213,18,15,3,1;63;579;679;780;952;954;1017;1077;1100;1104;1106;1147;1158;1186
3214,17,17,0,1;63;579;679;780;813;952;954;1017;1077;1100;1104;1106;1147;1158;1186;1188
3215,16,16,0,1;63;579;679;780;813;952;954;1017;1077;1100;1147;1158;1169;1186;1188
3216,16,16,0,1;63;579;679;780;813;952;954;1017;1077;1100;1147;1150;1158;1186;1188
3217,13,13,0,1;63;579;679;780;952;1017;1100;1106;1147;1158;1186;1188
3218,16,15,1,1;63;579;679;780;804;952;954;1017;1100;1106;1147;1158;1186;1188
3219,17,15,2,1;63;579;679;780;804;952;954;1017;1100;1104;1147;1158;1186;1188
3220,13,13,0,1;63;579;679;954;1017;1100;1106;1121;1147;1158;1186;1188
3221,17,17,0,1;63;286;579;679;954;1017;1077;1100;1104;1106;1121;1127;1147;1158;1186;1188
3222,16,16,0,1;63;286;579;679;937;954;1017;1077;1100;1106;1121;1147;1158;1186;1188
3223,15,14,1,1;63;286;579;679;954;1017;1077;1100;1106;1147;1158;1186;1188
3224,16,14,2,1;63;579;679;954;1017;1077;1100;1106;1121;1147;1158;1186;1188
3225,18,16,2,1;63;579;679;954;1017;1077;1100;1106;1121;1130;1147;1152;1158;1186;1188
3226,20,17,3,1;63;286;553;579;679;780;952;983;1017;1077;1100;1106;1152;1158;1186;1188
3227,17,15,2,1;63;286;553;579;679;780;952;1017;1077;1100;1106;1152;1158;1188
3228,15,14,1,1;63;286;579;679;780;952;983;1017;1077;1100;1152;1158;1188
3229,19,17,2,1;63;286;579;679;780;937;952;983;1017;1077;1100;1104;1147;1152;1158;1188
3230,16,16,0,1;63;286;579;679;780;804;937;1017;1077;1100;1104;1147;1152;1158;1188
3231,19,17,2,1;63;579;679;780;804;952;954;983;1017;1077;1100;1104;1147;1152;1158;1188
3232,17,17,0,1;63;286;579;679;780;804;952;1017;1077;1100;1104;1147;1152;1158;1186;1188
3233,17,16,1,1;63;286;579;679;780;804;1017;1077;1100;1104;1147;1152;1158;1186;1188
3234,14,14,0,1;63;286;579;679;780;804;1017;1077;1100;1147;1158;1186;1188
3235,17,17,0,1;63;286;579;679;780;804;937;952;1017;1077;1100;1106;1147;1158;1186;1188
3236,19,17,2,1;63;286;579;679;780;804;937;952;954;1017;1077;1100;1106;1147;1158;1188
3237,17,16,1,1;63;286;579;679;780;804;954;1017;1077;1100;1106;1147;1158;1186;1188
3238,17,17,0,1;63;286;579;679;780;804;937;954;1017;1077;1100;1106;1147;1158;1186;1188
3239,18,17,1,1;63;286;579;679;780;804;937;1017;1058;1077;1100;1106;1147;1158;1186;1188
3240,16,15,1,63;286;579;679;780;804;952;1017;1058;1077;1100;1106;1158;1186;1188
3241,16,15,1,63;286;579;679;780;804;937;1017;1058;1077;1100;1106;1147;1158;1188
3242,15,15,0,63;579;679;780;804;937;954;1017;1058;1077;1100;1106;1158;1186;1188
3243,19,18,1,63;286;579;679;780;804;937;954;1017;1058;1077;1100;1104;1106;1150;1158;1186;1188
3244,19,18,1,63;286;553;579;679;780;804;937;954;1017;1058;1077;1100;1106;1147;1158;1186;1188
3245,17,15,2,63;579;679;780;804;937;954;1017;1058;1077;1100;1106;1147;1158;1188
3246,17,14,3,63;579;679;780;804;937;954;1058;1077;1100;1106;1147;1158;1188
3247,18,15,3,1;63;579;679;780;804;937;952;1017;1077;1100;1106;1158;1169;1188
3248,19,17,2,1;63;286;579;679;780;804;937;952;1017;1077;1100;1106;1158;1186;1188;1213
3249,20,17,3,1;63;579;679;780;804;937;952;954;1017;1077;1100;1106;1158;1186;1188;1213
3250,19,17,2,1;63;579;679;780;804;937;952;954;1017;1077;1100;1106;1158;1186;1188;1213
3251,19,16,3,1;63;579;679;780;804;937;954;983;1017;1077;1100;1106;1158;1186;1188
3252,21,18,3,1;63;579;679;780;804;937;952;954;983;1017;1077;1100;1106;1158;1169;1186;1188
3253,19,17,2,1;63;579;679;780;804;937;952;954;983;1017;1077;1100;1106;1158;1169;1188
3254,19,17,2,1;63;286;579;679;780;804;937;952;954;1017;1077;1100;1106;1158;1169;1188
3255,18,17,1,1;63;579;679;780;804;937;952;954;983;1017;1077;1100;1106;1158;1169;1188
3256,18,16,2,1;63;579;679;780;804;937;952;954;1017;1077;1100;1106;1150;1158;1169
3257,18,17,1,1;63;579;679;780;804;937;952;954;1017;1077;1100;1106;1150;1158;1169;1227
3258,16,16,0,1;63;579;679;780;804;937;952;954;983;1017;1021;1077;1100;1106;1158
3259,19,18,1,1;63;579;679;780;804;937;952;954;983;1017;1021;1077;1100;1106;1152;1158;1169
3260,18,18,0,1;63;579;679;780;804;952;954;983;1017;1021;1077;1100;1106;1150;1152;1169;1188
3261,20,19,1,1;63;579;679;780;804;952;954;983;1017;1021;1077;1100;1106;1127;1150;1152;1169;1188
3262,18,16,2,1;63;579;679;780;804;952;954;983;1017;1021;1100;1106;1150;1169;1188
3263,20,17,3,1;63;286;579;679;780;804;952;954;983;1017;1021;1100;1106;1150;1169;1188
3264,20,18,2,1;63;286;579;679;780;804;952;954;983;1017;1021;1077;1100;1106;1150;1169;1188
3265,21,18,3,1;63;579;679;780;804;937;952;954;983;1017;1021;1077;1100;1106;1150;1169;1188
3266,18,15,3,1;63;579;679;780;804;937;952;954;1077;1100;1106;1150;1169;1188
3267,19,16,3,1;63;579;679;804;937;952;954;1021;1077;1100;1106;1150;1169;1188;1233
3268,19,18,1,1;63;286;579;679;804;937;952;954;1021;1077;1100;1106;1150;1169;1186;1233;1235
3269,16,15,1,1;63;579;679;804;937;952;954;1021;1077;1100;1106;1150;1169;1235
3270,17,17,0,1;63;579;679;804;813;937;952;954;1021;1077;1100;1106;1169;1188;1235;1236
3271,17,17,0,1;63;579;679;780;804;813;937;952;954;1021;1077;1100;1106;1169;1235;1236
3272,17,17,0,1;63;286;579;679;780;804;813;937;952;1021;1077;1100;1106;1169;1235;1236
3273,20,17,3,1;63;579;679;780;804;813;937;952;954;1021;1077;1100;1106;1169;1235;1236
3274,20,17,3,1;63;579;679;780;804;813;937;952;954;1021;1077;1100;1106;1169;1235;1236
3275,19,17,2,1;63;579;679;780;804;813;937;952;954;1021;1077;1100;1106;1169;1235;1236
3276,18,18,0,1;63;579;679;780;804;813;937;952;954;1021;1077;1100;1106;1169;1188;1235;1239
3277,20,18,2,1;63;579;679;780;804;813;937;952;954;1021;1077;1100;1106;1169;1235;1236;1239
3278,19,17,2,1;63;579;679;780;804;813;937;952;954;1021;1100;1106;1169;1235;1236;1239
3279,19,19,0,1;63;286;579;679;780;804;813;937;952;1021;1077;1100;1106;1169;1186;1235;1236;1239
3280,18,18,0,1;63;286;579;679;780;804;813;937;952;1021;1077;1100;1106;1169;1235;1236;1239
3281,19,19,0,1;63;286;579;679;780;804;813;937;952;954;1021;1077;1100;1106;1169;1235;1236;1239
3282,16,16,0,1;63;286;579;679;780;804;813;937;952;954;1021;1100;1106;1235;1236
3283,16,16,0,1;63;286;579;679;780;804;813;937;952;1021;1100;1106;1152;1235;1236
3284,15,15,0,1;63;286;579;679;804;813;937;952;1021;1100;1106;1235;1236;1239
3285,15,15,0,1;63;286;579;679;804;813;937;952;1021;1100;1106;1235;1236;1239
3286,14,14,0,1;63;579;679;804;813;937;952;954;1021;1100;1106;1235;1236
3287,15,14,1,1;63;579;679;804;813;937;952;954;1021;1100;1106;1235;1236
3288,14,14,0,1;63;286;579;679;804;813;937;952;1021;1100;1106;1235;1236
3289,14,14,0,1;63;286;579;679;804;813;937;952;1021;1100;1235;1236;1239
3290,18,15,3,1;63;286;426;579;679;804;813;937;952;1021;1100;1235;1236;1239
3291,16,16,0,1;63;286;579;679;804;813;937;952;1021;1100;1106;1158;1235;1236;1239
3292,14,14,0,1;63;286;579;679;804;813;937;952;1021;1100;1235;1236;1239
3293,17,16,1,1;63;286;426;579;679;804;813;937;952;1021;1100;1158;1235;1236;1239
3294,17,17,0,1;63;286;579;679;804;813;937;952;954;1021;1100;1106;1158;1235;1236;1239
3295,17,17,0,1;63;286;579;679;804;813;937;952;954;1021;1077;1100;1106;1235;1236;1239
3296,17,17,0,1;63;286;579;679;804;813;937;952;954;1021;1077;1100;1106;1235;1236;1239
3297,17,17,0,1;63;286;579;679;804;813;937;952;954;1021;1100;1106;1158;1235;1236;1239
3298,15,15,0,1;63;286;579;679;804;813;937;952;954;1021;1100;1106;1235;1236
3299,16,16,0,1;63;286;579;679;804;813;937;952;1017;1021;1100;1106;1235;1236;1239
3300,17,16,1,1;63;286;579;679;804;813;952;983;1017;1021;1100;1106;1235;1236;1239
3301,16,16,0,1;63;286;579;679;804;813;952;1017;1021;1077;1100;1106;1235;1236;1239
3302,17,17,0,1;63;286;579;679;804;813;952;983;1017;1021;1077;1100;1106;1235;1236;1239
3303,16,16,0,1;63;286;579;679;804;813;937;952;1021;1077;1100;1106;1235;1236;1239
3304,16,16,0,1;63;286;579;679;804;813;937;952;1021;1077;1100;1106;1235;1236;1239
3305,16,16,0,1;63;286;579;679;804;813;937;952;1021;1077;1100;1106;1235;1236;1239
3306,16,16,0,1;63;286;579;679;804;813;937;952;1021;1077;1100;1106;1235;1236;1239
3307,15,15,0,1;63;286;579;679;804;813;937;952;1021;1100;1106;1235;1236;1239
3308,16,16,0,1;63;286;579;679;804;813;937;952;1021;1077;1100;1106;1235;1236;1239
3309,17,17,0,1;63;286;579;679;780;804;813;937;952;1021;1077;1100;1106;1235;1236;1239
3310,17,17,0,1;63;286;579;679;804;813;937;952;1021;1077;1100;1106;1169;1235;1236;1239
3311,17,17,0,1;63;286;579;679;804;813;937;952;1021;1077;1100;1106;1169;1235;1236;1239
3312,15,15,0,1;63;286;579;679;804;813;937;952;1021;1077;1100;1106;1235;1236
3313,15,15,0,1;63;286;579;679;804;813;937;952;1021;1077;1100;1106;1235;1236
3314,15,15,0,1;63;286;579;679;804;813;937;952;1021;1077;1100;1106;1235;1236
3315,16,16,0,1;63;286;579;679;804;813;937;952;1021;1077;1100;1106;1169;1235;1236
3316,18,18,0,1;63;286;579;679;804;813;937;952;954;1021;1077;1100;1106;1158;1169;1235;1236
3317,16,16,0,1;63;286;579;679;804;813;937;952;1021;1077;1100;1106;1158;1235;1236
3318,17,17,0,1;63;286;579;679;804;813;937;952;954;1021;1077;1100;1106;1158;1235;1236
3319,17,17,0,1;63;286;579;679;804;813;937;952;954;1021;1077;1100;1106;1158;1235;1236
3320,17,17,0,1;63;286;579;679;804;813;937;952;954;1021;1077;1100;1106;1158;1235;1236
3321,17,17,0,1;63;286;579;679;804;813;937;952;954;1021;1077;1100;1106;1158;1235;1236
3322,17,16,1,1;63;286;579;679;804;813;937;952;954;1021;1077;1100;1106;1235;1236
3323,17,17,0,1;63;286;579;679;804;813;937;952;954;1021;1077;1100;1106;1158;1235;1236
3324,16,16,0,1;63;286;579;679;804;813;937;952;954;1021;1077;1100;1106;1158;1236
3325,16,16,0,1;63;286;579;679;804;813;937;952;954;1021;1077;1100;1106;1158;1236
3326,16,16,0,1;63;286;579;679;804;813;937;952;954;1021;1077;1100;1106;1235;1236
3327,16,16,0,1;63;286;579;679;804;813;937;952;954;1021;1077;1100;1106;1158;1236
3328,16,16,0,1;63;286;579;679;804;813;937;952;954;1021;1077;1100;1106;1235;1236
3329,15,15,0,1;63;286;579;679;804;813;937;952;1021;1077;1100;1106;1235;1236
3330,15,15,0,1;63;286;579;679;804;813;937;952;1021;1077;1100;1106;1235;1236
3331,18,17,1,1;63;286;579;679;780;804;813;937;952;1021;1058;1077;1100;1106;1188;1236
3332,17,16,1,1;63;286;579;679;780;804;813;937;952;1021;1058;1077;1100;1106;1236
3333,15,15,0,1;63;286;579;679;780;804;813;937;952;1021;1077;1100;1106;1236
3334,15,15,0,1;63;286;579;679;780;804;813;937;952;1021;1077;1100;1106;1236
3335,16,15,1,1;63;286;579;679;780;804;813;937;952;1021;1077;1100;1106;1236
3336,15,15,0,1;63;286;579;679;780;804;813;937;952;1021;1077;1100;1106;1236
3337,15,15,0,1;63;286;579;679;780;804;813;937;952;1021;1077;1100;1106;1236
3338,15,15,0,1;63;286;579;679;780;804;813;937;952;1021;1077;1100;1106;1236
3339,15,15,0,1;63;286;579;679;780;804;813;937;952;1021;1077;1100;1106;1236
3340,14,14,0,1;63;286;579;679;804;813;937;952;1021;1077;1100;1106;1236
3341,16,16,0,1;63;286;579;679;804;813;952;954;1017;1021;1077;1100;1106;1158;1236
3342,17,17,0,1;63;286;579;679;804;813;952;954;1017;1021;1077;1100;1106;1121;1158;1236
3343,17,16,1,1;63;286;579;679;804;813;952;1017;1021;1077;1100;1106;1121;1158;1236
3344,18,18,0,1;63;286;579;679;804;813;952;1017;1021;1077;1100;1106;1121;1130;1158;1169;1236
3345,16,16,0,1;63;286;579;679;804;813;952;1017;1021;1077;1100;1106;1121;1169;1236
3346,15,15,0,1;63;286;579;679;804;813;952;1017;1021;1077;1100;1106;1121;1236
3347,16,15,1,1;63;286;579;679;804;813;952;1017;1021;1077;1100;1106;1121;1236
3348,16,16,0,1;63;286;579;679;804;813;952;1017;1021;1077;1100;1106;1121;1130;1236
3349,15,15,0,1;63;286;579;679;804;813;952;1017;1021;1077;1100;1106;1121;1236
3350,16,16,0,1;63;286;579;679;804;813;952;954;1017;1021;1077;1100;1106;1121;1236
3351,16,16,0,1;63;286;579;679;804;813;952;954;1017;1021;1077;1100;1106;1121;1236
3352,16,16,0,1;63;286;579;679;804;813;952;954;1017;1021;1077;1100;1106;1121;1236
3353,16,16,0,1;63;286;579;679;804;813;952;954;1017;1021;1077;1100;1106;1121;1236
3354,15,15,0,1;63;579;679;804;813;952;954;1017;1021;1077;1100;1106;1121;1236
3355,16,16,0,1;63;579;679;804;813;952;954;1017;1021;1077;1100;1106;1121;1158;1236
3356,17,16,1,1;63;579;679;804;813;952;954;1017;1021;1077;1100;1106;1121;1158;1236
3357,16,16,0,1;63;579;679;804;813;952;954;1017;1021;1077;1100;1106;1121;1158;1236
3358,16,16,0,1;63;579;679;804;813;952;954;1017;1021;1077;1100;1106;1121;1158;1236
3359,16,16,0,1;63;579;679;804;813;952;954;1017;1021;1077;1100;1106;1121;1158;1236
3360,16,16,0,1;63;579;679;804;813;952;954;1017;1021;1077;1100;1106;1121;1158;1236
3361,16,15,1,1;63;579;679;804;813;952;954;1017;1021;1100;1106;1121;1235;1236
3362,16,14,2,1;63;286;579;679;804;813;952;1017;1021;1100;1106;1121;1235
3363,17,16,1,1;63;286;579;679;804;813;952;1017;1021;1077;1100;1106;1121;1188;1235
3364,16,15,1,1;63;286;579;679;804;813;952;1017;1021;1077;1100;1106;1121;1235
3365,16,16,0,1;63;286;579;679;804;813;952;1017;1021;1077;1100;1106;1121;1235;1258
3366,19,18,1,1;63;286;579;679;804;813;952;954;1017;1021;1077;1100;1106;1121;1130;1235;1258
3367,16,16,0,1;63;286;579;679;804;813;952;1017;1021;1077;1100;1106;1121;1235;1258
3368,16,16,0,1;63;286;579;679;804;813;952;1017;1021;1077;1100;1106;1121;1235;1258
3369,17,17,0,1;63;286;579;679;804;813;952;1017;1021;1077;1100;1106;1121;1158;1235;1258
3370,17,17,0,1;63;426;579;679;804;813;952;954;1017;1021;1077;1100;1106;1121;1235;1258
3371,18,18,0,1;63;426;579;679;804;813;952;954;1017;1021;1077;1100;1106;1121;1150;1235;1258
3372,17,17,0,1;63;426;579;679;804;813;937;952;954;1017;1021;1077;1100;1106;1121;1258
3373,18,18,0,1;63;426;579;679;804;813;937;952;954;1017;1021;1077;1100;1106;1121;1235;1258
3374,16,16,0,1;63;579;679;804;813;937;952;954;1021;1077;1100;1106;1121;1235;1258
3375,19,19,0,1;63;426;579;679;804;813;937;952;954;1017;1021;1077;1100;1106;1121;1150;1235;1258
3376,18,16,2,1;63;426;579;679;804;813;937;952;954;1021;1077;1100;1106;1121;1258
3377,19,18,1,1;63;426;579;679;804;813;937;952;954;1021;1077;1100;1106;1121;1150;1188;1258
3378,16,16,0,1;63;426;579;679;804;813;937;952;954;1021;1077;1100;1106;1121;1258
3379,19,18,1,1;63;426;579;679;780;804;813;937;952;954;1021;1077;1100;1106;1121;1235;1258
3380,17,16,1,1;63;579;679;804;813;937;952;954;1021;1077;1100;1106;1121;1235;1258
3381,18,17,1,1;63;579;679;780;804;813;937;952;954;1021;1058;1077;1100;1106;1121;1258
3382,22,21,1,1;63;426;579;679;780;804;813;937;954;983;1021;1058;1077;1100;1106;1121;1130;1188;1235;1258
3383,21,19,2,1;63;579;679;780;804;813;937;954;983;1021;1058;1077;1100;1106;1121;1130;1158;1258
3384,23,20,3,1;63;579;679;804;813;937;954;983;1021;1058;1077;1100;1106;1121;1130;1158;1186;1239;1258
3385,21,20,1,1;63;579;679;804;813;937;952;954;983;1021;1058;1077;1100;1106;1121;1158;1186;1239;1258
3386,19,17,2,1;63;579;679;804;813;937;952;954;1021;1077;1100;1106;1121;1130;1158;1258
3387,20,17,3,1;63;579;804;813;937;952;954;1021;1077;1100;1106;1121;1130;1158;1239;1258
3388,17,16,1,1;63;579;804;813;937;952;954;1021;1077;1100;1106;1121;1130;1158;1258
3389,19,17,2,1;63;579;679;804;813;937;952;954;1021;1077;1100;1106;1121;1158;1239;1258
3390,21,20,1,1;63;579;679;804;813;937;954;1017;1021;1058;1077;1100;1106;1121;1130;1150;1158;1239;1258
3391,20,18,2,1;63;579;679;804;813;937;1017;1021;1077;1100;1106;1121;1130;1150;1158;1239;1258
3392,18,17,1,1;63;579;679;804;813;937;1017;1021;1077;1100;1106;1121;1150;1158;1239;1258
3393,21,18,3,1;63;579;679;804;813;937;954;1017;1021;1077;1100;1106;1121;1152;1158;1239;1258
3394,18,17,1,1;63;579;804;813;937;954;1021;1058;1077;1100;1106;1121;1152;1239;1258;1275
3395,18,16,2,1;63;579;804;813;937;954;1021;1077;1100;1106;1121;1152;1158;1239;1258
3396,17,15,2,1;63;286;579;679;804;813;937;954;1021;1077;1100;1106;1239;1258
3397,20,18,2,1;63;286;579;679;780;804;813;937;1017;1021;1077;1100;1106;1152;1239;1258;1278
3398,22,19,3,1;63;286;579;804;813;937;954;1017;1021;1058;1077;1100;1106;1152;1186;1239;1258;1278
3399,21,20,1,1;63;286;579;804;813;937;954;1017;1021;1058;1077;1100;1106;1152;1186;1239;1258;1278;1280
3400,20,20,0,1;63;286;579;679;780;804;813;937;954;1017;1021;1077;1100;1106;1152;1158;1239;1258;1280
3401,18,18,0,1;63;286;579;780;804;813;937;954;1021;1077;1100;1106;1152;1158;1239;1258;1280
3402,18,18,0,1;63;286;579;679;780;804;813;937;954;1021;1077;1100;1106;1158;1239;1258;1280
3403,19,19,0,1;63;286;579;679;780;804;813;937;954;1021;1077;1100;1106;1158;1239;1258;1278;1280
3404,17,17,0,1;63;286;579;679;804;813;937;954;1021;1077;1100;1106;1158;1239;1258;1280
3405,18,18,0,1;63;286;579;679;780;804;813;937;954;1021;1077;1100;1106;1158;1239;1258;1280
3406,16,16,0,1;63;286;579;679;804;937;954;1017;1021;1077;1100;1106;1169;1258;1280
3407,17,17,0,1;63;286;426;579;679;804;937;954;1017;1021;1077;1100;1106;1239;1258;1280
3408,17,17,0,1;63;286;426;579;679;804;937;954;1017;1021;1077;1100;1106;1239;1258;1280
3409,17,17,0,1;63;286;426;579;679;804;937;954;1017;1021;1077;1100;1106;1239;1258;1280
3410,16,16,0,1;63;286;426;579;804;937;954;1017;1021;1077;1100;1106;1152;1258;1280
3411,16,16,0,1;63;286;426;579;679;804;937;954;1017;1021;1077;1100;1106;1258;1280
3412,15,15,0,1;63;579;679;804;937;954;1017;1021;1077;1100;1106;1150;1258;1280
3413,18,18,0,1;63;426;579;679;804;937;954;1017;1021;1077;1100;1106;1158;1235;1239;1258;1280
3414,17,16,1,1;63;286;426;679;804;937;954;1017;1021;1077;1100;1106;1158;1239;1258
3415,18,14,4,1;63;286;426;679;804;937;954;1017;1021;1077;1100;1106;1258
3416,21,17,4,1;63;286;426;679;804;937;954;1017;1021;1077;1100;1106;1158;1239;1258;1280
3417,19,17,2,1;63;426;679;804;937;954;1017;1021;1077;1100;1106;1158;1235;1239;1258;1280
3418,20,18,2,1;63;286;679;804;813;937;954;1017;1021;1077;1100;1106;1158;1235;1239;1258;1280
3419,20,18,2,1;63;286;679;804;813;937;954;1017;1021;1077;1100;1106;1158;1235;1239;1258;1280
3420,21,18,3,1;63;286;679;804;813;937;954;1017;1021;1077;1100;1106;1186;1235;1239;1258;1280
3421,18,18,0,1;63;286;579;679;804;813;937;954;1017;1021;1077;1100;1106;1239;1258;1280;1289
3422,20,17,3,1;63;579;679;804;813;937;954;1017;1021;1077;1100;1106;1239;1258;1280;1289
3423,18,16,2,1;63;579;679;804;813;937;954;1017;1021;1077;1100;1106;1239;1258;1280
3424,19,18,1,1;63;579;679;804;813;937;954;1017;1021;1077;1100;1106;1186;1239;1258;1280;1289
3425,19,18,1,1;63;579;679;804;813;937;954;1017;1021;1077;1100;1106;1186;1258;1280;1289;1292
3426,19,19,0,1;63;286;579;679;804;813;937;954;1017;1021;1077;1100;1106;1186;1258;1280;1289;1292
3427,21,19,2,1;63;286;579;679;804;813;937;954;1017;1021;1077;1100;1106;1186;1258;1280;1289;1292
3428,19,17,2,1;63;579;679;804;813;937;954;1017;1021;1077;1100;1106;1258;1280;1289;1292
3429,17,16,1,1;63;286;579;679;804;813;937;1017;1021;1077;1100;1258;1280;1289;1292
3430,16,16,0,1;63;579;679;804;813;937;954;1017;1021;1077;1100;1258;1280;1289;1292
3431,18,17,1,1;63;286;579;679;804;813;937;1017;1021;1077;1100;1239;1258;1280;1289;1292
3432,16,16,0,1;63;579;679;804;813;937;954;1017;1021;1077;1100;1258;1280;1289;1292
3433,17,16,1,1;63;579;679;804;813;937;954;1017;1021;1077;1100;1258;1280;1289;1292
3434,18,16,2,1;63;579;679;804;813;937;954;1017;1021;1077;1100;1258;1280;1289;1292
3435,17,16,1,1;63;579;679;804;813;937;954;1017;1021;1077;1100;1258;1280;1289;1292
3436,18,17,1,1;63;286;579;679;780;804;813;937;1021;1077;1100;1258;1280;1289;1292;1302
3437,17,17,0,1;63;579;679;780;804;813;937;954;1021;1077;1100;1258;1280;1289;1292;1302
3438,17,16,1,1;63;579;679;780;804;813;937;954;1021;1077;1100;1258;1280;1289;1292
3439,18,17,1,1;63;579;679;780;804;813;937;954;1017;1021;1077;1100;1258;1280;1289;1292
3440,17,17,0,1;63;579;679;780;804;813;937;954;1017;1021;1077;1100;1258;1280;1289;1292
3441,17,17,0,1;63;579;679;780;804;813;937;954;1017;1021;1077;1100;1258;1280;1289;1292
3442,17,17,0,1;63;579;679;780;804;813;937;954;1017;1021;1077;1100;1258;1280;1289;1292
3443,18,17,1,1;63;579;679;780;804;813;937;954;1017;1021;1077;1100;1258;1280;1289;1292
3444,20,17,3,1;63;579;679;780;804;813;937;954;1017;1021;1077;1100;1258;1280;1289;1292
3445,18,17,1,1;63;579;679;780;804;813;937;954;1017;1021;1077;1100;1258;1280;1289;1292
3446,19,17,2,1;63;579;679;780;804;813;937;954;1017;1021;1077;1100;1258;1280;1289;1292
3447,17,17,0,1;63;579;679;780;804;813;937;954;1017;1021;1077;1100;1258;1280;1289;1292
3448,17,17,0,1;63;579;679;780;804;813;937;954;1017;1021;1077;1100;1258;1280;1289;1292
3449,19,18,1,1;63;579;679;780;804;813;937;954;1017;1021;1077;1100;1152;1258;1280;1289;1292
3450,19,18,1,1;63;426;579;679;780;804;813;937;954;1017;1021;1077;1100;1258;1280;1289;1292
3451,16,15,1,1;63;286;579;679;804;813;937;1017;1021;1077;1100;1258;1280;1292
3452,16,15,1,1;63;286;579;679;804;813;937;1017;1021;1077;1100;1258;1280;1292
3453,20,18,2,1;63;286;579;679;780;804;813;937;1017;1021;1077;1100;1152;1258;1280;1289;1292
3454,18,17,1,1;63;286;579;679;780;804;813;937;1017;1021;1077;1100;1258;1280;1289;1292
3455,17,16,1,1;63;286;579;679;780;804;813;937;1021;1077;1100;1258;1280;1289;1292
3456,17,17,0,1;63;286;579;679;780;804;813;937;1021;1077;1100;1258;1280;1289;1292;1313
3457,18,17,1,1;63;286;579;679;780;804;813;937;1021;1077;1100;1258;1280;1289;1292;1313
3458,17,17,0,1;63;286;579;679;780;804;813;937;1021;1077;1100;1258;1280;1289;1292;1313
3459,17,17,0,1;63;286;579;679;780;804;813;937;1021;1077;1100;1258;1280;1289;1292;1313
3460,16,16,0,1;63;286;579;679;804;813;937;1021;1077;1100;1258;1280;1289;1292;1313
3461,16,16,0,1;63;286;579;679;804;813;937;1021;1077;1100;1258;1280;1289;1292;1313
3462,16,16,0,1;63;286;579;679;804;813;937;1021;1077;1100;1258;1280;1289;1292;1313
3463,16,16,0,1;63;286;579;679;804;813;937;1021;1077;1100;1258;1280;1289;1292;1313
3464,15,15,0,1;63;286;579;679;804;813;937;1021;1077;1100;1258;1280;1292;1313
3465,16,16,0,1;63;286;579;679;804;813;937;1021;1077;1100;1258;1280;1289;1292;1313
3466,17,17,0,1;63;286;579;679;804;813;937;1021;1058;1077;1100;1258;1280;1289;1292;1313
3467,17,17,0,1;63;286;426;579;679;804;813;937;1021;1058;1077;1100;1258;1280;1292;1313
3468,17,17,0,1;63;286;426;579;679;804;813;937;1021;1058;1077;1100;1258;1280;1292;1313
3469,18,18,0,1;63;579;679;804;813;937;954;1017;1021;1058;1077;1100;1258;1278;1280;1292;1313
3470,18,18,0,1;63;286;579;679;804;813;937;1017;1021;1058;1077;1100;1258;1278;1280;1292;1313
3471,19,18,1,1;63;286;579;679;804;813;937;1017;1021;1058;1077;1100;1258;1278;1280;1292;1313
3472,18,18,0,1;63;286;579;679;804;813;937;1017;1021;1058;1077;1100;1258;1278;1280;1292;1313
3473,20,20,0,1;63;286;579;679;804;813;937;1017;1021;1058;1077;1100;1121;1130;1258;1278;1280;1292;1313
3474,18,18,0,1;63;286;579;679;804;813;937;954;1017;1021;1100;1121;1169;1258;1280;1292;1313
3475,16,16,0,1;579;679;804;813;937;954;1017;1021;1100;1121;1258;1278;1280;1292;1313
3476,19,17,2,1;286;579;679;804;813;937;954;1017;1021;1100;1121;1258;1278;1280;1292;1313
3477,16,15,1,1;579;679;804;813;937;954;1017;1021;1100;1121;1258;1280;1292;1313
3478,18,17,1,1;63;579;679;804;813;937;954;1017;1021;1058;1100;1121;1258;1280;1292;1313
3479,19,19,0,1;63;286;579;679;804;813;937;954;1017;1021;1058;1100;1121;1258;1280;1292;1313;1316
3480,18,18,0,1;63;579;679;804;813;937;954;1017;1021;1058;1100;1121;1258;1280;1292;1313;1316
3481,17,17,0,1;63;286;579;804;813;937;1017;1021;1100;1121;1152;1278;1280;1292;1313;1316
3482,18,17,1,1;63;286;579;804;813;937;1017;1021;1100;1121;1152;1278;1280;1292;1313;1316
3483,17,17,0,1;63;286;579;804;813;937;1017;1021;1100;1121;1152;1278;1280;1292;1313;1316
3484,17,17,0,1;63;286;579;804;813;937;1017;1021;1100;1121;1152;1278;1280;1292;1313;1316
3485,19,18,1,1;63;286;579;804;813;937;1017;1021;1100;1121;1130;1152;1169;1280;1292;1313;1316
3486,19,17,2,1;63;286;579;804;813;937;1017;1021;1100;1121;1130;1152;1280;1292;1313;1316
3487,18,18,0,1;63;286;579;813;937;1017;1021;1100;1121;1130;1152;1188;1278;1280;1292;1313;1316
3488,17,16,1,1;63;286;579;813;937;1021;1100;1121;1150;1152;1188;1280;1292;1313;1316
3489,18,16,2,1;63;286;579;813;937;1021;1100;1121;1150;1152;1188;1280;1292;1313;1316
3490,18,16,2,1;63;286;579;813;937;1021;1100;1130;1150;1152;1188;1280;1292;1313;1316
3491,17,16,1,1;63;579;813;937;1021;1100;1130;1150;1152;1188;1280;1292;1313;1316;1321
3492,19,18,1,1;63;286;579;813;937;1021;1100;1121;1130;1152;1188;1278;1280;1292;1313;1316;1321
3493,18,18,0,1;63;579;679;813;937;954;1021;1100;1130;1150;1188;1280;1292;1313;1316;1321;1323
3494,17,17,0,1;63;579;679;813;937;954;1021;1100;1130;1150;1188;1280;1292;1313;1316;1323
3495,16,16,0,1;63;579;813;937;954;1021;1100;1150;1152;1188;1280;1292;1313;1316;1323
3496,16,16,0,1;63;579;679;813;937;954;1021;1100;1150;1188;1280;1292;1313;1316;1323
3497,17,16,1,1;63;579;679;813;937;954;1021;1100;1150;1188;1278;1280;1292;1313;1316
3498,16,14,2,1;63;286;579;813;937;1021;1100;1152;1188;1280;1292;1313;1316
3499,17,16,1,1;63;579;679;813;937;954;1021;1100;1150;1188;1280;1292;1313;1316;1323
3500,17,16,1,1;63;579;679;813;937;954;1021;1100;1158;1188;1280;1292;1313;1316;1323
3501,17,16,1,1;63;579;679;813;937;954;1021;1100;1158;1188;1280;1292;1313;1316;1323
3502,17,17,0,1;63;579;679;813;937;954;1021;1100;1150;1188;1278;1280;1292;1313;1316;1323
3503,19,17,2,1;63;286;579;679;813;937;954;1021;1100;1188;1278;1280;1292;1313;1316;1323
3504,17,17,0,1;63;286;579;679;804;813;937;954;1021;1100;1150;1280;1292;1313;1316;1323
3505,17,16,1,1;63;286;579;679;813;937;1021;1100;1150;1188;1280;1292;1313;1316;1323
3506,16,15,1,1;63;286;579;679;813;937;1021;1100;1188;1280;1292;1313;1316;1323
3507,17,15,2,1;63;286;579;813;937;1021;1100;1152;1188;1280;1292;1313;1316;1323
3508,15,15,0,1;63;286;579;679;804;813;937;1021;1100;1278;1280;1292;1313;1316
3509,16,15,1,1;63;286;579;679;813;937;1021;1100;1188;1278;1280;1292;1313;1316
3510,15,15,0,1;63;286;579;679;813;937;1021;1100;1188;1278;1280;1292;1313;1316
3511,15,15,0,1;63;286;579;679;813;937;1021;1100;1188;1278;1280;1292;1313;1316
3512,16,16,0,1;63;286;579;679;813;937;1021;1100;1106;1188;1278;1280;1292;1313;1316
3513,18,17,1,1;63;286;579;679;804;813;937;1021;1100;1106;1188;1278;1280;1292;1313;1316
3514,17,16,1,1;63;286;579;679;813;937;1021;1100;1106;1188;1278;1280;1292;1313;1316
3515,18,16,2,1;63;286;579;679;813;937;1021;1100;1106;1188;1278;1280;1292;1313;1316
3516,17,16,1,1;63;286;579;679;813;1017;1021;1100;1106;1188;1278;1280;1292;1313;1316
3517,16,15,1,1;63;286;579;679;813;1017;1021;1100;1106;1278;1280;1292;1313;1316
3518,18,17,1,1;63;286;579;679;813;1017;1021;1100;1106;1188;1278;1280;1292;1313;1316;1334
3519,17,17,0,1;63;579;679;813;954;1017;1021;1100;1106;1188;1278;1280;1292;1313;1316;1334
3520,15,15,0,63;286;579;679;813;1017;1021;1058;1100;1106;1280;1292;1313;1316;1334
3521,14,14,0,1;63;579;679;813;1017;1021;1100;1106;1280;1292;1313;1316;1334
3522,16,15,1,1;63;579;679;813;1017;1021;1100;1106;1188;1280;1292;1313;1316;1334
3523,17,16,1,1;63;579;679;813;1017;1021;1100;1106;1188;1278;1280;1292;1313;1316;1334
3524,17,16,1,1;63;579;679;813;954;1017;1021;1100;1106;1188;1278;1280;1292;1313;1316
3525,19,17,2,1;63;579;679;813;954;1017;1021;1100;1106;1188;1278;1280;1292;1313;1316;1334
3526,17,16,1,1;63;579;679;813;1017;1021;1100;1106;1188;1278;1280;1292;1313;1316;1334
3527,16,16,0,1;63;679;813;1017;1021;1100;1106;1152;1188;1278;1280;1292;1313;1316;1334
3528,16,16,0,1;63;579;679;813;1017;1021;1100;1106;1188;1278;1280;1292;1313;1316;1334
3529,16,16,0,1;63;579;679;813;954;1017;1021;1100;1106;1188;1278;1280;1292;1313;1316
3530,18,17,1,1;63;579;679;813;954;1017;1021;1100;1106;1188;1258;1278;1280;1292;1313;1316
3531,17,16,1,1;63;579;679;813;1017;1021;1100;1106;1188;1258;1278;1280;1292;1313;1316
3532,16,16,0,1;63;579;679;813;1017;1021;1100;1106;1121;1188;1278;1280;1292;1313;1316
3533,16,16,0,1;63;426;579;679;813;1017;1021;1100;1106;1121;1188;1280;1292;1313;1316
3534,16,16,0,1;63;426;579;679;813;954;1017;1021;1100;1106;1188;1280;1292;1313;1316
3535,17,16,1,1;63;426;579;679;813;954;1017;1021;1100;1106;1188;1280;1292;1313;1316
3536,17,15,2,1;63;579;679;813;954;1017;1021;1100;1106;1188;1280;1292;1313;1316
3537,16,15,1,1;63;579;679;813;954;1017;1021;1100;1106;1188;1280;1292;1313;1316
3538,19,16,3,1;63;579;679;813;954;1017;1021;1100;1106;1121;1188;1280;1292;1313;1316
3539,17,16,1,1;63;579;679;813;954;1017;1021;1100;1106;1121;1188;1280;1292;1313;1316
3540,18,18,0,1;63;579;679;813;954;1017;1021;1100;1106;1121;1188;1258;1280;1292;1313;1316;1345
3541,19,19,0,1;63;579;679;780;804;813;937;954;1021;1100;1106;1188;1258;1280;1292;1313;1316;1345
3542,18,18,0,1;63;579;679;780;813;954;1017;1021;1100;1106;1188;1258;1280;1292;1313;1316;1345
3543,20,19,1,1;63;579;679;780;813;954;1017;1021;1058;1100;1106;1188;1258;1280;1292;1313;1316;1345
3544,17,17,0,1;63;579;679;780;813;954;1017;1021;1100;1106;1188;1280;1292;1313;1316;1345
3545,19,19,0,1;63;579;679;780;813;954;1017;1021;1058;1100;1106;1188;1258;1280;1292;1313;1316;1345
3546,18,18,0,1;63;579;679;780;813;954;1017;1021;1100;1106;1188;1258;1280;1292;1313;1316;1345
3547,18,17,1,1;63;579;679;780;813;954;1017;1021;1100;1106;1188;1258;1280;1292;1313;1316
3548,16,16,0,1;63;579;679;780;813;954;1017;1021;1100;1106;1188;1280;1292;1313;1316
3549,16,16,0,1;63;579;679;780;813;954;1017;1021;1100;1106;1188;1280;1292;1313;1316
3550,17,17,0,1;63;579;679;780;813;954;1017;1021;1100;1106;1188;1258;1280;1292;1313;1316
3551,18,18,0,1;63;579;679;780;813;954;1017;1021;1100;1106;1188;1258;1280;1292;1313;1316;1345
3552,17,17,0,1;63;579;679;780;813;954;1017;1021;1100;1106;1188;1258;1280;1292;1313;1316
3553,19,18,1,1;63;579;679;780;813;954;1017;1021;1100;1106;1188;1258;1280;1292;1313;1316;1345
3554,18,18,0,1;63;579;679;780;813;954;1017;1021;1100;1106;1188;1258;1280;1292;1313;1316;1345
3555,19,18,1,1;63;579;679;780;813;937;954;1021;1100;1106;1188;1258;1280;1292;1313;1316;1345
3556,17,17,0,63;579;679;780;813;937;954;1021;1058;1100;1106;1188;1258;1280;1292;1313;1316
3557,18,18,0,1;63;579;679;780;813;937;954;1021;1100;1106;1150;1188;1258;1280;1292;1313;1316
3558,17,16,1,63;579;679;780;813;937;954;1021;1058;1100;1106;1188;1280;1292;1313;1316
3559,18,18,0,63;579;679;780;813;937;954;1021;1058;1100;1106;1130;1188;1258;1280;1292;1313;1316
3560,20,18,2,63;579;679;780;813;937;954;1021;1058;1100;1106;1188;1258;1280;1292;1313;1316;1345
3561,19,18,1,63;579;679;780;813;937;954;1021;1058;1100;1106;1121;1188;1258;1280;1292;1313;1316
3562,20,19,1,63;579;679;780;813;937;954;1021;1058;1100;1106;1121;1130;1258;1278;1280;1292;1313;1316
3563,21,18,3,63;426;579;679;780;813;937;954;1021;1058;1100;1106;1121;1258;1280;1292;1313;1316
3564,20,19,1,63;426;579;679;780;813;937;954;1021;1058;1100;1106;1121;1188;1258;1280;1292;1313;1316
3565,18,17,1,63;579;679;813;937;954;1021;1058;1100;1106;1121;1188;1258;1280;1292;1313;1316
3566,17,16,1,63;579;679;813;937;954;1021;1058;1100;1106;1188;1258;1280;1292;1313;1316
3567,19,17,2,63;579;679;813;937;954;1017;1021;1058;1100;1106;1188;1258;1280;1292;1313;1316
3568,20,18,2,63;579;679;813;937;954;1017;1021;1058;1106;1188;1258;1278;1280;1292;1313;1316;1360
3569,20,17,3,63;579;679;813;937;954;1017;1021;1058;1106;1188;1258;1278;1280;1292;1313;1316
3570,21,19,2,63;579;679;780;813;937;954;1017;1021;1058;1100;1106;1188;1258;1280;1292;1313;1316;1361
3571,18,18,0,63;286;579;679;813;937;1021;1058;1100;1106;1188;1258;1280;1292;1313;1316;1361;1362
3572,19,18,1,63;286;579;679;813;1017;1021;1058;1100;1106;1188;1258;1280;1292;1313;1316;1360;1361
3573,21,19,2,63;286;579;679;780;813;937;1017;1021;1058;1100;1106;1188;1280;1292;1313;1316;1360;1361
3574,19,19,0,63;286;579;679;780;813;937;1017;1021;1058;1100;1106;1188;1280;1292;1313;1316;1360;1361
3575,18,17,1,1;63;286;579;679;813;937;1021;1100;1106;1280;1292;1313;1316;1323;1360;1361
3576,20,17,3,1;63;286;579;679;780;813;937;1021;1100;1106;1280;1292;1313;1316;1360;1361
3577,18,16,2,1;63;579;679;813;937;1017;1021;1100;1106;1121;1280;1292;1313;1316;1360
3578,16,15,1,1;63;579;679;813;937;1017;1021;1100;1106;1280;1292;1313;1316;1360
3579,21,18,3,1;63;286;579;679;813;937;1017;1021;1100;1106;1130;1258;1280;1292;1316;1360;1368
3580,17,17,0,1;63;286;579;679;813;937;1017;1021;1058;1100;1106;1258;1280;1292;1316;1360
3581,18,18,0,1;63;286;579;679;813;937;1017;1021;1058;1100;1106;1258;1280;1292;1316;1360;1368
3582,17,17,0,1;63;286;579;679;780;813;1017;1021;1100;1106;1258;1280;1292;1316;1345;1360
3583,17,17,0,1;63;286;579;679;780;813;1017;1021;1100;1106;1258;1278;1280;1292;1316;1368
3584,17,17,0,1;63;286;579;780;813;937;1017;1021;1100;1152;1258;1280;1292;1316;1360;1368
3585,18,17,1,1;63;286;579;780;813;937;1017;1021;1100;1152;1258;1280;1292;1316;1360;1368
3586,17,16,1,1;63;286;579;780;813;1017;1021;1100;1152;1258;1278;1280;1292;1316;1368
3587,18,16,2,1;63;286;579;780;813;1017;1021;1100;1152;1258;1278;1280;1292;1316;1368
3588,17,17,0,1;63;579;780;813;1017;1021;1058;1100;1152;1258;1278;1280;1292;1316;1368;1373
3589,22,19,3,1;63;286;579;780;813;1017;1021;1058;1100;1152;1258;1278;1280;1292;1316;1362;1368;1373
3590,19,17,2,1;63;286;579;780;813;1017;1021;1100;1152;1258;1278;1280;1292;1316;1368;1373
3591,19,18,1,1;63;286;579;780;813;1017;1021;1100;1152;1188;1258;1278;1280;1292;1316;1368;1373
3592,17,17,0,1;63;286;579;813;1017;1021;1100;1152;1188;1258;1280;1292;1316;1360;1368;1373
3593,18,18,0,1;63;286;579;780;813;1017;1021;1100;1152;1188;1258;1278;1280;1292;1316;1368;1373
3594,19,19,0,1;63;286;579;780;813;1017;1021;1100;1106;1152;1188;1258;1278;1280;1292;1316;1368;1373
3595,17,17,0,1;63;286;579;813;1017;1021;1100;1152;1188;1258;1278;1280;1292;1316;1368;1373
3596,18,18,0,1;63;286;579;813;954;1017;1021;1100;1152;1188;1258;1278;1280;1292;1316;1368;1373
3597,19,18,1,1;63;286;579;780;813;954;1017;1021;1100;1152;1188;1258;1278;1280;1292;1316;1373
3598,20,20,0,1;63;286;579;780;813;954;1017;1021;1100;1106;1130;1152;1188;1258;1278;1280;1292;1316;1373
3599,20,18,2,1;63;286;579;780;813;954;1017;1021;1100;1106;1152;1188;1258;1278;1280;1292;1316
3600,20,18,2,1;63;286;579;780;813;954;1017;1021;1100;1152;1188;1258;1278;1280;1292;1316;1368
3601,20,17,3,1;63;579;780;813;954;1017;1021;1100;1106;1152;1258;1278;1280;1292;1316;1368
3602,20,18,2,1;63;286;579;780;813;954;1017;1021;1100;1106;1152;1258;1278;1280;1292;1316;1381
3603,19,19,0,1;63;286;579;780;813;954;1017;1021;1100;1106;1152;1258;1278;1280;1292;1313;1316;1381
3604,21,20,1,1;63;286;579;780;813;954;1017;1021;1058;1100;1152;1258;1278;1280;1292;1313;1316;1368;1381
3605,21,19,2,63;286;579;780;813;954;1017;1021;1058;1100;1106;1152;1258;1278;1280;1292;1313;1316;1381
3606,22,19,3,63;286;579;780;813;954;1017;1021;1058;1100;1106;1152;1258;1278;1280;1292;1313;1316;1381
3607,22,19,3,1;63;286;579;780;813;954;1017;1021;1100;1152;1258;1278;1280;1292;1313;1316;1368;1381
3608,23,20,3,1;63;286;579;780;813;954;1017;1021;1100;1152;1258;1278;1280;1292;1313;1316;1368;1381;1387
3609,20,19,1,1;63;286;579;780;813;954;1017;1021;1100;1106;1152;1258;1278;1280;1292;1313;1316;1381
3610,21,20,1,1;63;286;579;780;813;954;1017;1021;1100;1152;1258;1278;1280;1292;1313;1316;1368;1381;1387
3611,21,21,0,1;63;286;579;780;813;954;1017;1021;1100;1152;1258;1278;1280;1292;1313;1316;1323;1368;1381;1387
3612,20,20,0,1;63;286;579;780;813;1017;1021;1100;1152;1258;1278;1280;1292;1313;1316;1368;1373;1381;1387
3613,20,20,0,1;63;579;780;813;954;1017;1021;1100;1152;1258;1278;1280;1292;1313;1316;1368;1373;1381;1387
3614,22,21,1,1;63;579;780;813;954;1017;1021;1100;1152;1258;1278;1280;1292;1313;1316;1323;1368;1373;1381;1387
3615,22,22,0,1;63;426;579;780;813;954;1017;1021;1100;1150;1152;1258;1278;1280;1292;1313;1316;1368;1373;1381;1387
3616,23,22,1,1;63;426;579;780;813;954;1017;1021;1100;1150;1152;1258;1278;1280;1292;1313;1316;1368;1373;1381;1387
3617,20,20,0,1;63;679;780;813;954;1017;1021;1100;1152;1258;1278;1280;1292;1313;1316;1368;1373;1381;1387
3618,20,19,1,1;63;679;780;813;954;1017;1021;1100;1150;1152;1258;1278;1280;1292;1316;1368;1373;1381
3619,20,20,0,1;63;679;780;813;954;1017;1021;1100;1150;1152;1258;1278;1280;1292;1316;1368;1373;1381;1387
3620,22,20,2,1;63;679;780;813;954;1017;1021;1100;1150;1152;1258;1278;1280;1292;1316;1368;1373;1381;1387
3621,22,20,2,1;63;679;780;813;954;1017;1021;1100;1150;1152;1258;1278;1280;1292;1316;1368;1373;1381;1387
3622,21,20,1,1;63;679;780;813;954;1017;1021;1100;1150;1152;1258;1278;1280;1292;1316;1368;1373;1381;1387
3623,24,22,2,1;63;679;780;813;954;1017;1021;1100;1150;1152;1258;1278;1280;1292;1313;1316;1368;1373;1381;1387;1397
3624,21,20,1,1;63;679;780;813;954;1017;1021;1100;1152;1258;1278;1280;1292;1316;1368;1373;1381;1387;1397
3625,21,21,0,1;63;679;780;813;954;1017;1021;1100;1150;1152;1258;1278;1280;1292;1316;1368;1373;1381;1387;1397
3626,22,22,0,1;63;679;780;813;954;1017;1021;1100;1150;1152;1258;1278;1280;1292;1313;1316;1368;1373;1381;1387;1397
3627,22,22,0,1;63;679;780;813;954;1017;1021;1100;1150;1152;1258;1278;1280;1292;1313;1316;1368;1373;1381;1387;1397
3628,23,21,2,1;63;679;780;813;954;1017;1021;1100;1152;1258;1278;1280;1292;1313;1316;1368;1373;1381;1387;1397
3629,23,22,1,1;63;679;780;813;954;1017;1021;1100;1150;1152;1258;1278;1280;1292;1313;1316;1368;1373;1381;1387;1397
3630,21,21,0,1;63;679;780;813;954;1017;1021;1100;1152;1258;1278;1280;1292;1316;1323;1368;1373;1381;1387;1397
3631,21,19,2,1;63;679;780;813;1017;1021;1100;1152;1258;1278;1280;1292;1316;1368;1373;1381;1387;1397
3632,19,19,0,1;63;679;780;804;813;1017;1021;1100;1152;1258;1278;1280;1292;1316;1368;1373;1381;1397
3633,19,18,1,1;63;679;780;813;937;1021;1100;1150;1258;1278;1280;1292;1313;1316;1368;1373;1381
3634,21,18,3,1;63;679;780;813;937;1021;1100;1258;1278;1280;1292;1313;1316;1368;1373;1381;1387
3635,22,18,4,1;63;679;780;813;937;1021;1100;1258;1278;1280;1292;1313;1316;1368;1373;1381;1397
3636,23,20,3,1;63;286;679;780;813;937;1021;1100;1150;1258;1278;1280;1292;1316;1323;1368;1373;1381;1406
3637,21,19,2,1;63;679;780;813;937;954;1021;1100;1258;1278;1280;1292;1316;1368;1373;1381;1406;1408
3638,21,20,1,1;63;679;780;813;937;954;1021;1058;1100;1150;1258;1278;1280;1292;1316;1368;1373;1381;1406
3639,21,21,0,1;63;679;780;813;937;954;1021;1100;1106;1150;1258;1278;1280;1292;1316;1368;1373;1381;1397;1406
3640,20,19,1,1;63;679;780;813;937;954;1021;1100;1150;1258;1278;1280;1292;1316;1368;1373;1381;1406
3641,19,19,0,1;63;679;780;813;937;954;1021;1058;1106;1258;1278;1280;1292;1316;1368;1373;1381;1406
3642,20,18,2,1;63;679;780;813;937;954;1021;1106;1258;1278;1280;1292;1316;1368;1373;1381;1406
3643,18,18,0,1;63;286;679;780;813;937;1021;1106;1258;1278;1280;1292;1316;1368;1373;1381;1406
3644,18,18,0,1;63;286;679;780;813;937;954;1021;1258;1278;1280;1292;1316;1368;1373;1381;1406
3645,18,18,0,1;63;286;679;780;813;937;954;1021;1100;1258;1278;1280;1292;1316;1368;1381;1406
3646,17,17,0,63;286;679;780;813;937;1021;1058;1258;1278;1280;1292;1316;1368;1381;1387;1406
3647,16,16,0,63;286;679;780;813;937;1021;1058;1258;1278;1280;1292;1316;1368;1381;1406
3648,16,16,0,63;286;679;780;813;937;1021;1058;1258;1278;1280;1292;1316;1368;1381;1406
3649,17,16,1,63;286;679;780;813;937;1021;1058;1258;1278;1280;1292;1316;1368;1381;1406
3650,18,17,1,1;63;286;679;780;813;937;1021;1058;1258;1278;1280;1292;1316;1368;1381;1406
3651,17,16,1,63;286;679;780;813;937;1021;1058;1258;1278;1280;1292;1316;1368;1381;1406
3652,18,18,0,1;63;286;679;780;813;937;1021;1058;1258;1278;1280;1292;1316;1368;1381;1406;1416
3653,17,17,0,63;286;679;780;813;937;1021;1058;1258;1278;1280;1292;1316;1368;1381;1406;1416
3654,19,18,1,63;286;679;780;813;937;1021;1058;1258;1278;1280;1292;1313;1316;1368;1381;1406;1416
3655,17,17,0,1;63;286;679;780;813;937;1021;1258;1278;1280;1292;1316;1368;1381;1406;1416
3656,17,17,0,1;63;286;679;780;813;937;1021;1258;1278;1280;1292;1316;1368;1381;1406;1416
3657,17,17,0,1;63;286;679;780;813;937;1021;1258;1278;1280;1292;1316;1368;1381;1406;1416
3658,17,17,0,1;63;286;679;780;813;937;1021;1258;1280;1292;1316;1360;1368;1381;1406;1416
3659,16,16,0,1;63;286;780;813;937;1021;1258;1278;1280;1292;1316;1368;1381;1406;1416
3660,19,18,1,1;63;286;579;679;780;813;937;1021;1258;1278;1280;1292;1313;1316;1381;1406;1416
3661,20,20,0,1;63;286;679;780;813;937;1021;1150;1258;1280;1292;1313;1316;1360;1362;1368;1381;1406;1416
3662,19,19,0,1;63;286;679;780;813;937;1021;1150;1258;1280;1292;1313;1316;1360;1362;1368;1406;1408
3663,18,18,0,1;63;286;679;780;813;937;1021;1150;1258;1280;1292;1313;1316;1360;1368;1406;1408
3664,19,18,1,1;63;286;679;780;813;937;1021;1150;1258;1280;1292;1313;1316;1360;1368;1406;1408
3665,19,18,1,1;63;286;780;813;937;1021;1150;1258;1280;1292;1313;1316;1360;1368;1406;1408;1416
3666,20,20,0,1;63;286;780;813;937;1021;1100;1258;1278;1280;1292;1313;1316;1360;1368;1381;1406;1408;1416
3667,23,20,3,1;63;286;780;813;937;1021;1100;1258;1278;1280;1292;1313;1316;1360;1368;1381;1406;1408;1416
3668,21,20,1,1;63;286;780;813;937;1017;1021;1258;1278;1280;1292;1313;1316;1360;1368;1381;1406;1408;1416
3669,23,21,2,1;63;286;579;780;813;937;954;1017;1021;1258;1278;1280;1292;1313;1316;1368;1381;1406;1408;1416
3670,22,21,1,1;63;286;780;813;937;954;1017;1021;1258;1278;1280;1292;1313;1316;1360;1368;1381;1406;1408;1416
3671,17,17,0,1;63;286;780;813;937;1021;1258;1278;1280;1292;1313;1316;1381;1406;1408;1416
3672,18,18,0,1;63;286;780;813;937;1021;1258;1278;1280;1292;1313;1316;1368;1381;1406;1408;1416
3673,18,18,0,1;63;286;780;813;937;954;1021;1258;1278;1280;1292;1313;1316;1381;1406;1408;1416
3674,19,19,0,1;63;286;780;813;937;954;1021;1258;1278;1280;1292;1313;1316;1368;1381;1406;1408;1416
3675,18,18,0,1;63;286;780;813;937;1021;1258;1278;1280;1292;1313;1316;1368;1381;1406;1408;1416
3676,18,17,1,1;63;286;780;813;937;1021;1258;1278;1280;1292;1313;1316;1368;1381;1406;1416
3677,19,19,0,1;63;679;780;813;937;954;1017;1021;1258;1278;1280;1292;1313;1316;1368;1381;1406;1416
3678,19,18,1,1;63;679;780;813;937;954;1021;1258;1278;1280;1292;1313;1316;1368;1381;1406;1416
3679,19,18,1,1;63;679;780;813;937;954;1021;1258;1278;1280;1292;1313;1316;1368;1381;1406;1416
3680,22,19,3,1;63;679;780;813;937;954;1021;1058;1258;1280;1292;1313;1316;1360;1368;1381;1406;1416
3681,22,21,1,1;63;679;780;813;937;954;1021;1058;1188;1258;1278;1280;1292;1313;1316;1368;1381;1406;1416;1427
3682,21,19,2,1;63;679;813;937;954;1021;1188;1258;1280;1292;1313;1316;1360;1368;1381;1406;1416;1427
3683,21,21,0,1;63;679;813;937;954;1021;1058;1188;1258;1280;1292;1313;1316;1360;1368;1381;1406;1416;1427;1428
3684,18,17,1,1;63;679;813;937;1021;1258;1278;1280;1292;1313;1316;1368;1381;1406;1416;1427
3685,20,18,2,1;63;679;813;937;1017;1021;1258;1278;1280;1292;1313;1316;1368;1381;1406;1416;1427
3686,20,18,2,1;63;679;813;937;1021;1188;1258;1278;1280;1292;1313;1316;1368;1381;1406;1416;1427
3687,20,19,1,1;63;679;813;937;954;1021;1188;1258;1278;1280;1292;1313;1316;1368;1381;1406;1416;1427
3688,18,18,0,1;63;679;813;937;1021;1188;1258;1278;1280;1292;1313;1316;1368;1381;1406;1416;1427
3689,19,18,1,1;63;679;813;937;954;1021;1258;1278;1280;1292;1313;1316;1381;1406;1408;1416;1427
3690,19,18,1,1;63;679;813;937;954;1021;1258;1278;1280;1292;1313;1316;1360;1381;1406;1416;1427
3691,18,17,1,1;63;679;813;937;954;1021;1258;1280;1292;1313;1316;1360;1381;1406;1416;1427
3692,18,17,1,1;63;286;679;813;937;1021;1258;1280;1292;1313;1316;1360;1381;1406;1416;1427
3693,21,19,2,1;63;679;813;937;954;1021;1258;1280;1292;1313;1316;1323;1360;1368;1381;1406;1416;1427
3694,20,19,1,1;63;679;813;937;954;1021;1258;1280;1292;1313;1316;1362;1368;1381;1406;1408;1416;1427
3695,18,17,1,1;63;679;813;937;954;1021;1150;1258;1280;1292;1313;1316;1381;1406;1416;1427
3696,18,18,0,1;63;679;813;937;954;1021;1258;1280;1292;1313;1316;1362;1381;1406;1408;1416;1427
3697,19,18,1,1;63;679;813;937;954;1021;1258;1280;1292;1313;1316;1362;1381;1406;1408;1416;1427
3698,21,20,1,1;63;426;579;679;813;937;954;1021;1188;1258;1280;1292;1313;1316;1362;1381;1406;1408;1416
3699,17,17,0,1;63;679;813;937;954;1021;1188;1258;1280;1292;1313;1316;1360;1381;1406;1416
3700,20,19,1,1;63;679;813;937;954;1021;1188;1258;1278;1280;1292;1313;1316;1360;1381;1406;1408;1416
3701,20,18,2,1;63;679;813;937;954;1021;1188;1258;1280;1292;1313;1316;1362;1381;1406;1408;1416
3702,21,18,3,1;63;679;813;937;954;1021;1258;1280;1292;1313;1316;1362;1368;1381;1406;1408;1416
3703,22,21,1,1;63;679;813;937;954;1021;1106;1258;1278;1280;1292;1313;1316;1360;1362;1368;1381;1406;1408;1416
3704,21,19,2,1;63;679;813;937;954;1021;1258;1278;1280;1292;1313;1316;1362;1368;1381;1406;1408;1416
3705,22,20,2,1;63;679;813;937;954;1021;1150;1258;1278;1280;1292;1313;1316;1362;1368;1381;1406;1408;1416
3706,20,19,1,1;63;679;813;937;954;1021;1258;1280;1292;1313;1316;1360;1362;1368;1381;1406;1416;1445
3707,20,19,1,1;63;679;813;937;954;1021;1258;1280;1292;1313;1316;1360;1368;1381;1406;1416;1427;1446
3708,20,19,1,1;63;679;813;937;954;1021;1258;1280;1292;1313;1316;1360;1368;1381;1406;1416;1427;1446
3709,20,18,2,1;63;679;813;937;954;1021;1280;1292;1313;1316;1360;1368;1381;1406;1416;1427;1446
3710,20,18,2,1;63;679;813;937;954;1021;1280;1292;1313;1316;1360;1368;1381;1406;1416;1427;1446
3711,19,18,1,1;63;679;813;937;954;1021;1280;1292;1313;1316;1360;1368;1381;1406;1416;1427;1446
3712,18,18,0,1;63;679;813;937;954;1021;1280;1292;1313;1316;1360;1368;1381;1406;1416;1427;1446
3713,19,18,1,1;63;679;813;954;1017;1021;1280;1292;1313;1316;1360;1368;1381;1406;1416;1427;1446
3714,19,18,1,1;63;679;813;937;954;1021;1280;1292;1313;1316;1360;1368;1381;1406;1416;1427;1446
3715,21,20,1,1;63;679;813;937;954;1021;1258;1280;1292;1313;1316;1360;1368;1381;1406;1408;1416;1427;1446
3716,20,20,0,1;63;679;813;937;954;1021;1258;1280;1292;1313;1316;1360;1368;1381;1406;1408;1416;1427;1446
3717,20,19,1,1;63;679;813;937;954;1021;1280;1292;1313;1316;1360;1368;1381;1406;1408;1416;1427;1446
3718,21,19,2,1;63;679;813;937;954;1021;1280;1292;1313;1316;1360;1368;1381;1406;1408;1416;1427;1446
3719,20,19,1,1;63;679;813;937;954;1021;1280;1292;1313;1316;1360;1368;1381;1406;1408;1416;1427;1446
3720,20,20,0,1;63;679;813;954;1017;1021;1100;1280;1292;1313;1316;1360;1368;1381;1406;1408;1416;1427;1455
3721,19,19,0,1;63;286;679;813;937;1021;1280;1292;1313;1316;1360;1368;1381;1397;1406;1416;1427;1455
3722,20,20,0,1;63;286;679;813;1017;1021;1280;1292;1313;1316;1360;1368;1381;1397;1406;1408;1416;1427;1455
3723,20,20,0,1;63;286;679;813;1017;1021;1188;1280;1292;1313;1316;1360;1381;1397;1406;1408;1416;1427;1455
3724,20,20,0,1;63;286;679;813;1017;1021;1188;1280;1292;1313;1316;1360;1381;1397;1406;1408;1416;1427;1455
3725,22,21,1,1;63;286;679;813;1017;1021;1058;1188;1280;1292;1313;1316;1360;1381;1406;1408;1416;1427;1446;1455
3726,21,20,1,1;63;286;679;813;1017;1021;1188;1280;1292;1313;1316;1360;1381;1406;1408;1416;1427;1446;1455
3727,21,20,1,1;63;286;679;813;1017;1021;1280;1292;1313;1316;1360;1368;1381;1406;1408;1416;1427;1446;1455
3728,22,20,2,1;63;286;679;813;1017;1021;1150;1292;1313;1316;1360;1368;1381;1406;1408;1416;1427;1446;1455
3729,20,18,2,1;63;679;813;954;1017;1021;1292;1313;1316;1360;1368;1381;1406;1408;1416;1446;1455
3730,22,20,2,1;63;679;813;954;1017;1021;1292;1313;1316;1360;1362;1368;1381;1397;1406;1408;1416;1427;1455
3731,19,19,0,1;63;679;813;954;1017;1021;1292;1313;1316;1360;1381;1397;1406;1408;1416;1427;1455;1459
3732,20,20,0,1;63;679;813;954;1017;1021;1292;1313;1316;1360;1368;1381;1397;1406;1408;1416;1427;1455;1459
3733,20,20,0,1;63;679;813;954;1017;1021;1292;1313;1316;1360;1368;1381;1397;1406;1408;1416;1427;1455;1459
3734,22,21,1,1;63;679;813;937;954;1021;1188;1292;1313;1316;1360;1368;1381;1406;1408;1416;1427;1446;1455;1459
3735,21,21,0,1;63;679;813;937;954;1021;1292;1313;1316;1360;1368;1381;1397;1406;1408;1416;1427;1446;1455;1459
3736,25,21,4,1;63;679;813;937;954;1021;1292;1313;1316;1360;1368;1381;1397;1406;1408;1416;1427;1446;1455;1459
3737,20,20,0,1;63;679;813;937;954;1021;1292;1313;1316;1360;1368;1381;1406;1408;1416;1427;1446;1455;1459
3738,20,20,0,1;63;679;813;937;954;1021;1188;1292;1313;1316;1360;1381;1406;1408;1416;1427;1446;1455;1459
3739,19,19,0,1;63;679;813;937;954;1021;1292;1313;1316;1360;1381;1406;1408;1416;1427;1446;1455;1459
3740,20,20,0,1;63;679;813;937;954;1021;1292;1313;1316;1360;1381;1387;1406;1408;1416;1427;1446;1455;1459
3741,20,20,0,1;63;679;813;937;954;1021;1106;1292;1313;1316;1360;1381;1397;1406;1408;1416;1427;1455;1459
3742,20,19,1,1;63;679;813;937;954;1021;1280;1292;1313;1316;1360;1381;1406;1408;1416;1427;1455;1459
3743,21,19,2,1;63;679;813;937;954;1021;1280;1292;1313;1316;1360;1381;1406;1408;1416;1427;1455;1459
3744,20,18,2,1;63;679;813;937;954;1021;1280;1292;1313;1316;1360;1381;1406;1408;1416;1427;1455
3745,17,17,0,1;63;679;813;937;954;1021;1292;1313;1316;1360;1381;1406;1408;1416;1427;1455
3746,17,17,0,1;63;679;813;937;954;1021;1292;1313;1316;1360;1381;1406;1408;1416;1427;1455
3747,18,17,1,1;63;679;813;937;954;1021;1292;1313;1316;1360;1381;1406;1408;1416;1427;1455
3748,18,17,1,1;63;679;813;937;954;1021;1292;1313;1316;1360;1381;1406;1408;1416;1427;1455
3749,17,17,0,1;63;679;813;937;954;1021;1292;1313;1316;1360;1381;1406;1408;1416;1427;1455
3750,17,17,0,1;63;679;813;937;954;1021;1292;1313;1316;1360;1381;1406;1408;1416;1427;1455
3751,22,18,4,1;63;286;679;813;937;1021;1280;1292;1313;1316;1360;1381;1406;1408;1416;1427;1455
3752,21,19,2,1;63;679;813;937;954;1021;1280;1292;1313;1316;1360;1381;1406;1408;1416;1427;1455;1459
3753,18,16,2,1;63;679;813;954;1021;1292;1313;1316;1360;1381;1406;1408;1416;1427;1455
3754,20,17,3,1;63;679;813;937;954;1021;1292;1313;1316;1360;1381;1406;1408;1416;1427;1455
3755,19,18,1,1;63;286;679;813;937;954;1021;1292;1313;1316;1360;1381;1406;1408;1416;1427;1455
3756,19,19,0,1;63;579;679;813;937;954;1021;1292;1313;1316;1360;1381;1406;1408;1416;1427;1455;1475
3757,20,18,2,1;63;679;813;937;954;1021;1292;1313;1316;1360;1381;1406;1408;1416;1427;1455;1475
3758,19,17,2,1;63;679;813;937;954;1021;1106;1292;1313;1316;1381;1406;1416;1427;1455;1475
3759,20,17,3,1;63;679;813;937;954;1021;1106;1150;1292;1313;1316;1406;1416;1427;1455;1475
3760,20,19,1,1;63;679;813;937;954;1021;1106;1150;1292;1313;1316;1381;1406;1416;1427;1455;1475;1479
3761,18,18,0,1;63;679;813;937;1021;1150;1188;1292;1313;1316;1381;1406;1416;1427;1455;1475;1479
3762,18,18,0,1;63;679;813;937;1021;1150;1188;1292;1313;1316;1381;1406;1416;1427;1455;1475;1479
3763,20,19,1,1;63;286;679;813;937;954;1021;1188;1292;1313;1316;1381;1406;1416;1427;1455;1475;1479
3764,17,17,0,1;63;679;813;937;1021;1188;1292;1313;1316;1381;1406;1416;1427;1455;1475;1479
3765,18,17,1,1;63;679;813;937;1021;1292;1313;1316;1381;1406;1416;1427;1445;1455;1475;1479
3766,17,17,0,1;63;679;813;937;1021;1188;1292;1313;1316;1381;1406;1416;1427;1455;1475;1479
3767,16,16,0,1;63;679;813;1021;1188;1292;1313;1316;1381;1406;1416;1427;1455;1475;1479
3768,16,16,0,1;63;679;813;1021;1106;1292;1313;1316;1381;1406;1416;1427;1455;1475;1479
3769,16,16,0,1;63;679;813;937;1021;1292;1313;1316;1381;1406;1416;1427;1455;1475;1479
3770,18,17,1,1;63;679;813;937;1017;1021;1292;1313;1316;1381;1406;1416;1427;1455;1475;1479
3771,19,18,1,1;63;679;813;937;1017;1021;1188;1292;1313;1316;1381;1406;1408;1416;1427;1455;1475
3772,18,15,3,1;63;679;813;1021;1292;1313;1316;1381;1406;1416;1427;1455;1475;1479
3773,19,15,4,1;63;679;813;1021;1313;1316;1368;1381;1406;1416;1427;1455;1475;1479
3774,19,17,2,1;63;679;813;1021;1292;1313;1316;1368;1381;1406;1416;1427;1455;1475;1479;1485
3775,19,18,1,1;63;679;813;1021;1188;1313;1316;1381;1406;1416;1427;1455;1475;1479;1485;1486;1487
3776,22,20,2,1;63;679;813;1021;1150;1188;1292;1313;1316;1381;1406;1416;1427;1455;1475;1479;1485;1486;1487
3777,21,19,2,1;63;679;813;1021;1188;1292;1313;1316;1381;1406;1416;1427;1455;1475;1479;1485;1486;1487
3778,19,18,1,1;63;679;813;1021;1188;1313;1316;1381;1406;1416;1427;1455;1475;1479;1485;1486;1487
3779,19,19,0,1;63;679;813;1021;1188;1292;1313;1316;1381;1406;1416;1427;1455;1475;1479;1486;1487;1490
3780,19,19,0,1;63;679;813;1021;1188;1292;1313;1316;1381;1406;1416;1427;1455;1475;1479;1486;1487;1490
3781,19,19,0,1;63;679;813;1021;1188;1292;1313;1316;1381;1406;1416;1427;1455;1475;1479;1486;1487;1490
3782,18,18,0,1;63;679;813;1021;1292;1313;1316;1381;1406;1416;1427;1455;1475;1479;1486;1487;1490
3783,18,18,0,1;63;679;813;1021;1292;1313;1316;1381;1406;1416;1427;1455;1475;1479;1486;1487;1490
3784,18,18,0,1;63;679;813;1021;1292;1313;1381;1387;1406;1416;1427;1455;1475;1479;1486;1487;1490
3785,18,18,0,1;63;679;813;1021;1292;1313;1381;1387;1406;1416;1427;1455;1475;1479;1486;1487;1490
3786,18,17,1,1;63;679;813;1021;1292;1313;1381;1406;1416;1427;1455;1475;1479;1486;1487;1490
3787,20,20,0,1;63;286;679;813;1021;1292;1313;1316;1381;1387;1406;1416;1427;1455;1475;1479;1486;1487;1490
3788,17,17,0,1;63;679;813;1021;1313;1316;1381;1406;1416;1427;1455;1475;1479;1486;1487;1490
3789,19,19,0,1;63;679;813;1021;1292;1313;1316;1381;1387;1406;1416;1427;1455;1475;1479;1486;1487;1490
3790,19,19,0,1;63;679;813;1021;1292;1313;1316;1381;1387;1406;1416;1427;1455;1475;1479;1486;1487;1490
3791,18,17,1,1;63;679;813;1021;1292;1313;1381;1387;1406;1416;1427;1455;1475;1479;1487;1490
3792,18,18,0,1;63;679;813;1021;1292;1313;1316;1381;1387;1406;1416;1427;1455;1475;1479;1487;1490
3793,20,19,1,1;63;286;679;813;1021;1292;1313;1316;1381;1387;1406;1416;1427;1455;1475;1479;1487;1490
3794,20,20,0,1;63;286;679;813;1021;1292;1313;1316;1381;1387;1406;1416;1427;1455;1475;1479;1486;1487;1490
3795,19,19,0,1;63;286;679;813;1021;1292;1313;1316;1381;1387;1406;1416;1427;1455;1475;1479;1487;1490
3796,17,17,0,1;63;286;679;813;1021;1292;1313;1316;1381;1406;1416;1427;1455;1475;1479;1490
3797,17,17,0,1;63;286;679;813;1021;1292;1313;1381;1387;1406;1416;1427;1455;1475;1479;1490
3798,18,18,0,1;63;286;679;813;1021;1292;1313;1381;1387;1406;1416;1427;1455;1475;1479;1487;1490
3799,19,18,1,1;63;286;679;813;1021;1292;1313;1381;1387;1406;1416;1427;1455;1475;1479;1487;1490
3800,16,16,0,1;63;679;813;1021;1292;1313;1381;1387;1406;1416;1427;1455;1475;1487;1490
3801,20,19,1,1;286;679;813;1021;1150;1292;1313;1316;1381;1387;1406;1416;1427;1455;1475;1479;1487;1490
3802,19,18,1,1;63;679;813;954;1021;1292;1313;1316;1381;1387;1406;1416;1427;1455;1475;1487;1490
3803,18,18,0,1;63;286;679;813;1021;1292;1313;1316;1381;1387;1406;1416;1427;1455;1475;1487;1490
3804,17,17,0,1;63;679;813;1021;1292;1313;1381;1387;1406;1416;1427;1455;1475;1479;1487;1490
3805,19,18,1,1;63;286;679;813;1021;1292;1313;1381;1387;1406;1416;1427;1455;1475;1479;1487;1490
3806,17,16,1,1;63;679;813;1021;1292;1313;1381;1387;1406;1416;1427;1455;1475;1487;1490
3807,19,18,1,1;63;679;813;1021;1150;1292;1313;1316;1381;1387;1406;1416;1427;1455;1475;1487;1490
3808,18,18,0,1;63;286;679;813;1021;1292;1313;1316;1381;1387;1406;1416;1427;1455;1475;1487;1490
3809,18,18,0,1;63;286;679;813;954;1021;1292;1313;1381;1387;1406;1416;1427;1455;1475;1487;1490
3810,18,17,1,1;63;286;679;813;954;1021;1292;1313;1381;1387;1406;1416;1427;1455;1475;1485
3811,18,17,1,1;63;286;679;813;1021;1292;1313;1381;1387;1406;1416;1427;1455;1475;1485;1486
3812,19,17,2,1;63;286;679;813;1021;1292;1313;1381;1387;1406;1416;1427;1455;1475;1485;1486
3813,17,16,1,1;63;286;679;813;1021;1292;1381;1387;1406;1416;1427;1455;1475;1485;1486
3814,18,17,1,1;63;286;679;813;1021;1292;1381;1387;1406;1416;1427;1455;1475;1485;1486;1487
3815,20,18,2,1;63;286;679;813;1021;1292;1381;1387;1406;1416;1427;1455;1475;1485;1486;1487;1502
3816,17,17,0,1;63;679;813;1021;1292;1381;1387;1406;1416;1427;1455;1475;1485;1486;1487;1502
3817,18,18,0,1;63;286;679;813;1021;1292;1381;1387;1406;1416;1427;1455;1475;1485;1486;1487;1502
3818,19,18,1,1;63;286;679;813;1021;1292;1381;1387;1406;1416;1427;1455;1475;1485;1486;1487;1502
3819,18,17,1,1;63;679;813;1021;1292;1381;1387;1406;1416;1427;1455;1475;1485;1486;1487;1502
3820,18,17,1,1;63;679;813;1021;1292;1381;1387;1406;1416;1427;1455;1475;1485;1486;1487;1502
3821,18,17,1,1;63;679;813;1021;1292;1381;1387;1406;1416;1427;1455;1475;1485;1486;1487;1502
3822,18,17,1,1;63;679;813;1021;1292;1381;1387;1406;1416;1427;1455;1475;1485;1486;1487;1502
3823,19,19,0,1;63;286;679;813;1021;1292;1381;1387;1406;1416;1427;1455;1475;1485;1486;1487;1502;1506
3824,20,20,0,1;63;286;679;813;1021;1292;1381;1387;1397;1406;1416;1427;1446;1455;1475;1485;1486;1487;1502
3825,18,18,0,1;63;679;813;1021;1292;1381;1387;1406;1416;1427;1446;1455;1475;1485;1486;1487;1502
3826,18,18,0,1;63;286;679;813;1021;1292;1381;1397;1406;1416;1427;1455;1475;1485;1490;1502;1506
3827,20,19,1,1;63;286;679;813;1021;1292;1381;1387;1406;1416;1427;1446;1455;1475;1485;1487;1490;1502
3828,18,18,0,1;63;286;679;813;1021;1292;1381;1387;1406;1416;1427;1446;1455;1475;1485;1490;1502
3829,19,19,0,1;63;286;679;813;1021;1292;1381;1387;1406;1416;1427;1446;1455;1475;1485;1490;1502;1506
3830,18,18,0,1;63;286;679;813;1021;1058;1292;1381;1406;1416;1427;1455;1475;1485;1490;1502;1506
3831,18,18,0,1;63;286;679;813;1021;1058;1292;1381;1406;1416;1427;1455;1475;1485;1487;1502;1506
3832,20,19,1,1;63;286;679;813;1021;1058;1106;1292;1381;1406;1416;1427;1455;1475;1485;1487;1502;1506
3833,18,18,0,1;63;286;679;813;1021;1058;1292;1381;1406;1416;1427;1455;1475;1485;1487;1502;1506
3834,17,16,1,1;63;286;679;813;1021;1292;1381;1406;1416;1427;1455;1475;1485;1502;1506
3835,17,16,1,1;63;286;679;813;1021;1292;1381;1406;1416;1427;1455;1475;1485;1502;1506
3836,16,15,1,1;63;286;679;813;1021;1292;1381;1406;1416;1427;1455;1475;1485;1502
3837,19,18,1,1;63;286;679;813;954;1021;1292;1381;1406;1416;1427;1446;1455;1475;1485;1487;1502
3838,18,18,0,1;63;286;679;813;1021;1292;1313;1381;1406;1416;1427;1455;1475;1485;1487;1506;1510
3839,17,17,0,1;63;286;679;813;1021;1292;1313;1381;1406;1416;1427;1455;1475;1485;1487;1510
3840,19,18,1,1;63;679;813;1021;1292;1313;1381;1406;1416;1427;1446;1455;1475;1485;1487;1490;1510
3841,20,19,1,1;63;679;813;1021;1292;1313;1381;1406;1416;1427;1446;1455;1475;1485;1486;1487;1490;1510
3842,23,20,3,1;63;286;679;813;1021;1292;1313;1381;1397;1406;1416;1427;1446;1455;1475;1485;1486;1490;1510
3843,24,21,3,1;63;286;679;813;1021;1292;1313;1381;1397;1406;1416;1427;1445;1446;1455;1475;1485;1486;1490;1510
3844,22,21,1,1;63;286;679;813;1021;1150;1292;1313;1360;1381;1397;1406;1416;1427;1445;1455;1475;1485;1487;1510
3845,24,23,1,1;63;286;679;813;954;1021;1292;1313;1381;1406;1416;1427;1445;1446;1455;1475;1485;1486;1490;1506;1510;1513
3846,20,20,0,1;63;286;679;813;954;1021;1292;1313;1381;1406;1416;1427;1445;1446;1455;1475;1485;1506;1510
3847,23,23,0,1;63;286;679;813;954;1021;1150;1292;1313;1381;1397;1406;1416;1427;1445;1446;1455;1475;1485;1486;1490;1510
3848,24,23,1,1;63;286;679;813;954;1021;1150;1292;1313;1381;1397;1406;1416;1427;1445;1446;1455;1475;1485;1486;1490;1510
3849,21,20,1,1;63;286;679;813;1021;1292;1313;1381;1397;1406;1416;1427;1445;1446;1455;1475;1485;1506;1510
3850,21,21,0,1;63;286;679;813;1021;1150;1292;1313;1381;1397;1406;1416;1427;1445;1446;1455;1475;1485;1506;1510
3851,20,20,0,1;63;286;679;813;1021;1150;1292;1313;1381;1387;1397;1406;1416;1427;1445;1455;1475;1485;1510
3852,22,21,1,1;63;286;679;813;1021;1150;1292;1313;1381;1397;1406;1416;1427;1445;1446;1455;1475;1485;1506;1510
3853,22,22,0,1;63;286;679;813;1021;1150;1292;1313;1381;1397;1406;1416;1427;1445;1446;1455;1475;1485;1490;1506;1510
3854,21,20,1,1;63;286;679;813;1021;1292;1313;1381;1406;1416;1427;1445;1446;1455;1475;1485;1486;1490;1510
3855,18,18,0,1;63;286;679;813;1021;1292;1313;1381;1406;1416;1427;1446;1455;1475;1485;1490;1510
3856,20,20,0,1;63;286;679;813;1021;1150;1292;1313;1381;1406;1416;1427;1445;1446;1455;1475;1485;1486;1510
3857,18,18,0,1;63;679;813;1021;1150;1292;1381;1406;1416;1427;1446;1455;1475;1485;1486;1487;1510
3858,17,16,1,1;63;679;813;1021;1292;1381;1406;1416;1427;1446;1455;1475;1485;1487;1510
3859,18,17,1,1;63;679;813;1021;1150;1292;1381;1406;1416;1427;1446;1455;1475;1485;1487;1510
3860,19,18,1,1;63;679;813;1021;1058;1150;1292;1381;1406;1416;1427;1446;1455;1475;1485;1487;1510
3861,19,18,1,1;63;579;679;813;1021;1150;1292;1406;1416;1427;1446;1455;1475;1485;1487;1510;1521
3862,17,16,1,1;63;679;813;1021;1150;1292;1406;1416;1427;1446;1455;1475;1485;1487;1510
3863,20,17,3,63;679;813;1021;1150;1292;1406;1416;1427;1446;1455;1475;1485;1486;1487;1510;1521
3864,20,18,2,1;63;679;813;1021;1150;1292;1406;1416;1427;1446;1455;1475;1485;1486;1487;1510;1522
3865,22,18,4,63;679;813;1021;1058;1150;1292;1406;1416;1427;1446;1455;1475;1485;1486;1487;1510;1522
3866,19,18,1,63;679;813;1021;1058;1292;1381;1406;1416;1427;1446;1455;1475;1485;1486;1487;1510;1522
3867,20,17,3,63;679;813;1021;1058;1292;1381;1406;1416;1427;1446;1455;1475;1485;1487;1510;1522
3868,20,19,1,63;286;679;813;1021;1058;1292;1381;1406;1416;1427;1455;1459;1475;1485;1486;1510;1522;1528
3869,18,18,0,63;679;813;1021;1058;1292;1406;1416;1427;1446;1455;1475;1485;1486;1487;1510;1522;1528
3870,16,16,0,63;679;813;1021;1058;1150;1292;1406;1416;1427;1455;1475;1485;1486;1487;1510
3871,18,18,0,63;679;813;1021;1058;1150;1292;1381;1406;1416;1427;1446;1455;1475;1485;1487;1506;1510
3872,19,19,0,63;286;679;813;1021;1058;1150;1292;1381;1406;1416;1427;1445;1446;1455;1475;1487;1506;1510
3873,20,20,0,63;286;679;813;1021;1058;1150;1292;1360;1381;1406;1416;1427;1445;1446;1455;1475;1487;1506;1510
3874,17,17,0,63;286;679;813;1021;1058;1150;1292;1381;1406;1416;1427;1445;1455;1475;1506;1510
3875,18,18,0,63;286;679;813;1021;1058;1150;1292;1381;1406;1416;1427;1445;1455;1475;1487;1506;1510
3876,20,19,1,63;286;679;813;1021;1058;1150;1292;1381;1406;1416;1427;1445;1446;1455;1475;1487;1506;1510
3877,21,20,1,63;679;813;1021;1058;1150;1292;1381;1406;1416;1427;1445;1446;1455;1459;1475;1486;1487;1506;1510
3878,21,20,1,63;286;679;813;1021;1058;1292;1360;1381;1406;1416;1427;1445;1446;1455;1475;1486;1487;1506;1510
3879,19,19,0,63;679;813;1021;1058;1292;1381;1406;1416;1427;1445;1446;1455;1475;1486;1487;1506;1510;1531
3880,19,19,0,63;679;813;1021;1058;1150;1292;1360;1381;1406;1416;1427;1446;1455;1475;1485;1487;1506;1510
3881,18,18,0,63;286;679;813;1021;1058;1292;1360;1381;1406;1416;1427;1446;1455;1475;1485;1506;1510
3882,18,18,0,63;679;813;1021;1058;1292;1360;1381;1406;1416;1427;1446;1455;1475;1485;1487;1506;1510
3883,18,18,0,63;679;813;954;1021;1058;1292;1381;1406;1416;1427;1446;1455;1475;1485;1486;1506;1510
3884,18,18,0,63;679;813;954;1021;1058;1292;1360;1381;1406;1416;1427;1455;1475;1485;1486;1506;1510
3885,15,15,0,63;679;813;954;1021;1058;1292;1406;1416;1427;1455;1475;1485;1506;1510
3886,20,17,3,63;286;679;813;1021;1058;1292;1360;1381;1406;1416;1427;1455;1475;1485;1486;1510
3887,17,15,2,63;286;679;813;1021;1058;1292;1381;1406;1416;1427;1455;1475;1485;1486
3888,18,15,3,63;286;679;813;1021;1058;1292;1381;1406;1416;1427;1455;1475;1485;1486
3889,23,17,6,63;286;679;813;1021;1058;1292;1381;1406;1416;1427;1446;1455;1475;1485;1486;1534
3890,20,17,3,63;286;679;813;1021;1058;1381;1397;1406;1416;1427;1455;1475;1485;1486;1534;1535
3891,20,18,2,63;286;679;813;1021;1058;1381;1397;1406;1416;1427;1455;1475;1485;1486;1534;1535;1536
3892,23,20,3,63;286;679;813;1021;1058;1381;1397;1406;1416;1427;1446;1455;1475;1485;1486;1506;1534;1535;1539
3893,21,19,2,63;286;679;813;1021;1058;1292;1381;1397;1406;1416;1455;1475;1485;1486;1506;1534;1535;1541
3894,19,18,1,63;286;679;813;954;1021;1058;1292;1381;1397;1406;1416;1455;1475;1485;1486;1535;1541
3895,17,16,1,63;286;679;813;1021;1058;1292;1381;1406;1416;1455;1475;1485;1486;1535;1541
3896,19,19,0,63;679;813;954;1021;1058;1292;1381;1397;1406;1416;1455;1475;1485;1486;1506;1535;1541;1544
3897,20,20,0,63;286;679;813;954;1021;1058;1292;1381;1397;1406;1416;1446;1455;1475;1485;1486;1535;1541;1544
3898,20,19,1,63;286;679;813;1021;1058;1292;1381;1397;1406;1416;1446;1455;1475;1485;1486;1535;1541;1544
3899,20,20,0,63;286;679;813;1021;1058;1150;1292;1381;1406;1416;1446;1455;1475;1485;1486;1506;1535;1541;1544
3900,21,19,2,63;286;679;813;1021;1058;1292;1381;1397;1406;1416;1446;1455;1475;1485;1486;1535;1541;1544
3901,23,21,2,63;286;679;813;1021;1058;1150;1292;1381;1397;1406;1416;1446;1455;1475;1485;1486;1506;1535;1541;1544
3902,21,21,0,63;286;679;813;954;1021;1058;1292;1381;1397;1406;1416;1446;1455;1475;1485;1486;1506;1535;1541;1544
3903,22,21,1,63;679;813;954;1021;1058;1292;1381;1387;1397;1406;1416;1446;1455;1475;1485;1486;1506;1535;1541;1544
3904,20,19,1,63;679;813;954;1058;1292;1381;1387;1397;1406;1416;1446;1455;1475;1485;1486;1535;1541;1544
3905,20,19,1,63;286;679;813;954;1058;1292;1381;1397;1406;1416;1446;1455;1475;1485;1486;1535;1541;1544
3906,23,20,3,63;286;679;813;954;1058;1292;1381;1397;1406;1416;1446;1455;1475;1485;1486;1531;1535;1541;1544
3907,23,22,1,63;286;679;813;1021;1058;1292;1313;1381;1387;1397;1406;1416;1446;1455;1475;1485;1486;1531;1535;1541;1544
3908,24,23,1,63;286;679;813;1021;1058;1292;1381;1387;1397;1406;1416;1446;1455;1475;1485;1486;1487;1528;1531;1535;1541;1544
3909,22,22,0,63;679;813;1021;1058;1292;1381;1397;1406;1416;1446;1455;1475;1485;1486;1487;1528;1531;1535;1541;1544;1550
3910,23,22,1,63;286;679;813;1021;1058;1292;1381;1397;1406;1416;1446;1455;1475;1485;1486;1487;1506;1531;1535;1541;1544
3911,20,20,0,63;679;813;1021;1058;1292;1381;1397;1406;1416;1446;1455;1485;1486;1487;1506;1528;1535;1541;1544
3912,22,22,0,63;679;813;1021;1058;1292;1381;1397;1406;1416;1446;1455;1475;1485;1486;1487;1506;1528;1531;1535;1541;1544
3913,20,20,0,63;679;813;1021;1058;1292;1381;1397;1406;1416;1446;1455;1485;1486;1487;1506;1528;1535;1541;1544
3914,20,20,0,63;679;813;1021;1058;1292;1381;1397;1406;1416;1446;1455;1485;1486;1487;1506;1528;1535;1541;1544
3915,20,20,0,63;679;813;1021;1058;1292;1381;1397;1406;1416;1446;1455;1485;1486;1487;1506;1528;1535;1541;1544
3916,21,19,2,63;679;813;1021;1058;1292;1381;1397;1406;1416;1446;1455;1485;1487;1506;1528;1535;1541;1544
3917,21,19,2,63;679;813;1021;1058;1292;1381;1397;1406;1416;1446;1455;1475;1485;1487;1506;1535;1541;1544
3918,20,19,1,63;679;813;954;1021;1058;1292;1381;1397;1406;1416;1446;1455;1475;1485;1487;1506;1541;1544
3919,22,20,2,63;679;813;954;1021;1058;1292;1381;1397;1406;1416;1446;1455;1475;1485;1487;1506;1522;1541;1544
3920,18,18,0,63;679;813;1021;1058;1292;1381;1397;1406;1416;1446;1455;1475;1485;1487;1522;1541;1544
3921,17,17,0,63;679;813;954;1021;1058;1292;1381;1406;1416;1455;1475;1485;1487;1506;1541;1544
3922,16,16,0,63;679;813;1021;1058;1292;1381;1406;1416;1455;1475;1485;1487;1506;1541;1544
3923,19,18,1,63;679;813;1021;1058;1150;1292;1381;1406;1416;1455;1475;1485;1487;1506;1528;1541;1544
3924,20,18,2,63;286;679;813;1021;1058;1150;1292;1381;1406;1416;1455;1475;1485;1506;1528;1541;1544
3925,21,19,2,63;286;679;813;1021;1058;1106;1150;1292;1381;1406;1416;1455;1475;1485;1506;1528;1541;1544
3926,21,20,1,63;286;679;813;1021;1058;1106;1150;1292;1360;1381;1406;1416;1455;1475;1485;1506;1541;1544;1558
3927,20,20,0,63;286;679;813;1021;1058;1106;1150;1292;1360;1381;1406;1416;1455;1475;1485;1506;1541;1544;1558
3928,19,19,0,63;679;813;1021;1058;1106;1150;1292;1360;1381;1406;1416;1455;1475;1485;1506;1541;1544;1558
3929,22,21,1,63;286;679;813;1021;1058;1106;1150;1292;1360;1381;1406;1416;1455;1475;1485;1487;1506;1541;1544;1558
3930,18,18,0,63;679;813;1021;1058;1106;1150;1292;1360;1406;1416;1455;1475;1485;1506;1541;1544;1558
3931,18,17,1,63;679;813;1021;1058;1106;1150;1292;1360;1406;1416;1455;1485;1506;1528;1541;1544
3932,18,18,0,63;286;679;813;1021;1058;1106;1150;1292;1360;1406;1416;1455;1485;1528;1541;1544;1558
3933,19,18,1,63;286;679;813;1021;1058;1106;1292;1360;1406;1416;1455;1475;1485;1506;1528;1541;1544
3934,22,19,3,63;286;679;813;1021;1058;1106;1292;1360;1381;1406;1416;1455;1475;1485;1528;1541;1544;1558
3935,19,19,0,63;286;679;813;1021;1058;1106;1292;1360;1381;1406;1416;1455;1485;1486;1506;1528;1541;1544
3936,22,20,2,63;286;679;813;1021;1058;1106;1150;1292;1360;1381;1406;1416;1455;1485;1486;1528;1541;1544;1558
3937,21,19,2,63;286;679;813;1021;1058;1292;1360;1381;1406;1416;1455;1485;1486;1506;1528;1541;1544;1558
3938,21,19,2,63;286;679;813;1021;1058;1292;1360;1381;1406;1416;1445;1455;1485;1522;1528;1541;1544;1558
3939,23,20,3,63;286;679;813;1021;1058;1292;1360;1381;1406;1416;1445;1455;1485;1487;1522;1528;1541;1544;1558
3940,23,23,0,63;286;679;813;1021;1058;1150;1292;1360;1381;1406;1416;1445;1455;1485;1487;1510;1522;1528;1541;1544;1558;1569
3941,26,24,2,63;286;579;679;813;1021;1058;1150;1292;1360;1381;1406;1416;1445;1455;1485;1487;1506;1522;1528;1541;1544;1558;1569
3942,22,21,1,63;286;679;813;1021;1058;1150;1292;1360;1381;1406;1416;1445;1455;1485;1487;1522;1528;1541;1544;1569
3943,22,20,2,63;286;679;813;1021;1058;1150;1292;1360;1381;1397;1406;1416;1445;1455;1485;1487;1528;1541;1544
3944,21,20,1,63;286;679;813;1021;1058;1150;1292;1360;1381;1406;1416;1455;1485;1510;1522;1528;1531;1541;1544
3945,23,21,2,63;286;679;813;1021;1058;1150;1292;1360;1381;1406;1416;1455;1485;1506;1510;1522;1528;1541;1544;1575
3946,21,20,1,63;679;813;1021;1058;1150;1292;1360;1381;1406;1416;1455;1485;1487;1506;1510;1528;1541;1544;1575
3947,22,21,1,63;286;679;813;1021;1058;1106;1150;1292;1360;1381;1406;1416;1455;1485;1487;1506;1528;1541;1544;1575
3948,23,21,2,63;679;813;1021;1058;1106;1150;1292;1360;1381;1406;1416;1455;1459;1485;1487;1506;1528;1541;1544;1575
3949,21,21,0,63;679;813;1021;1058;1106;1150;1292;1360;1381;1406;1416;1459;1485;1487;1506;1528;1541;1544;1575;1579
3950,21,21,0,63;679;813;1021;1058;1150;1292;1360;1381;1406;1416;1459;1485;1487;1506;1528;1535;1541;1544;1575;1579
3951,21,21,0,1;63;679;813;1021;1058;1150;1292;1360;1406;1416;1459;1485;1486;1487;1506;1528;1541;1544;1575;1579
3952,23,22,1,1;63;679;813;1021;1058;1150;1292;1360;1381;1406;1416;1485;1486;1487;1506;1528;1531;1541;1544;1575;1579
3953,22,22,0,1;63;679;813;1021;1058;1150;1292;1360;1397;1406;1416;1485;1487;1506;1528;1531;1535;1541;1544;1575;1579
3954,22,22,0,1;63;286;679;813;1021;1058;1150;1292;1360;1387;1406;1416;1485;1487;1522;1528;1531;1535;1541;1544;1579
3955,19,19,0,1;63;286;679;813;1021;1058;1150;1292;1360;1406;1416;1485;1506;1528;1531;1535;1541;1544
3956,21,21,0,1;63;286;679;813;1021;1058;1150;1292;1360;1387;1406;1416;1485;1490;1522;1528;1531;1535;1544;1575
3957,20,20,0,63;286;679;813;1021;1058;1150;1292;1360;1387;1406;1416;1485;1490;1522;1528;1531;1535;1544;1569
3958,22,22,0,63;679;813;1021;1058;1150;1292;1360;1381;1387;1406;1416;1485;1487;1490;1522;1528;1531;1535;1544;1569;1579
3959,21,21,0,63;286;679;813;1021;1058;1150;1292;1360;1381;1406;1416;1485;1490;1522;1528;1531;1535;1544;1569;1579
3960,20,20,0,63;286;679;813;1021;1058;1150;1292;1360;1406;1416;1485;1490;1522;1528;1531;1535;1544;1569;1579
3961,23,22,1,63;286;679;813;954;1021;1058;1150;1292;1360;1381;1406;1416;1485;1522;1528;1531;1535;1541;1544;1569;1579
3962,23,23,0,63;286;679;813;954;1021;1058;1150;1292;1313;1360;1381;1406;1416;1485;1522;1528;1531;1535;1541;1544;1569;1579
3963,23,22,1,63;286;679;813;1021;1058;1150;1292;1313;1360;1381;1406;1416;1485;1522;1528;1531;1535;1541;1544;1569;1579
3964,22,22,0,63;286;679;813;1021;1058;1150;1292;1313;1360;1381;1406;1416;1485;1506;1528;1531;1535;1541;1544;1569;1579
3965,22,21,1,63;286;679;813;1021;1058;1150;1292;1313;1360;1381;1406;1416;1485;1490;1506;1528;1531;1535;1544;1569
3966,25,23,2,63;286;679;813;1021;1058;1150;1292;1313;1360;1381;1397;1406;1416;1485;1490;1506;1528;1531;1535;1544;1569;1579
3967,22,21,1,63;286;679;813;1021;1058;1150;1292;1313;1360;1381;1397;1406;1416;1485;1490;1528;1531;1535;1544;1569
3968,23,20,3,63;286;679;813;1021;1058;1150;1292;1313;1360;1381;1397;1406;1416;1485;1490;1528;1531;1535;1544
3969,23,21,2,63;286;679;813;1021;1058;1150;1292;1313;1360;1381;1397;1406;1416;1485;1490;1528;1531;1535;1544;1579
3970,25,24,1,63;286;679;813;1021;1058;1150;1292;1313;1360;1381;1397;1406;1416;1427;1446;1485;1506;1528;1531;1535;1541;1575;1579
3971,23,23,0,63;286;579;813;1021;1058;1150;1292;1313;1360;1381;1397;1406;1416;1485;1506;1528;1531;1535;1541;1544;1575;1588
3972,25,24,1,63;286;679;813;1021;1058;1150;1292;1313;1360;1381;1397;1406;1416;1485;1486;1506;1528;1531;1535;1541;1544;1575;1588
3973,24,23,1,63;286;679;813;1021;1058;1150;1292;1313;1360;1381;1397;1406;1416;1485;1506;1528;1531;1535;1541;1544;1569;1575
3974,24,22,2,63;286;579;813;1021;1058;1150;1292;1313;1360;1381;1397;1406;1416;1485;1506;1528;1531;1535;1541;1544;1575
3975,25,24,1,63;286;579;813;1021;1058;1150;1292;1313;1360;1381;1397;1406;1416;1485;1506;1528;1531;1535;1541;1544;1575;1588;1589
3976,27,25,2,63;286;579;813;1021;1058;1150;1292;1313;1360;1381;1397;1406;1416;1485;1486;1487;1506;1528;1531;1535;1541;1544;1588;1589
3977,28,26,2,63;286;579;813;1021;1058;1150;1292;1313;1360;1381;1397;1406;1416;1446;1485;1487;1506;1528;1531;1535;1541;1544;1558;1588;1589
3978,27,26,1,63;286;579;813;1021;1058;1150;1292;1313;1360;1381;1397;1406;1416;1446;1485;1487;1506;1528;1531;1535;1541;1544;1558;1569;1589
3979,25,25,0,63;286;579;813;1021;1058;1150;1292;1313;1360;1381;1397;1406;1416;1485;1486;1506;1528;1531;1535;1536;1541;1544;1558;1589
3980,25,25,0,63;286;579;813;1021;1058;1150;1292;1313;1360;1381;1397;1406;1416;1485;1486;1506;1528;1531;1535;1536;1541;1544;1558;1589
3981,26,26,0,63;286;579;813;1021;1058;1150;1292;1313;1360;1381;1397;1406;1416;1485;1486;1490;1506;1528;1531;1535;1536;1541;1544;1558;1589
3982,24,24,0,63;286;579;813;1021;1058;1150;1292;1313;1360;1381;1397;1406;1416;1485;1486;1506;1528;1531;1535;1541;1544;1558;1575
3983,24,24,0,63;286;579;813;1021;1058;1292;1313;1360;1381;1397;1406;1416;1445;1485;1486;1506;1528;1531;1535;1541;1544;1558;1575
3984,24,24,0,63;286;579;813;1021;1058;1292;1313;1360;1381;1397;1406;1416;1485;1486;1506;1528;1531;1535;1541;1544;1558;1575;1579
3985,28,26,2,63;286;579;813;1021;1058;1292;1313;1360;1381;1397;1406;1416;1485;1486;1506;1528;1531;1535;1541;1544;1558;1569;1575;1579;1589
3986,27,25,2,63;286;579;813;1021;1058;1292;1313;1360;1381;1397;1406;1416;1485;1487;1506;1528;1531;1535;1541;1544;1558;1575;1579;1588
3987,26,23,3,63;579;813;1021;1058;1292;1313;1360;1381;1397;1406;1416;1485;1486;1487;1506;1528;1531;1535;1541;1544;1558;1588
3988,27,24,3,63;579;813;1021;1058;1292;1313;1360;1381;1397;1406;1416;1485;1487;1506;1528;1531;1535;1541;1544;1558;1575;1579;1589
3989,23,23,0,63;579;813;1021;1058;1292;1313;1360;1381;1397;1406;1416;1485;1487;1506;1528;1531;1535;1541;1544;1558;1579;1597
3990,23,23,0,63;579;813;1021;1058;1292;1313;1360;1381;1397;1406;1416;1485;1506;1528;1531;1535;1541;1544;1558;1579;1588;1597
3991,23,22,1,63;579;813;1021;1058;1292;1313;1360;1381;1397;1406;1416;1485;1490;1506;1528;1531;1535;1541;1544;1558;1579
3992,23,23,0,63;579;813;1021;1058;1292;1313;1360;1381;1397;1406;1416;1475;1485;1490;1506;1528;1531;1535;1541;1544;1558;1579
3993,22,21,1,63;579;813;1021;1058;1292;1313;1360;1381;1397;1406;1416;1485;1490;1506;1528;1531;1535;1541;1544;1550
3994,20,20,0,63;579;813;1021;1058;1292;1313;1360;1397;1406;1416;1485;1490;1506;1528;1531;1535;1541;1544;1550
3995,25,23,2,63;579;813;1021;1058;1292;1313;1360;1381;1397;1406;1416;1485;1486;1490;1506;1528;1531;1535;1541;1544;1550;1575
3996,21,21,0,63;579;813;1021;1058;1292;1313;1360;1381;1397;1406;1416;1446;1485;1490;1506;1528;1531;1535;1541;1544
3997,24,23,1,63;286;579;813;1021;1058;1292;1313;1360;1381;1397;1406;1416;1446;1485;1490;1506;1528;1531;1535;1541;1544;1575
3998,25,23,2,63;579;813;1021;1058;1292;1313;1360;1381;1397;1406;1416;1485;1490;1506;1528;1531;1535;1541;1544;1558;1575;1588
3999,23,23,0,63;579;813;1021;1058;1292;1313;1360;1381;1397;1406;1416;1485;1490;1506;1528;1531;1535;1541;1544;1558;1575;1597
4000,25,24,1,63;579;813;1021;1058;1292;1313;1360;1381;1397;1406;1416;1475;1485;1486;1490;1506;1528;1531;1541;1544;1558;1575;1597
4001,24,23,1,63;579;813;1021;1058;1292;1313;1360;1397;1406;1416;1485;1486;1490;1506;1528;1531;1541;1544;1558;1575;1579;1597
4002,27,23,4,63;579;813;1021;1058;1292;1313;1360;1381;1397;1406;1416;1485;1486;1490;1506;1528;1531;1541;1544;1558;1575;1579
4003,24,22,2,63;579;813;1021;1058;1292;1313;1360;1397;1406;1416;1485;1486;1490;1506;1528;1531;1541;1544;1558;1575;1579
4004,23,22,1,63;286;679;813;1021;1058;1292;1360;1381;1397;1406;1416;1485;1490;1506;1528;1531;1541;1544;1558;1575;1579
4005,23,22,1,63;679;813;1021;1058;1292;1313;1360;1397;1406;1416;1485;1486;1490;1506;1528;1531;1541;1544;1558;1575;1579
4006,22,21,1,63;286;679;813;1021;1058;1292;1360;1397;1406;1416;1485;1486;1490;1506;1528;1531;1541;1544;1558;1579
4007,23,20,3,63;286;679;813;1021;1058;1292;1360;1397;1406;1416;1485;1486;1490;1506;1528;1531;1541;1544;1558
4008,22,22,0,63;286;679;813;1021;1058;1292;1313;1360;1397;1406;1416;1485;1486;1490;1506;1528;1531;1541;1544;1558;1614
4009,24,22,2,63;286;679;813;1021;1058;1292;1313;1360;1397;1406;1416;1485;1486;1490;1506;1528;1531;1541;1544;1558;1614
4010,23,21,2,63;286;579;813;1021;1058;1292;1313;1360;1397;1406;1416;1485;1486;1490;1506;1528;1531;1541;1544;1558
4011,24,22,2,63;286;579;813;1021;1058;1292;1313;1360;1397;1406;1416;1485;1486;1490;1506;1528;1531;1541;1544;1558;1575
4012,23,20,3,63;579;813;1021;1058;1292;1313;1360;1397;1406;1416;1485;1486;1490;1506;1528;1531;1541;1544;1558
4013,22,21,1,63;579;813;1021;1058;1292;1313;1360;1397;1406;1416;1485;1486;1490;1506;1528;1531;1541;1544;1558;1614
4014,21,20,1,63;679;813;1021;1058;1292;1313;1360;1397;1406;1416;1485;1486;1490;1506;1528;1531;1541;1544;1558
4015,22,22,0,63;679;813;1021;1058;1292;1313;1360;1397;1406;1416;1485;1486;1490;1506;1528;1531;1541;1544;1558;1588;1621
4016,23,23,0,63;286;679;813;1021;1058;1292;1313;1360;1397;1406;1416;1485;1486;1490;1506;1528;1531;1541;1544;1558;1588;1621
4017,24,24,0,63;286;679;813;1021;1058;1292;1313;1360;1397;1406;1416;1459;1485;1486;1490;1506;1528;1531;1541;1544;1558;1588;1621
4018,24,23,1,1;63;286;679;813;1021;1058;1292;1313;1360;1397;1406;1416;1485;1486;1490;1506;1528;1531;1541;1544;1558;1588
4019,27,26,1,63;286;679;813;954;1021;1058;1292;1313;1360;1397;1406;1416;1485;1486;1490;1506;1528;1531;1541;1544;1558;1579;1588;1589;1621
4020,23,22,1,63;679;813;1021;1058;1292;1313;1360;1397;1406;1416;1485;1486;1490;1506;1528;1531;1544;1558;1579;1588;1621
4021,24,24,0,63;679;813;1021;1058;1292;1360;1381;1397;1406;1416;1485;1486;1490;1506;1528;1531;1541;1544;1558;1588;1589;1621;1622
4022,22,22,0,63;679;813;1021;1058;1292;1360;1397;1406;1416;1486;1490;1506;1528;1531;1541;1544;1558;1588;1589;1621;1622
4023,22,21,1,63;679;813;1021;1058;1292;1360;1381;1387;1397;1406;1416;1486;1490;1506;1528;1531;1544;1558;1589;1621
4024,21,21,0,63;679;813;1021;1058;1292;1360;1381;1387;1397;1406;1416;1475;1486;1490;1506;1528;1531;1544;1558;1621
4025,19,19,0,63;679;813;1021;1058;1292;1360;1381;1387;1397;1406;1416;1486;1490;1506;1528;1531;1544;1558
4026,19,19,0,63;679;813;1021;1058;1292;1360;1381;1387;1397;1406;1416;1490;1506;1528;1531;1544;1558;1589
4027,18,18,0,63;679;813;1021;1058;1292;1360;1381;1397;1406;1416;1490;1506;1528;1531;1544;1558;1589
4028,26,25,1,63;286;679;813;1021;1058;1292;1313;1360;1381;1387;1397;1406;1416;1486;1487;1490;1506;1528;1531;1544;1558;1575;1621;1622
4029,24,23,1,63;679;813;1021;1058;1292;1313;1360;1381;1387;1397;1406;1416;1486;1487;1490;1506;1528;1531;1544;1558;1621;1622
4030,22,22,0,63;679;813;1021;1058;1292;1360;1381;1387;1397;1406;1416;1455;1486;1487;1490;1506;1528;1531;1544;1558;1621
4031,24,24,0,63;579;679;813;1021;1058;1292;1360;1381;1387;1397;1406;1416;1486;1487;1490;1506;1528;1531;1544;1558;1575;1621;1622
4032,23,23,0,63;286;679;813;1021;1058;1292;1360;1381;1387;1397;1406;1416;1486;1490;1506;1528;1531;1544;1558;1575;1621;1622
4033,25,23,2,63;286;679;813;1021;1058;1292;1360;1381;1387;1397;1406;1416;1486;1490;1506;1528;1531;1544;1558;1575;1621;1622
4034,23,22,1,63;286;679;813;1021;1058;1292;1360;1381;1387;1397;1406;1416;1486;1490;1506;1528;1531;1544;1558;1575;1622
4035,24,23,1,63;286;679;813;1021;1058;1292;1360;1381;1387;1397;1406;1416;1455;1486;1490;1506;1528;1531;1544;1558;1575;1589
4036,25,23,2,63;286;679;813;1021;1058;1292;1360;1381;1387;1397;1406;1416;1446;1455;1486;1490;1506;1528;1531;1544;1558;1575
4037,24,22,2,63;286;679;813;1021;1058;1292;1360;1381;1387;1406;1416;1455;1486;1490;1506;1522;1528;1531;1544;1558;1575
4038,26,21,5,63;286;679;813;1021;1058;1292;1360;1381;1387;1406;1416;1455;1486;1490;1506;1522;1528;1531;1544;1558
4039,26,23,3,63;286;679;813;1021;1058;1292;1360;1381;1387;1406;1416;1455;1486;1490;1506;1522;1528;1531;1544;1558;1589;1630
4040,25,23,2,63;286;679;813;1021;1058;1292;1360;1381;1387;1406;1416;1455;1485;1486;1490;1506;1522;1528;1531;1544;1558;1622
4041,26,24,2,63;286;679;813;1021;1058;1292;1360;1381;1387;1406;1416;1455;1485;1486;1490;1506;1522;1528;1531;1544;1558;1579;1630
4042,27,26,1,63;286;679;813;1021;1058;1292;1360;1381;1387;1406;1416;1455;1485;1486;1490;1506;1522;1528;1531;1544;1558;1575;1589;1630;1635
4043,27,25,2,63;286;679;813;1021;1058;1292;1360;1381;1387;1406;1416;1455;1485;1486;1490;1506;1522;1528;1531;1544;1558;1589;1630;1635
4044,26,24,2,63;286;679;813;1021;1058;1292;1360;1381;1387;1406;1416;1455;1475;1485;1486;1490;1506;1522;1528;1531;1544;1558;1589
4045,24,23,1,63;286;679;813;1021;1058;1292;1360;1381;1387;1406;1416;1455;1485;1486;1490;1506;1522;1528;1531;1544;1558;1589
4046,22,22,0,63;286;679;813;1021;1058;1292;1313;1360;1381;1387;1406;1416;1455;1486;1490;1506;1522;1528;1531;1544;1558
4047,24,23,1,63;286;679;813;1021;1058;1292;1313;1360;1381;1387;1406;1416;1455;1486;1490;1506;1522;1528;1531;1544;1558;1589
4048,25,23,2,63;286;679;813;1021;1058;1292;1313;1360;1381;1387;1406;1416;1455;1486;1487;1490;1506;1522;1528;1531;1544;1558
4049,24,23,1,63;286;679;813;1021;1058;1292;1313;1381;1387;1406;1416;1455;1486;1487;1490;1506;1522;1528;1531;1544;1558;1575
4050,23,22,1,63;286;679;813;1021;1058;1292;1313;1381;1406;1416;1459;1486;1490;1506;1522;1528;1544;1558;1575;1588;1621
4051,22,22,0,63;286;679;813;1021;1058;1292;1313;1381;1387;1406;1416;1459;1487;1490;1506;1522;1528;1544;1558;1621;1644
4052,22,21,1,63;286;679;813;1021;1058;1292;1313;1381;1387;1406;1416;1459;1490;1506;1522;1528;1544;1558;1621;1644
4053,22,21,1,63;286;679;813;1021;1058;1292;1313;1381;1387;1406;1416;1459;1475;1485;1490;1506;1522;1528;1544;1558
4054,24,23,1,63;286;679;813;1021;1058;1292;1313;1360;1381;1406;1416;1459;1485;1487;1490;1506;1522;1528;1536;1544;1558;1621
4055,22,22,0,63;286;679;813;1021;1058;1292;1313;1360;1381;1406;1416;1459;1485;1487;1490;1506;1522;1528;1544;1558;1621
4056,22,22,0,63;286;679;813;1021;1058;1292;1313;1360;1381;1406;1416;1459;1485;1490;1506;1522;1528;1531;1544;1558;1575
4057,23,22,1,63;286;679;813;1021;1058;1292;1313;1360;1381;1406;1416;1427;1459;1485;1487;1490;1506;1522;1528;1558;1621
4058,22,20,2,63;286;679;813;1021;1058;1292;1360;1381;1406;1416;1446;1459;1485;1487;1490;1506;1522;1528;1621
4059,22,21,1,63;286;679;813;1021;1058;1292;1313;1360;1381;1387;1406;1416;1446;1459;1485;1490;1506;1522;1528;1621
4060,20,20,0,63;286;679;813;1021;1058;1292;1360;1381;1387;1406;1416;1446;1459;1485;1490;1506;1522;1528;1621
4061,21,20,1,63;286;679;813;1021;1058;1292;1313;1360;1381;1406;1416;1446;1459;1485;1487;1490;1506;1522;1528
4062,21,21,0,63;286;679;813;1021;1058;1292;1313;1360;1381;1387;1397;1406;1416;1446;1459;1485;1490;1506;1522;1528
4063,18,18,0,63;679;813;1021;1058;1292;1360;1381;1406;1416;1445;1446;1459;1490;1506;1522;1528;1644
4064,21,21,0,63;286;679;813;1021;1058;1292;1360;1381;1387;1406;1416;1445;1446;1459;1490;1506;1522;1528;1622;1644
4065,21,19,2,63;286;579;679;813;1058;1292;1360;1381;1387;1406;1416;1446;1459;1490;1506;1522;1528;1644
4066,22,21,1,63;579;679;813;1058;1106;1292;1381;1387;1406;1416;1446;1459;1490;1506;1510;1522;1528;1544;1622;1644
4067,22,21,1,63;286;679;813;1058;1292;1313;1360;1381;1387;1406;1416;1446;1459;1490;1506;1522;1528;1544;1622;1644
4068,21,21,0,63;286;679;813;1058;1292;1360;1381;1387;1406;1416;1446;1459;1490;1506;1522;1528;1544;1622;1644;1651
4069,22,22,0,63;286;679;813;1058;1292;1313;1360;1381;1387;1406;1416;1446;1459;1490;1506;1522;1528;1544;1558;1644;1651
4070,22,22,0,63;286;679;813;954;1058;1292;1313;1360;1381;1387;1406;1416;1446;1459;1490;1506;1522;1528;1544;1644;1651
4071,22,21,1,63;286;679;813;1058;1292;1313;1360;1381;1387;1406;1416;1446;1459;1490;1506;1522;1528;1544;1644;1651
4072,22,21,1,63;286;679;813;1058;1292;1313;1360;1381;1387;1406;1416;1446;1459;1490;1506;1522;1528;1544;1644;1651
4073,23,22,1,63;286;679;813;1058;1292;1313;1360;1381;1387;1406;1416;1446;1459;1486;1490;1506;1522;1528;1544;1575;1644
4074,24,21,3,63;679;813;1058;1292;1313;1360;1381;1387;1406;1416;1446;1459;1486;1487;1490;1506;1522;1528;1544;1644
4075,23,20,3,63;679;813;1058;1292;1360;1381;1387;1406;1416;1446;1459;1486;1487;1490;1506;1522;1528;1544;1644
4076,24,20,4,63;679;813;1058;1292;1360;1381;1387;1406;1416;1446;1459;1486;1487;1506;1522;1528;1544;1644;1655
4077,24,22,2,63;679;813;1058;1106;1292;1313;1360;1381;1387;1406;1416;1446;1459;1486;1487;1506;1522;1528;1544;1644;1655
4078,24,22,2,63;679;813;1058;1106;1292;1313;1360;1381;1387;1406;1416;1446;1459;1486;1487;1506;1522;1528;1544;1644;1658
4079,23,22,1,63;679;813;1058;1106;1292;1313;1360;1381;1387;1406;1416;1446;1459;1486;1487;1506;1522;1528;1544;1644;1658
4080,23,21,2,63;679;813;1058;1292;1313;1360;1381;1387;1406;1416;1446;1459;1486;1487;1506;1522;1528;1544;1644;1658
4081,26,21,5,63;286;679;813;1058;1292;1313;1360;1381;1387;1406;1416;1446;1459;1486;1506;1522;1528;1544;1644;1658
4082,24,22,2,63;286;679;813;1058;1292;1313;1360;1381;1387;1406;1416;1446;1459;1486;1506;1522;1528;1544;1575;1644;1658
4083,24,24,0,63;286;679;813;954;1058;1292;1313;1360;1381;1406;1416;1446;1459;1486;1506;1522;1528;1544;1575;1644;1658;1663;1664
4084,23,23,0,63;286;679;813;954;1058;1292;1360;1381;1406;1416;1446;1459;1486;1506;1522;1528;1544;1579;1644;1658;1663;1664
4085,26,25,1,63;286;679;813;1058;1292;1313;1360;1381;1406;1416;1446;1455;1459;1486;1506;1522;1528;1541;1544;1575;1644;1658;1663;1664
4086,24,22,2,63;286;679;813;1058;1292;1360;1381;1406;1416;1446;1459;1486;1506;1522;1528;1541;1544;1644;1658;1663;1664
4087,23,22,1,63;286;679;813;1058;1292;1360;1381;1406;1416;1445;1446;1459;1486;1506;1522;1528;1541;1544;1644;1658;1663
4088,23,23,0,63;286;679;813;1058;1292;1360;1381;1406;1416;1445;1446;1459;1486;1506;1522;1528;1541;1544;1558;1644;1663;1668
4089,23,23,0,1;63;286;679;813;1058;1292;1360;1381;1406;1416;1445;1459;1486;1506;1522;1528;1535;1541;1544;1644;1663;1668
4090,24,23,1,1;63;286;679;813;1058;1360;1381;1406;1416;1445;1459;1486;1506;1522;1528;1535;1541;1544;1644;1658;1663;1668
4091,25,24,1,1;63;286;679;813;1058;1360;1406;1416;1445;1446;1459;1486;1506;1522;1528;1535;1541;1544;1579;1644;1658;1663;1668
4092,27,25,2,1;63;286;679;813;1058;1150;1360;1406;1416;1445;1459;1486;1506;1522;1528;1535;1541;1544;1579;1622;1644;1658;1663;1668
4093,26,24,2,1;63;286;679;813;1058;1313;1360;1406;1416;1445;1459;1486;1506;1522;1528;1541;1544;1579;1622;1644;1658;1663;1668
4094,23,23,0,1;63;286;679;813;1058;1313;1360;1406;1416;1445;1459;1486;1506;1522;1528;1535;1544;1579;1622;1663;1668;1671
4095,24,23,1,1;63;286;579;679;813;1058;1313;1360;1406;1416;1459;1486;1506;1522;1528;1544;1579;1658;1663;1664;1668;1671
4096,27,26,1,1;63;579;679;813;1058;1313;1360;1406;1416;1459;1486;1506;1522;1528;1535;1541;1544;1579;1589;1622;1644;1658;1663;1664;1668
4097,24,24,0,1;63;286;579;679;813;1058;1360;1406;1416;1459;1486;1506;1522;1528;1535;1544;1579;1622;1644;1658;1663;1664;1668
4098,23,23,0,1;63;286;679;813;1058;1313;1360;1406;1416;1459;1486;1506;1522;1528;1544;1579;1622;1644;1658;1663;1664;1668
4099,24,23,1,1;63;286;679;813;1058;1313;1360;1406;1416;1459;1486;1506;1522;1528;1544;1579;1622;1644;1658;1663;1664;1668
4100,24,22,2,1;63;286;679;813;1058;1313;1360;1406;1416;1459;1486;1506;1522;1528;1544;1579;1622;1644;1663;1664;1668
4101,24,24,0,1;63;286;679;813;1058;1313;1360;1406;1416;1459;1486;1506;1522;1528;1544;1558;1579;1622;1644;1658;1663;1664;1668
4102,25,24,1,1;63;286;679;813;1058;1313;1360;1406;1416;1445;1459;1486;1506;1522;1528;1541;1544;1558;1579;1644;1658;1663;1668
4103,24,24,0,1;63;286;679;813;1058;1313;1360;1406;1416;1459;1485;1486;1506;1522;1528;1544;1558;1579;1644;1658;1663;1664;1668
4104,25,25,0,1;63;286;679;813;1058;1313;1360;1406;1416;1446;1459;1485;1486;1506;1522;1528;1544;1579;1622;1644;1658;1663;1664;1668
4105,26,24,2,1;63;286;679;813;1058;1360;1397;1406;1416;1459;1485;1486;1506;1522;1528;1544;1558;1579;1622;1658;1663;1664;1668
4106,27,25,2,1;63;286;579;679;813;1058;1313;1360;1397;1406;1416;1445;1446;1459;1485;1486;1506;1522;1528;1544;1579;1658;1663;1668
4107,26,24,2,1;63;286;579;679;813;1058;1313;1360;1406;1416;1445;1446;1459;1485;1486;1506;1528;1544;1579;1658;1663;1668;1671
4108,26,24,2,1;63;286;579;679;813;1058;1313;1360;1406;1416;1445;1446;1459;1485;1486;1506;1528;1544;1579;1658;1663;1671;1680
4109,27,25,2,1;63;286;579;679;813;1058;1313;1360;1406;1416;1445;1446;1459;1485;1486;1506;1528;1544;1579;1658;1663;1668;1671;1680
4110,24,24,0,1;63;286;679;813;1058;1313;1360;1406;1416;1446;1459;1485;1486;1506;1528;1544;1579;1622;1658;1663;1664;1668;1671
4111,25,24,1,1;63;286;679;813;1058;1313;1360;1406;1416;1446;1459;1485;1506;1528;1544;1579;1622;1658;1663;1664;1668;1671;1680
4112,27,25,2,1;63;286;679;813;1058;1313;1381;1406;1416;1446;1459;1485;1506;1522;1528;1544;1558;1579;1622;1663;1664;1668;1671;1680
4113,23,21,2,1;63;286;679;813;1058;1313;1406;1416;1446;1459;1506;1522;1528;1544;1579;1622;1663;1664;1668;1671
4114,20,20,0,1;63;286;679;813;1058;1313;1406;1416;1459;1506;1522;1528;1544;1579;1622;1663;1664;1668;1671
4115,20,20,0,1;63;286;679;813;1058;1313;1397;1406;1416;1459;1506;1522;1528;1544;1579;1622;1663;1664;1668
4116,20,19,1,1;63;286;679;813;1058;1313;1406;1416;1459;1506;1522;1528;1544;1622;1663;1664;1668;1671
4117,22,21,1,1;63;286;679;813;1058;1313;1397;1406;1416;1445;1459;1506;1522;1528;1544;1579;1622;1658;1663;1671
4118,22,20,2,1;63;286;679;813;1058;1313;1406;1416;1459;1506;1522;1528;1544;1579;1622;1663;1664;1668;1671
4119,23,20,3,1;63;286;679;813;954;1058;1313;1406;1416;1459;1506;1522;1528;1544;1579;1622;1663;1664;1671
4120,20,20,0,1;63;286;679;813;954;1058;1313;1406;1416;1459;1506;1522;1528;1544;1658;1663;1664;1668;1691
4121,20,20,0,1;63;286;679;813;954;1058;1313;1397;1406;1416;1459;1506;1522;1528;1544;1658;1664;1668;1691
4122,22,21,1,1;63;286;679;813;954;1058;1313;1406;1416;1445;1459;1506;1522;1528;1544;1579;1658;1664;1668;1691
4123,21,21,0,1;63;286;679;813;1058;1313;1387;1397;1406;1416;1459;1486;1506;1522;1528;1544;1579;1658;1664;1691
4124,21,20,1,1;63;679;813;954;1058;1313;1387;1406;1416;1459;1486;1506;1522;1528;1544;1579;1621;1664;1691
4125,22,18,4,1;63;679;813;954;1058;1313;1387;1406;1416;1445;1459;1506;1522;1528;1544;1579;1664
4126,24,22,2,1;63;286;679;813;954;1058;1313;1387;1406;1416;1445;1459;1487;1506;1522;1528;1544;1579;1635;1658;1664
4127,22,21,1,1;63;286;679;813;954;1058;1313;1387;1406;1416;1445;1459;1486;1506;1522;1528;1544;1579;1664;1695
4128,21,19,2,1;63;286;679;813;954;1058;1313;1387;1406;1416;1459;1506;1522;1528;1544;1579;1635;1695
4129,21,19,2,1;63;286;679;813;954;1058;1313;1387;1406;1416;1459;1506;1522;1528;1544;1579;1635;1695
4130,22,22,0,1;63;286;679;813;954;1058;1313;1387;1406;1416;1459;1487;1506;1522;1528;1544;1579;1621;1635;1691;1695
4131,25,25,0,1;63;286;679;813;954;1058;1313;1360;1387;1406;1416;1459;1486;1487;1506;1522;1528;1544;1579;1621;1635;1658;1691;1695
4132,21,21,0,1;63;286;679;813;954;1058;1313;1387;1406;1416;1459;1486;1506;1522;1528;1544;1579;1621;1691;1695
4133,20,20,0,1;63;286;679;813;954;1058;1313;1387;1406;1416;1459;1506;1522;1528;1544;1579;1658;1691;1695
4134,20,19,1,1;63;286;679;813;1058;1313;1387;1406;1416;1445;1459;1506;1522;1528;1544;1579;1691;1695
4135,22,22,0,1;63;286;679;813;954;1058;1313;1387;1406;1416;1445;1459;1485;1506;1522;1528;1544;1579;1621;1691;1695
4136,22,21,1,1;63;286;679;813;1058;1313;1360;1406;1416;1445;1459;1485;1506;1522;1528;1541;1544;1579;1691;1695
4137,21,21,0,1;63;286;679;813;1058;1313;1360;1406;1416;1445;1459;1485;1506;1522;1528;1541;1544;1579;1691;1695
4138,21,20,1,1;63;286;679;813;1058;1313;1360;1406;1416;1445;1459;1485;1506;1522;1528;1544;1579;1691;1695
4139,26,20,6,1;63;286;679;813;954;1058;1360;1406;1416;1445;1459;1485;1506;1522;1528;1544;1579;1691;1695
4140,23,18,5,1;63;286;679;813;1360;1406;1416;1445;1459;1485;1506;1522;1528;1544;1579;1691;1695
4141,20,19,1,1;63;679;813;954;1058;1381;1387;1406;1416;1445;1459;1506;1522;1528;1544;1579;1691;1695
4142,19,19,0,1;63;286;679;813;1313;1381;1387;1406;1416;1445;1459;1506;1522;1528;1544;1691;1695;1705
4143,20,18,2,1;63;679;813;954;1360;1381;1406;1416;1445;1459;1506;1522;1528;1544;1691;1695;1705
4144,23,21,2,1;63;286;679;813;954;1058;1313;1381;1387;1406;1416;1445;1459;1506;1522;1528;1544;1691;1695;1705
4145,21,20,1,1;63;579;679;813;954;1058;1313;1381;1387;1416;1445;1459;1506;1522;1528;1544;1691;1695;1705
4146,19,19,0,1;63;679;813;954;1058;1360;1381;1387;1406;1416;1427;1445;1459;1506;1522;1691;1695;1711
4147,21,20,1,1;63;679;813;954;1058;1313;1381;1387;1406;1416;1427;1445;1459;1506;1522;1541;1691;1695;1711
4148,21,20,1,1;63;679;813;954;1058;1313;1381;1387;1406;1416;1427;1445;1459;1506;1522;1541;1691;1695;1711
4149,21,21,0,1;63;286;679;813;954;1058;1313;1381;1387;1406;1416;1427;1445;1459;1506;1522;1541;1691;1695;1711
4150,20,20,0,1;63;286;679;813;954;1058;1381;1387;1406;1416;1427;1445;1459;1506;1522;1541;1691;1695;1711
4151,23,20,3,1;63;286;679;813;954;1058;1381;1387;1406;1416;1427;1445;1459;1506;1522;1541;1691;1695;1711
4152,23,21,2,1;63;679;813;954;1058;1313;1381;1387;1406;1416;1427;1445;1459;1506;1522;1541;1668;1691;1695;1711
4153,24,22,2,1;63;679;813;954;1058;1313;1381;1387;1406;1416;1427;1445;1459;1485;1506;1522;1541;1668;1691;1695;1711
4154,22,22,0,1;63;679;813;954;1058;1381;1387;1406;1416;1427;1445;1459;1485;1506;1522;1528;1541;1691;1695;1711;1716
4155,24,23,1,1;63;679;813;954;1058;1313;1381;1387;1406;1416;1427;1445;1459;1485;1506;1522;1528;1541;1691;1695;1711;1716
4156,24,22,2,1;63;679;813;954;1058;1313;1381;1387;1406;1416;1427;1445;1459;1506;1522;1528;1541;1691;1695;1711;1716
4157,23,21,2,1;63;286;679;813;1058;1313;1381;1387;1406;1416;1427;1459;1506;1522;1528;1541;1668;1691;1695;1711
4158,21,20,1,1;63;286;679;813;1058;1313;1381;1387;1406;1416;1427;1459;1506;1522;1528;1541;1691;1695;1711
4159,19,18,1,1;63;679;813;1058;1313;1381;1387;1406;1416;1427;1459;1506;1522;1541;1691;1695;1711
4160,23,19,4,1;63;286;679;813;1058;1313;1381;1387;1406;1416;1427;1459;1506;1522;1541;1691;1695;1711
4161,21,20,1,1;63;679;813;954;1058;1313;1381;1387;1406;1416;1427;1459;1506;1522;1541;1644;1691;1695;1711
4162,22,20,2,1;63;679;813;954;1058;1313;1387;1406;1416;1427;1459;1487;1506;1522;1541;1691;1695;1711;1722
4163,20,20,0,1;63;286;679;813;954;1058;1313;1387;1406;1416;1427;1459;1506;1522;1541;1691;1695;1711;1722
4164,22,21,1,1;63;286;679;813;1058;1313;1381;1387;1406;1416;1427;1459;1506;1522;1541;1635;1691;1695;1711;1722
4165,23,21,2,1;63;679;813;1058;1313;1381;1387;1406;1416;1427;1459;1506;1522;1541;1658;1664;1691;1695;1711;1722
4166,26,22,4,1;63;679;813;954;1058;1313;1381;1387;1406;1416;1427;1459;1506;1522;1541;1658;1664;1691;1695;1711;1722
4167,22,21,1,1;63;679;813;954;1058;1313;1381;1387;1406;1416;1427;1459;1506;1522;1541;1664;1691;1695;1711;1722
4168,21,21,0,1;63;679;813;1058;1313;1381;1387;1406;1416;1427;1459;1506;1522;1541;1579;1664;1691;1695;1711;1722
4169,20,20,0,1;63;679;813;1058;1313;1381;1387;1406;1416;1427;1459;1506;1522;1541;1664;1691;1695;1711;1722
4170,20,19,1,1;63;679;813;1058;1313;1381;1387;1406;1416;1427;1459;1506;1522;1664;1691;1695;1711;1722
4171,21,21,0,1;63;579;679;813;1058;1313;1360;1381;1406;1416;1427;1459;1506;1522;1541;1664;1691;1695;1711;1722
4172,23,22,1,1;63;679;813;1058;1313;1360;1381;1406;1416;1427;1459;1506;1522;1528;1535;1541;1664;1691;1695;1711;1722
4173,22,22,0,1;63;679;813;1058;1313;1360;1381;1406;1416;1427;1459;1506;1510;1522;1528;1541;1664;1691;1695;1711;1722
4174,22,22,0,1;63;679;813;1058;1360;1381;1387;1406;1416;1427;1459;1485;1506;1510;1522;1528;1575;1664;1691;1695;1711
4175,21,21,0,1;63;679;813;1058;1381;1387;1406;1416;1427;1459;1485;1506;1510;1522;1528;1541;1664;1691;1695;1711
4176,21,21,0,1;63;679;813;1058;1381;1387;1406;1416;1427;1459;1485;1506;1510;1522;1528;1541;1664;1691;1695;1711
4177,22,21,1,1;63;679;813;1058;1360;1381;1406;1416;1427;1459;1485;1506;1510;1522;1528;1541;1664;1691;1695;1711
4178,22,21,1,1;63;679;813;1058;1360;1381;1406;1416;1427;1459;1485;1506;1510;1522;1528;1541;1664;1691;1695;1711
4179,22,21,1,63;679;813;1058;1292;1381;1387;1406;1416;1427;1459;1485;1506;1510;1522;1528;1541;1664;1691;1695;1711
4180,22,22,0,63;679;813;1058;1292;1313;1381;1387;1406;1416;1427;1459;1485;1506;1510;1522;1528;1541;1664;1691;1695;1711
4181,23,23,0,63;286;679;813;1058;1292;1313;1360;1381;1406;1416;1427;1459;1485;1506;1510;1522;1528;1541;1664;1691;1695;1711
4182,23,23,0,63;286;679;813;1058;1292;1360;1381;1387;1406;1416;1459;1485;1506;1510;1522;1528;1541;1544;1664;1691;1695;1711
4183,23,23,0,63;286;679;813;1058;1292;1360;1381;1387;1406;1416;1459;1485;1506;1510;1522;1528;1541;1544;1664;1691;1695;1711
4184,23,22,1,63;286;679;813;1058;1292;1313;1381;1387;1406;1416;1427;1459;1485;1506;1522;1528;1541;1664;1691;1695;1711
4185,23,22,1,63;286;679;813;1058;1292;1313;1381;1387;1406;1416;1427;1459;1485;1506;1522;1528;1541;1664;1691;1695;1711
4186,21,21,0,63;679;813;1058;1292;1313;1381;1387;1406;1416;1427;1459;1485;1506;1522;1528;1541;1664;1691;1695;1711
4187,21,21,0,63;679;813;1058;1292;1313;1381;1387;1406;1416;1427;1459;1485;1506;1522;1528;1541;1664;1691;1695;1711
4188,21,20,1,63;679;813;1058;1292;1381;1387;1406;1416;1427;1459;1485;1506;1522;1528;1541;1664;1691;1695;1711
4189,21,20,1,63;679;813;1058;1292;1381;1387;1406;1416;1427;1459;1485;1506;1522;1528;1541;1664;1691;1695;1711
4190,21,20,1,63;679;813;1058;1292;1313;1381;1387;1406;1416;1427;1459;1506;1522;1528;1541;1664;1691;1695;1711
4191,25,23,2,63;286;679;813;1058;1292;1313;1381;1387;1406;1416;1427;1459;1506;1522;1528;1541;1622;1664;1691;1695;1711;1722
4192,24,23,1,63;286;679;813;1058;1292;1381;1387;1406;1416;1427;1459;1485;1506;1522;1528;1541;1622;1664;1691;1695;1711;1722
4193,22,22,0,63;286;579;679;813;1058;1292;1360;1381;1406;1416;1427;1459;1506;1522;1541;1664;1691;1695;1705;1711;1722
4194,21,20,1,63;679;813;1058;1292;1360;1381;1406;1416;1427;1459;1506;1522;1528;1541;1664;1691;1695;1705;1711
4195,22,21,1,63;679;813;1058;1292;1360;1381;1406;1416;1427;1459;1485;1487;1506;1522;1541;1664;1691;1695;1705;1711
4196,20,19,1,63;679;813;1058;1292;1360;1381;1406;1416;1427;1459;1506;1522;1541;1579;1664;1691;1695;1711
4197,20,19,1,63;679;1058;1292;1360;1381;1406;1416;1427;1459;1485;1487;1506;1522;1541;1664;1691;1695;1711
4198,19,19,0,1;63;679;1058;1292;1360;1381;1406;1416;1427;1459;1506;1522;1541;1579;1664;1691;1695;1711
4199,22,20,2,1;63;679;1058;1292;1360;1381;1406;1416;1427;1459;1485;1506;1522;1541;1579;1664;1691;1695;1711
4200,24,21,3,63;579;679;1058;1292;1360;1381;1406;1416;1427;1459;1485;1487;1506;1522;1541;1664;1691;1695;1711;1716
4201,21,21,0,63;679;813;1058;1292;1360;1381;1406;1416;1427;1459;1485;1487;1506;1522;1541;1664;1691;1695;1711;1716
4202,20,20,0,63;679;813;1058;1292;1360;1381;1406;1416;1427;1459;1485;1487;1506;1522;1541;1664;1691;1695;1711
4203,19,19,0,63;286;679;813;1058;1292;1360;1381;1406;1416;1427;1459;1485;1506;1522;1664;1691;1695;1711
4204,18,17,1,63;679;813;1058;1292;1360;1381;1406;1416;1427;1459;1506;1522;1664;1691;1695;1711
4205,19,18,1,63;679;813;1058;1292;1360;1381;1406;1416;1427;1459;1506;1522;1541;1664;1691;1695;1711
4206,18,18,0,63;679;813;1058;1292;1360;1381;1406;1416;1427;1459;1506;1522;1541;1664;1691;1695;1711
4207,19,19,0,63;286;679;813;1058;1292;1360;1381;1406;1416;1427;1459;1506;1522;1541;1664;1691;1695;1711
4208,19,18,1,63;679;813;1058;1292;1360;1381;1406;1416;1427;1459;1506;1522;1541;1664;1691;1695;1711
4209,22,20,2,63;679;813;1058;1292;1313;1360;1381;1387;1406;1416;1427;1459;1506;1522;1541;1664;1691;1695;1711
4210,19,18,1,63;679;813;1058;1292;1313;1381;1406;1416;1427;1459;1506;1522;1541;1664;1691;1695;1711
4211,20,18,2,63;679;813;1058;1292;1381;1406;1416;1427;1459;1506;1522;1541;1664;1691;1695;1711;1752
4212,23,21,2,63;679;813;1058;1292;1313;1360;1381;1406;1416;1427;1459;1506;1510;1522;1541;1664;1691;1695;1711;1752
4213,21,19,2,679;813;1058;1292;1313;1360;1381;1406;1416;1427;1459;1506;1522;1541;1664;1691;1695;1711;1752
4214,20,20,0,579;679;813;1058;1292;1313;1360;1381;1416;1427;1459;1506;1522;1541;1664;1691;1695;1711;1752;1755
4215,20,19,1,579;679;813;1058;1292;1313;1360;1381;1416;1427;1506;1522;1541;1664;1691;1695;1711;1752;1755
4216,23,20,3,579;679;813;1058;1292;1313;1360;1381;1416;1427;1506;1522;1541;1664;1680;1691;1695;1711;1752;1755
4217,23,19,4,579;679;813;1058;1292;1313;1360;1381;1416;1427;1506;1522;1541;1664;1691;1695;1711;1752;1755
4218,21,19,2,579;679;813;1058;1292;1313;1360;1381;1416;1427;1506;1522;1541;1664;1691;1695;1711;1755;1758
4219,21,21,0,579;679;813;1058;1292;1313;1360;1381;1416;1427;1506;1522;1541;1664;1691;1695;1711;1752;1755;1758;1759
4220,22,21,1,579;679;813;1058;1292;1313;1360;1381;1416;1427;1506;1522;1541;1664;1691;1695;1711;1752;1755;1758;1759
4221,19,19,0,579;679;813;1058;1292;1360;1381;1416;1427;1487;1506;1522;1541;1691;1695;1711;1755;1758;1759
4222,23,22,1,1;579;679;813;1058;1292;1313;1360;1381;1416;1427;1487;1506;1522;1541;1544;1691;1695;1711;1755;1758;1759
4223,20,19,1,579;679;813;1058;1292;1313;1360;1381;1416;1427;1487;1506;1522;1541;1691;1695;1711;1755;1758
4224,19,18,1,579;679;813;1058;1292;1313;1360;1381;1416;1427;1487;1506;1522;1691;1695;1711;1755;1758
4225,18,18,0,579;679;813;1058;1292;1313;1360;1381;1416;1427;1487;1506;1522;1691;1695;1711;1755;1758
4226,18,18,0,579;679;813;1058;1292;1313;1360;1381;1416;1427;1487;1506;1522;1691;1695;1711;1755;1758
4227,21,20,1,579;679;813;1058;1292;1313;1360;1381;1416;1427;1487;1506;1522;1680;1691;1695;1711;1722;1755;1758
4228,22,19,3,579;679;813;1058;1292;1313;1360;1381;1416;1427;1487;1506;1522;1680;1691;1695;1711;1755;1758
4229,20,19,1,579;679;813;1058;1292;1313;1360;1381;1416;1446;1487;1506;1522;1621;1680;1691;1695;1755;1758
4230,19,18,1,579;679;813;1058;1292;1313;1360;1381;1416;1487;1506;1522;1621;1691;1695;1711;1755;1758
4231,21,19,2,579;679;813;1058;1292;1313;1360;1381;1416;1487;1506;1522;1621;1680;1691;1695;1711;1755;1758
4232,23,18,5,579;679;813;1058;1292;1313;1360;1381;1416;1487;1506;1522;1680;1691;1695;1711;1755;1758
4233,22,17,5,579;679;813;1058;1292;1313;1360;1381;1416;1487;1506;1579;1680;1691;1695;1755;1758
4234,24,20,4,579;679;813;1058;1292;1313;1360;1397;1416;1427;1459;1487;1506;1575;1579;1680;1691;1695;1755;1758
4235,24,20,4,579;679;813;1058;1292;1313;1360;1397;1416;1427;1459;1487;1506;1579;1691;1695;1755;1758;1771;1772
4236,20,19,1,579;679;813;1058;1292;1313;1360;1397;1416;1427;1459;1487;1506;1579;1691;1695;1755;1772;1776
4237,22,20,2,579;679;813;1058;1292;1313;1360;1397;1416;1427;1459;1487;1506;1579;1691;1695;1755;1758;1772;1776
4238,21,21,0,579;679;813;1058;1292;1313;1360;1397;1416;1427;1459;1487;1506;1579;1680;1691;1695;1752;1755;1772;1776
4239,21,21,0,579;679;813;1058;1292;1313;1360;1397;1416;1427;1459;1487;1506;1579;1691;1695;1722;1752;1755;1772;1776
4240,22,21,1,579;679;813;1058;1292;1313;1360;1397;1416;1427;1459;1487;1506;1579;1691;1695;1722;1752;1755;1772;1776
4241,21,21,0,579;679;813;1058;1292;1313;1360;1397;1416;1427;1459;1487;1506;1579;1691;1695;1722;1752;1755;1772;1776
4242,20,20,0,579;679;813;1058;1292;1313;1360;1397;1416;1427;1459;1487;1506;1579;1691;1695;1752;1755;1772;1776
4243,21,21,0,579;679;813;1058;1292;1313;1360;1397;1416;1427;1459;1487;1506;1541;1579;1691;1695;1752;1755;1772;1776
4244,21,20,1,579;679;813;1058;1292;1313;1360;1397;1416;1427;1459;1487;1506;1579;1691;1695;1752;1755;1772;1776
4245,23,21,2,579;679;813;1058;1292;1313;1360;1397;1416;1427;1459;1487;1506;1535;1579;1691;1695;1752;1755;1772;1776
4246,22,21,1,579;679;813;1058;1292;1313;1360;1397;1416;1427;1459;1487;1506;1535;1579;1680;1691;1695;1752;1755;1776
4247,20,20,0,579;679;813;1058;1292;1313;1360;1397;1416;1427;1459;1487;1506;1579;1680;1691;1695;1752;1755;1776
4248,21,20,1,579;679;813;1058;1292;1313;1360;1397;1416;1427;1459;1487;1506;1579;1680;1691;1695;1752;1755;1776
4249,21,20,1,579;679;813;1058;1292;1313;1360;1397;1416;1427;1459;1487;1506;1579;1680;1691;1695;1752;1755;1776
4250,22,21,1,579;679;813;1058;1292;1313;1360;1397;1416;1427;1459;1487;1506;1535;1579;1680;1691;1695;1752;1755;1776
4251,21,20,1,579;679;813;1058;1292;1313;1360;1397;1416;1427;1459;1487;1506;1579;1680;1691;1695;1752;1755;1776
4252,23,21,2,579;679;813;1058;1292;1313;1360;1397;1416;1427;1459;1487;1506;1522;1579;1680;1691;1695;1752;1755;1776
4253,22,20,2,579;679;1058;1292;1313;1360;1397;1416;1427;1459;1486;1487;1506;1579;1680;1691;1695;1752;1755;1776
4254,24,21,3,1;579;679;1058;1292;1313;1360;1397;1416;1427;1459;1486;1487;1506;1579;1680;1691;1695;1752;1755;1776
4255,22,20,2,579;679;1058;1292;1313;1360;1397;1416;1427;1459;1487;1506;1579;1680;1691;1695;1752;1755;1776;1786
4256,24,21,3,579;679;1058;1292;1313;1360;1397;1416;1427;1459;1487;1506;1579;1680;1691;1695;1752;1755;1759;1776;1786
4257,24,21,3,579;679;1058;1292;1313;1360;1406;1427;1459;1487;1506;1522;1579;1680;1691;1695;1752;1755;1759;1776;1786
4258,24,21,3,579;679;1058;1292;1313;1360;1387;1416;1427;1459;1487;1506;1522;1579;1691;1695;1752;1755;1759;1776;1786
4259,25,21,4,579;679;1058;1292;1313;1360;1416;1427;1459;1487;1506;1522;1579;1691;1695;1752;1755;1759;1772;1776;1786
4260,23,22,1,579;679;813;1058;1292;1313;1360;1416;1427;1459;1487;1506;1522;1579;1691;1695;1752;1755;1759;1776;1786;1792
4261,24,21,3,579;679;1058;1292;1313;1360;1416;1427;1459;1487;1506;1522;1579;1680;1691;1695;1755;1772;1776;1786;1792
4262,23,20,3,63;579;679;1058;1292;1313;1360;1416;1427;1459;1506;1522;1579;1691;1695;1755;1772;1776;1786;1792
4263,22,19,3,63;579;679;1058;1292;1313;1360;1416;1427;1459;1506;1522;1579;1691;1695;1755;1776;1786;1792
4264,22,21,1,63;579;679;813;1058;1292;1313;1360;1416;1427;1459;1486;1506;1522;1579;1691;1695;1755;1776;1786;1798
4265,21,20,1,63;579;679;1058;1292;1313;1360;1416;1427;1459;1486;1506;1579;1680;1691;1695;1755;1776;1786;1798
4266,23,23,0,63;579;679;1058;1292;1313;1360;1387;1416;1427;1459;1486;1506;1579;1658;1680;1691;1695;1755;1776;1786;1798;1803
4267,22,22,0,63;579;679;1058;1292;1313;1360;1397;1416;1427;1459;1486;1506;1579;1664;1691;1695;1755;1776;1786;1798;1803
4268,24,24,0,63;579;679;1058;1292;1313;1360;1416;1427;1459;1486;1506;1522;1579;1658;1664;1680;1691;1695;1755;1776;1786;1798;1803
4269,23,22,1,63;579;679;1058;1292;1313;1360;1416;1427;1459;1506;1522;1579;1664;1680;1691;1695;1755;1776;1786;1798;1803
4270,24,23,1,1;63;579;679;1058;1292;1313;1360;1416;1427;1459;1506;1522;1579;1680;1691;1695;1752;1755;1776;1786;1798;1803
4271,23,23,0,63;579;679;1058;1292;1313;1360;1416;1427;1459;1506;1522;1579;1658;1664;1680;1691;1695;1755;1776;1786;1798;1803
4272,23,23,0,63;579;679;1058;1292;1313;1360;1416;1427;1459;1506;1522;1579;1664;1680;1691;1695;1752;1755;1776;1786;1798;1803
4273,21,21,0,579;679;813;1058;1292;1313;1360;1416;1427;1459;1487;1506;1522;1579;1680;1691;1695;1755;1776;1786;1803
4274,20,20,0,579;679;813;1058;1292;1313;1360;1416;1427;1459;1487;1506;1522;1579;1691;1695;1755;1776;1786;1803
4275,23,22,1,579;679;813;1058;1292;1313;1360;1416;1427;1459;1487;1506;1522;1579;1658;1680;1691;1695;1755;1776;1786;1803
4276,23,23,0,579;679;813;1058;1292;1313;1360;1416;1427;1459;1487;1506;1522;1535;1579;1668;1680;1691;1695;1755;1776;1786;1803
4277,24,23,1,579;679;813;1058;1292;1313;1360;1397;1416;1427;1459;1487;1506;1522;1579;1668;1680;1691;1695;1755;1776;1786;1803
4278,21,21,0,579;679;813;1058;1292;1313;1360;1416;1427;1459;1486;1487;1506;1579;1668;1680;1691;1755;1776;1786;1803
4279,22,22,0,579;679;813;1058;1292;1313;1360;1381;1416;1427;1459;1486;1487;1506;1510;1579;1668;1691;1755;1776;1786;1803
4280,21,19,2,579;679;813;1058;1292;1313;1416;1427;1459;1486;1487;1506;1579;1668;1691;1755;1776;1786;1803
4281,22,20,2,579;679;813;1058;1292;1313;1360;1416;1459;1486;1487;1506;1541;1579;1668;1691;1755;1776;1786;1803
4282,23,20,3,579;679;813;1058;1292;1313;1360;1416;1459;1486;1487;1506;1541;1579;1668;1691;1755;1776;1786;1803
4283,23,23,0,579;679;813;1058;1292;1313;1360;1406;1459;1486;1487;1506;1544;1579;1635;1668;1680;1691;1755;1776;1786;1803;1807
4284,25,22,3,579;679;813;1058;1292;1313;1360;1416;1459;1486;1487;1506;1579;1635;1668;1680;1691;1755;1776;1786;1803;1807
4285,24,21,3,579;679;813;1058;1292;1313;1360;1416;1459;1486;1487;1506;1579;1635;1668;1691;1755;1776;1786;1803;1807
4286,24,22,2,579;679;813;1058;1292;1313;1360;1416;1459;1486;1487;1506;1579;1635;1668;1680;1691;1755;1776;1786;1803;1807
4287,23,22,1,579;679;813;1058;1292;1313;1360;1397;1416;1459;1486;1487;1506;1579;1635;1668;1680;1691;1755;1776;1786;1803
4288,23,22,1,579;679;813;1058;1292;1313;1360;1416;1459;1486;1487;1506;1579;1635;1668;1680;1691;1755;1776;1786;1803;1807
4289,22,22,0,579;679;1058;1292;1313;1416;1446;1459;1486;1487;1506;1579;1635;1668;1680;1691;1711;1755;1776;1786;1798;1803
4290,19,19,0,579;679;813;1058;1292;1313;1416;1459;1487;1506;1579;1635;1668;1691;1711;1755;1776;1786;1803
4291,22,21,1,1;579;679;1058;1292;1313;1416;1459;1487;1506;1541;1579;1668;1680;1691;1711;1755;1776;1786;1798;1803
4292,20,20,0,579;679;1058;1292;1313;1416;1459;1487;1506;1541;1579;1668;1680;1691;1711;1755;1776;1786;1798;1803
4293,20,20,0,579;679;813;1058;1292;1313;1416;1459;1487;1506;1541;1579;1635;1668;1680;1691;1711;1755;1776;1803
4294,20,19,1,579;679;813;1058;1292;1313;1416;1459;1487;1506;1541;1579;1668;1691;1711;1755;1776;1786;1803
4295,20,20,0,579;679;813;1058;1292;1313;1416;1459;1487;1506;1541;1579;1635;1668;1680;1691;1711;1755;1776;1803
4296,23,20,3,579;679;813;1058;1292;1313;1416;1459;1487;1506;1541;1579;1635;1668;1691;1711;1755;1776;1786;1803
4297,18,18,0,579;679;813;1058;1292;1313;1416;1459;1487;1506;1579;1635;1668;1691;1711;1755;1776;1803
4298,18,18,0,579;679;1058;1292;1313;1416;1459;1487;1506;1579;1668;1691;1711;1755;1776;1786;1798;1803
4299,19,18,1,579;679;1058;1292;1313;1416;1459;1487;1506;1541;1579;1668;1691;1711;1755;1776;1798;1803
4300,19,18,1,579;679;1058;1292;1313;1416;1459;1487;1506;1579;1668;1680;1691;1711;1755;1776;1798;1803
4301,20,19,1,579;679;813;1058;1292;1313;1416;1459;1487;1506;1541;1579;1668;1680;1691;1711;1755;1776;1803
4302,21,21,0,579;679;1058;1292;1313;1360;1381;1416;1459;1487;1506;1541;1579;1635;1668;1691;1711;1755;1776;1798;1803
4303,22,20,2,579;679;813;1058;1292;1313;1360;1416;1459;1487;1506;1541;1579;1668;1680;1691;1711;1755;1776;1803
4304,21,20,1,579;679;1058;1292;1313;1360;1416;1459;1487;1506;1541;1579;1668;1680;1691;1711;1755;1776;1798;1803
4305,20,20,0,579;679;813;1058;1292;1313;1360;1406;1459;1487;1506;1541;1579;1668;1680;1691;1711;1755;1776;1803
4306,23,21,2,579;679;813;1058;1292;1313;1360;1381;1397;1416;1459;1487;1506;1541;1668;1680;1691;1711;1755;1776;1803
4307,25,22,3,579;679;813;1058;1292;1313;1360;1381;1397;1416;1459;1487;1506;1541;1668;1680;1691;1695;1711;1755;1776;1803
4308,25,21,4,579;679;813;1058;1292;1313;1360;1381;1397;1406;1459;1487;1506;1541;1668;1680;1691;1711;1755;1776;1803
4309,24,22,2,579;679;813;1058;1292;1313;1360;1381;1397;1406;1459;1487;1506;1541;1668;1691;1711;1755;1776;1803;1826;1827
4310,24,23,1,579;679;813;1058;1292;1313;1360;1381;1397;1406;1459;1487;1506;1541;1668;1691;1711;1755;1776;1803;1826;1827;1828
4311,23,22,1,579;679;813;1058;1292;1313;1381;1397;1406;1459;1487;1506;1541;1668;1680;1691;1711;1755;1776;1803;1826;1827
4312,23,23,0,579;679;813;1058;1292;1313;1360;1381;1397;1406;1487;1506;1541;1668;1680;1691;1711;1755;1776;1803;1826;1827;1828
4313,23,23,0,579;679;813;1058;1292;1313;1360;1381;1397;1406;1487;1506;1522;1541;1668;1680;1691;1711;1755;1776;1803;1826;1828
4314,23,23,0,579;679;813;1058;1292;1313;1360;1381;1397;1406;1459;1487;1506;1541;1668;1680;1691;1711;1755;1776;1803;1826;1827
4315,23,23,0,579;679;813;1058;1292;1313;1360;1381;1406;1487;1506;1541;1668;1680;1691;1711;1755;1758;1776;1803;1807;1826;1827
4316,21,21,0,579;679;813;1058;1292;1313;1381;1406;1487;1506;1541;1668;1680;1691;1711;1755;1758;1776;1803;1807;1826
4317,22,21,1,579;679;813;1058;1292;1313;1381;1406;1487;1506;1541;1668;1680;1691;1711;1755;1758;1776;1803;1807;1826
4318,22,21,1,579;679;813;1058;1292;1313;1381;1406;1487;1506;1541;1668;1680;1691;1711;1755;1758;1776;1803;1807;1826
4319,23,22,1,579;679;813;1058;1292;1313;1360;1381;1406;1487;1506;1541;1668;1680;1691;1711;1755;1758;1776;1803;1807;1826
4320,23,22,1,579;679;813;1058;1292;1313;1381;1406;1487;1506;1541;1668;1680;1691;1711;1755;1758;1776;1803;1807;1826;1827
4321,24,22,2,579;679;813;1058;1292;1313;1381;1406;1487;1506;1541;1668;1680;1691;1711;1755;1758;1776;1803;1807;1826;1832
4322,24,22,2,579;679;813;1058;1292;1313;1381;1406;1487;1506;1541;1668;1680;1691;1711;1755;1758;1776;1803;1807;1826;1832
4323,23,22,1,579;679;813;1058;1292;1313;1360;1381;1406;1487;1506;1541;1668;1691;1711;1755;1758;1776;1803;1807;1826;1832
4324,25,23,2,579;679;813;1058;1292;1313;1381;1406;1416;1487;1506;1541;1668;1691;1711;1755;1758;1776;1803;1807;1826;1832;1834
4325,25,23,2,579;679;813;1058;1292;1313;1381;1406;1487;1506;1541;1668;1691;1711;1755;1758;1776;1798;1803;1807;1826;1832;1834
4326,22,21,1,579;679;813;1058;1292;1313;1381;1406;1487;1506;1541;1668;1691;1711;1755;1758;1776;1803;1807;1826;1834
4327,24,23,1,579;679;813;1058;1292;1313;1360;1381;1406;1487;1506;1541;1668;1691;1711;1755;1758;1776;1803;1807;1826;1832;1834
4328,22,22,0,579;679;813;1058;1292;1313;1360;1381;1406;1487;1506;1541;1668;1691;1711;1755;1758;1776;1803;1807;1826;1834
4329,22,22,0,579;679;813;1058;1292;1313;1360;1381;1406;1487;1506;1541;1668;1695;1711;1755;1758;1776;1803;1807;1826;1834
4330,24,23,1,579;679;813;1058;1292;1313;1360;1381;1406;1487;1506;1541;1668;1680;1695;1711;1755;1758;1776;1803;1807;1826;1834
4331,25,23,2,579;679;813;1058;1292;1313;1360;1381;1406;1487;1506;1541;1668;1680;1695;1711;1755;1758;1776;1803;1807;1826;1834
4332,24,22,2,579;679;813;1058;1292;1313;1360;1381;1397;1406;1487;1506;1541;1668;1680;1695;1711;1755;1758;1776;1803;1826
4333,25,25,0,579;679;1058;1292;1313;1360;1381;1397;1406;1487;1506;1541;1579;1668;1680;1695;1711;1755;1758;1776;1798;1803;1826;1834;1839
4334,24,24,0,579;679;1058;1292;1313;1360;1381;1397;1406;1487;1506;1541;1668;1680;1695;1711;1755;1758;1776;1798;1803;1826;1834;1839
4335,25,24,1,579;679;1058;1292;1313;1360;1381;1397;1406;1486;1487;1506;1668;1680;1695;1711;1755;1758;1798;1803;1826;1827;1834;1839
4336,25,23,2,579;679;1058;1292;1313;1381;1397;1406;1486;1487;1506;1541;1668;1680;1695;1711;1755;1758;1798;1803;1826;1834;1839
4337,24,23,1,579;679;813;1058;1292;1313;1381;1397;1406;1486;1487;1506;1541;1668;1680;1695;1711;1755;1758;1803;1826;1834;1839
4338,27,25,2,579;679;813;1058;1292;1313;1381;1397;1416;1486;1487;1506;1535;1541;1668;1680;1695;1711;1752;1755;1758;1803;1826;1834;1839
4339,23,23,0,579;679;813;1058;1292;1313;1381;1416;1486;1487;1506;1541;1668;1680;1695;1711;1752;1755;1758;1803;1807;1826;1834
4340,24,22,2,579;679;813;1058;1292;1313;1381;1416;1486;1487;1506;1541;1668;1680;1695;1711;1752;1755;1758;1807;1826;1834
4341,23,21,2,579;679;1058;1292;1313;1381;1397;1416;1486;1487;1506;1535;1541;1668;1695;1711;1755;1758;1798;1826;1839
4342,23,22,1,579;679;1058;1292;1313;1381;1397;1416;1486;1487;1506;1535;1541;1668;1695;1711;1752;1755;1758;1826;1834;1839
4343,24,24,0,579;679;1058;1292;1313;1381;1397;1416;1486;1487;1506;1535;1541;1658;1668;1695;1711;1752;1755;1758;1826;1834;1839;1847
4344,26,24,2,579;679;813;1058;1292;1313;1381;1397;1416;1486;1487;1506;1535;1541;1668;1680;1695;1711;1752;1755;1758;1826;1834;1847
4345,29,26,3,579;679;1058;1292;1313;1381;1397;1416;1486;1487;1506;1535;1541;1658;1668;1680;1695;1711;1752;1755;1758;1826;1832;1834;1839;1847
4346,30,28,2,579;679;813;1058;1292;1313;1381;1397;1416;1486;1487;1506;1535;1541;1658;1668;1680;1691;1695;1711;1752;1755;1758;1786;1826;1834;1839;1847
4347,27,25,2,579;679;813;1058;1292;1313;1381;1397;1416;1486;1487;1506;1535;1658;1668;1680;1691;1711;1752;1755;1758;1786;1826;1834;1847
4348,23,23,0,579;679;813;1058;1292;1313;1381;1397;1416;1486;1487;1506;1535;1658;1668;1691;1711;1752;1755;1758;1826;1832;1847
4349,24,22,2,579;679;813;1058;1292;1313;1381;1397;1416;1487;1506;1535;1541;1658;1668;1691;1755;1758;1826;1827;1839;1847
4350,22,20,2,579;679;813;1058;1292;1313;1381;1397;1416;1487;1506;1535;1541;1658;1691;1755;1758;1826;1839;1847
4351,22,20,2,579;679;813;1058;1292;1360;1381;1397;1416;1487;1506;1535;1541;1680;1691;1755;1758;1826;1839;1847
4352,23,22,1,579;679;813;1058;1292;1313;1381;1416;1487;1506;1535;1541;1658;1680;1691;1755;1758;1807;1826;1839;1847;1853
4353,24,22,2,579;679;813;1058;1292;1313;1381;1397;1416;1487;1506;1535;1541;1658;1680;1691;1755;1758;1826;1839;1847;1853
4354,22,20,2,579;679;813;1058;1292;1381;1397;1416;1487;1506;1535;1541;1658;1691;1755;1758;1826;1839;1847;1853
4355,24,22,2,679;813;1058;1292;1313;1360;1381;1397;1406;1416;1487;1506;1535;1658;1691;1755;1758;1826;1832;1839;1847;1853
4356,23,23,0,579;679;813;1058;1292;1313;1360;1381;1397;1416;1487;1506;1535;1635;1658;1691;1755;1758;1826;1832;1839;1847;1853
4357,24,23,1,579;679;813;1058;1292;1313;1381;1397;1416;1487;1506;1535;1635;1658;1680;1691;1755;1758;1826;1832;1839;1847;1853
4358,23,22,1,579;679;813;1058;1292;1313;1360;1381;1397;1416;1487;1506;1535;1544;1658;1691;1755;1758;1826;1832;1839;1853
4359,25,22,3,679;813;1058;1292;1313;1381;1397;1406;1416;1487;1506;1535;1544;1658;1691;1752;1755;1758;1826;1832;1839;1853
4360,24,23,1,579;679;813;1058;1292;1313;1381;1397;1416;1506;1535;1544;1658;1664;1691;1752;1755;1758;1826;1832;1839;1853;1859
4361,23,22,1,579;679;813;1058;1292;1313;1360;1381;1397;1416;1506;1535;1658;1664;1691;1755;1758;1832;1839;1847;1853;1859
4362,26,24,2,579;679;813;1058;1292;1313;1360;1381;1397;1416;1535;1658;1664;1680;1691;1752;1755;1758;1826;1832;1839;1847;1853;1859
4363,25,24,1,579;679;813;1058;1292;1313;1360;1381;1397;1416;1535;1658;1664;1680;1691;1755;1758;1826;1827;1832;1839;1847;1853;1859
4364,22,22,0,579;679;813;1058;1292;1313;1360;1381;1397;1416;1535;1664;1680;1691;1755;1758;1826;1832;1839;1847;1853;1859
4365,25,24,1,63;579;679;813;1058;1292;1313;1360;1381;1397;1416;1535;1664;1680;1691;1755;1758;1826;1827;1832;1839;1847;1853;1859
4366,22,21,1,579;679;813;1058;1292;1360;1381;1397;1506;1535;1664;1680;1691;1755;1758;1826;1827;1839;1847;1853;1859
4367,24,23,1,63;579;679;813;1058;1292;1360;1381;1397;1506;1535;1635;1664;1691;1755;1758;1826;1827;1832;1839;1847;1853;1859
4368,23,22,1,63;579;679;813;1058;1292;1360;1381;1397;1506;1535;1664;1691;1755;1758;1826;1827;1839;1847;1853;1859;1864
4369,22,21,1,579;679;813;1058;1292;1360;1381;1397;1506;1535;1664;1691;1755;1758;1826;1827;1839;1847;1853;1859;1864
4370,22,20,2,579;679;813;1058;1292;1360;1381;1397;1506;1535;1664;1691;1755;1758;1826;1827;1847;1853;1859;1864
4371,24,22,2,63;579;679;813;1058;1292;1360;1381;1397;1506;1535;1664;1691;1755;1758;1826;1827;1832;1847;1853;1859;1864
4372,23,21,2,579;813;1058;1292;1360;1381;1397;1506;1535;1544;1664;1691;1755;1758;1826;1827;1832;1847;1853;1859;1864
4373,23,22,1,63;579;813;1058;1292;1360;1381;1397;1486;1506;1535;1664;1691;1755;1758;1826;1827;1847;1853;1859;1864;1866
4374,21,21,0,63;579;813;1058;1292;1360;1381;1397;1486;1506;1535;1691;1755;1758;1826;1827;1847;1853;1859;1864;1866
4375,22,22,0,63;579;813;1058;1292;1360;1381;1397;1486;1506;1535;1691;1755;1758;1826;1827;1832;1847;1853;1859;1864;1866
4376,24,24,0,63;579;813;1058;1292;1381;1397;1486;1506;1535;1544;1658;1664;1691;1755;1758;1826;1827;1832;1847;1853;1859;1864;1866
4377,22,22,0,63;579;813;1058;1292;1381;1397;1486;1506;1535;1544;1658;1691;1755;1758;1826;1827;1847;1853;1859;1864;1866
4378,23,22,1,63;579;813;1058;1292;1381;1397;1486;1506;1535;1544;1658;1691;1755;1758;1826;1827;1847;1853;1859;1864;1866
4379,25,23,2,63;579;813;1058;1292;1381;1397;1486;1506;1535;1544;1658;1664;1691;1755;1758;1826;1827;1847;1853;1859;1864;1866
4380,24,22,2,63;579;813;1058;1292;1381;1397;1486;1506;1535;1544;1658;1664;1691;1755;1758;1827;1847;1853;1859;1864;1866
4381,22,21,1,63;579;813;1058;1292;1381;1397;1486;1506;1535;1544;1691;1755;1758;1826;1827;1847;1853;1859;1864;1866
4382,23,23,0,63;579;813;1058;1292;1381;1397;1459;1486;1506;1535;1544;1664;1691;1755;1758;1826;1827;1847;1853;1859;1864;1866
4383,23,22,1,63;579;813;1058;1292;1381;1397;1486;1506;1535;1544;1664;1691;1755;1758;1826;1827;1847;1853;1859;1864;1866
4384,24,22,2,63;579;813;1058;1292;1381;1397;1486;1506;1535;1544;1664;1691;1755;1758;1826;1827;1847;1853;1859;1864;1866
4385,23,21,2,579;813;1058;1292;1381;1397;1486;1506;1535;1544;1664;1691;1755;1758;1826;1827;1847;1853;1859;1864;1866
4386,23,22,1,579;813;1058;1292;1381;1397;1486;1506;1535;1544;1664;1691;1755;1758;1826;1827;1847;1853;1859;1864;1866;1873
4387,23,22,1,579;813;1058;1292;1381;1397;1486;1506;1535;1544;1664;1691;1755;1758;1826;1827;1847;1853;1859;1864;1866;1873
4388,25,22,3,579;813;1058;1292;1381;1397;1486;1506;1535;1658;1664;1691;1755;1758;1826;1827;1847;1853;1859;1864;1866;1873
4389,22,21,1,579;813;1058;1292;1313;1381;1397;1486;1506;1535;1658;1664;1695;1755;1758;1826;1827;1847;1859;1864;1866
4390,23,20,3,579;813;1058;1292;1360;1381;1397;1486;1506;1658;1664;1695;1755;1758;1826;1827;1847;1859;1864;1866
4391,21,18,3,579;813;1058;1292;1381;1397;1486;1506;1658;1664;1695;1755;1826;1827;1847;1859;1864;1866
4392,20,19,1,579;679;813;1058;1292;1381;1397;1486;1506;1658;1664;1695;1711;1755;1826;1827;1847;1859;1864
4393,21,19,2,579;679;813;1058;1292;1313;1381;1397;1486;1506;1658;1664;1695;1755;1758;1826;1847;1859;1864
4394,20,18,2,579;679;813;1058;1292;1313;1381;1397;1486;1506;1664;1695;1755;1758;1826;1847;1859;1864
4395,25,21,4,63;579;679;813;1058;1292;1360;1381;1397;1486;1506;1658;1664;1695;1755;1758;1826;1827;1847;1859;1864
4396,22,19,3,63;579;679;813;1058;1292;1360;1381;1397;1506;1658;1664;1695;1755;1826;1827;1847;1859;1864
4397,23,22,1,1;63;579;679;813;1058;1292;1360;1381;1397;1486;1506;1658;1664;1695;1755;1826;1827;1847;1859;1864;1885
4398,23,23,0,1;63;579;679;813;1058;1292;1360;1381;1397;1486;1506;1664;1680;1695;1755;1826;1827;1847;1859;1864;1885;1887
4399,20,20,0,1;579;679;813;1058;1292;1360;1381;1397;1486;1506;1664;1695;1755;1826;1827;1847;1859;1864;1885
4400,20,19,1,1;579;679;813;1058;1292;1360;1381;1486;1506;1664;1695;1755;1826;1827;1847;1859;1864;1885
4401,22,21,1,1;579;679;813;1058;1292;1360;1381;1486;1506;1658;1664;1695;1755;1798;1826;1827;1847;1859;1864;1885
4402,23,21,2,1;579;679;813;1058;1360;1381;1397;1506;1544;1658;1664;1695;1755;1798;1826;1827;1847;1859;1864;1885
4403,22,21,1,1;579;679;813;1058;1292;1360;1381;1397;1506;1544;1658;1664;1695;1755;1826;1827;1847;1859;1864;1885
4404,24,23,1,1;63;579;813;1058;1292;1360;1381;1397;1506;1522;1544;1658;1664;1695;1755;1826;1827;1832;1847;1859;1864;1885
4405,24,22,2,1;63;579;679;813;1058;1292;1381;1397;1506;1544;1658;1664;1695;1755;1826;1827;1832;1847;1859;1864;1885
4406,25,24,1,1;63;579;813;1058;1292;1381;1397;1506;1522;1544;1635;1658;1664;1680;1695;1755;1826;1827;1832;1847;1859;1864;1885
4407,26,25,1,1;63;579;679;813;1058;1360;1381;1397;1506;1522;1544;1635;1658;1664;1695;1755;1826;1827;1832;1847;1859;1864;1885;1891
4408,25,24,1,1;63;579;813;1058;1360;1381;1397;1406;1506;1522;1544;1658;1664;1695;1755;1803;1826;1827;1832;1847;1859;1885;1891
4409,24,23,1,1;63;579;679;813;1058;1381;1397;1406;1506;1522;1544;1658;1664;1695;1755;1803;1826;1827;1847;1859;1885;1891
4410,21,21,0,1;63;579;813;1058;1381;1397;1506;1522;1544;1658;1664;1695;1755;1803;1826;1827;1859;1885;1891;1893
4411,25,23,2,1;63;579;679;813;1058;1292;1360;1381;1397;1406;1486;1487;1506;1522;1695;1755;1803;1826;1827;1859;1864;1885
4412,26,23,3,1;63;579;679;813;1058;1292;1360;1381;1397;1486;1487;1506;1658;1695;1755;1803;1826;1827;1859;1866;1885;1893
4413,23,20,3,1;63;579;679;813;1058;1292;1381;1397;1486;1487;1506;1695;1755;1826;1827;1859;1866;1885;1893
4414,25,24,1,1;63;579;679;813;1058;1292;1381;1397;1486;1487;1506;1522;1579;1658;1695;1755;1807;1826;1827;1859;1866;1885;1894
4415,23,21,2,1;63;579;679;813;1058;1292;1381;1397;1486;1487;1506;1579;1695;1755;1826;1827;1859;1864;1885;1894
4416,23,21,2,1;63;579;679;813;1058;1292;1381;1397;1486;1506;1579;1658;1695;1755;1826;1827;1859;1885;1894;1898
4417,23,22,1,1;63;579;679;813;1058;1292;1381;1397;1486;1487;1506;1579;1658;1695;1755;1826;1827;1859;1885;1894;1898
4418,23,23,0,1;63;579;679;813;1058;1292;1381;1397;1486;1487;1506;1541;1579;1658;1695;1755;1826;1827;1864;1885;1898;1899
4419,24,24,0,1;63;579;679;813;1058;1292;1381;1397;1486;1487;1506;1541;1579;1658;1695;1755;1826;1827;1864;1885;1894;1898;1899
4420,18,18,0,1;63;579;679;813;1058;1292;1381;1397;1486;1506;1541;1695;1755;1826;1827;1864;1885
4421,20,19,1,1;63;579;679;813;1058;1292;1381;1397;1486;1506;1541;1695;1755;1826;1827;1864;1885;1894
4422,20,20,0,1;63;579;679;813;1058;1292;1313;1381;1397;1486;1506;1541;1695;1755;1826;1827;1864;1885;1894
4423,19,19,0,63;579;679;813;1058;1292;1381;1397;1486;1487;1506;1535;1541;1579;1695;1755;1827;1864;1885
4424,19,19,0,63;579;679;813;1058;1292;1381;1397;1486;1506;1535;1541;1579;1695;1755;1826;1827;1864;1885
4425,23,21,2,63;579;679;813;1058;1292;1381;1397;1486;1506;1535;1541;1579;1635;1695;1755;1827;1832;1847;1864;1885
4426,23,22,1,63;579;679;813;1058;1292;1381;1397;1487;1506;1535;1579;1635;1664;1691;1695;1755;1827;1847;1859;1864;1885
4427,20,19,1,63;579;679;813;1058;1292;1381;1397;1506;1535;1635;1664;1691;1695;1755;1827;1859;1864;1885
4428,18,18,0,63;579;679;813;1058;1292;1381;1397;1506;1635;1664;1695;1755;1827;1832;1859;1864;1885
4429,24,21,3,63;579;679;813;1058;1292;1381;1397;1506;1635;1658;1664;1695;1755;1827;1832;1847;1859;1864;1885;1894
4430,20,17,3,579;679;1058;1292;1381;1397;1506;1635;1658;1664;1695;1755;1827;1847;1859;1864;1885
4431,20,18,2,1;579;679;1058;1292;1381;1397;1506;1635;1664;1695;1755;1827;1832;1847;1859;1864;1885
4432,21,21,0,1;579;679;1058;1292;1381;1397;1506;1579;1635;1664;1695;1755;1827;1832;1847;1859;1864;1885;1894;1904
4433,25,22,3,579;679;1058;1292;1360;1381;1397;1506;1541;1579;1635;1664;1695;1755;1827;1832;1847;1859;1864;1885;1894;1904
4434,22,19,3,63;579;679;1058;1292;1360;1381;1397;1506;1664;1695;1755;1827;1832;1847;1859;1864;1885;1904
4435,21,20,1,63;579;679;1058;1292;1360;1381;1397;1486;1506;1658;1664;1695;1755;1827;1847;1859;1864;1885;1904
4436,22,22,0,1;63;579;679;1058;1292;1360;1381;1397;1486;1506;1658;1664;1695;1755;1827;1832;1847;1859;1864;1885;1904
4437,21,21,0,1;63;579;679;1058;1292;1360;1381;1397;1486;1506;1541;1658;1664;1695;1755;1827;1847;1859;1864;1885
4438,21,21,0,1;63;579;679;1058;1292;1360;1381;1397;1486;1506;1541;1658;1664;1695;1755;1827;1847;1859;1864;1885
4439,20,20,0,1;63;579;679;1058;1292;1360;1381;1397;1486;1506;1541;1664;1695;1755;1827;1847;1859;1864;1885
4440,20,20,0,1;63;579;679;1058;1292;1313;1360;1381;1397;1486;1506;1541;1695;1755;1827;1847;1859;1864;1885
4441,21,21,0,1;63;579;679;1058;1292;1360;1381;1397;1487;1506;1541;1579;1695;1755;1827;1847;1859;1864;1885;1894
4442,24,22,2,1;63;579;679;1058;1292;1360;1381;1397;1487;1506;1541;1579;1664;1695;1755;1827;1847;1859;1864;1885;1894
4443,23,22,1,1;579;679;1058;1292;1360;1381;1397;1487;1506;1541;1579;1658;1664;1695;1755;1827;1847;1859;1864;1885;1894
4444,23,20,3,1;579;679;1058;1292;1381;1397;1487;1506;1541;1579;1664;1695;1755;1827;1847;1859;1864;1885;1894
4445,20,19,1,1;579;679;1058;1292;1381;1397;1506;1541;1579;1664;1695;1755;1827;1847;1859;1864;1885;1894
4446,22,21,1,1;63;579;679;1058;1292;1381;1487;1506;1541;1579;1664;1695;1755;1827;1847;1859;1864;1885;1894;1916
4447,19,19,0,1;63;579;679;1058;1292;1381;1487;1506;1541;1695;1755;1827;1847;1859;1864;1885;1894;1916
4448,18,18,0,1;63;579;679;1058;1292;1381;1487;1506;1541;1695;1755;1827;1847;1859;1864;1885;1894
4449,19,19,0,1;63;579;679;1058;1292;1360;1381;1487;1506;1541;1695;1755;1827;1859;1864;1885;1894;1916
4450,20,20,0,1;63;579;679;1058;1292;1360;1381;1486;1487;1506;1541;1695;1755;1827;1859;1864;1885;1894;1916
4451,17,17,0,1;63;579;679;1058;1292;1381;1487;1506;1541;1695;1755;1827;1859;1864;1885;1894
4452,17,17,0,1;63;579;679;1058;1292;1381;1487;1506;1541;1695;1755;1827;1859;1864;1885;1894
4453,19,18,1,1;63;579;679;1058;1292;1381;1486;1487;1506;1541;1695;1755;1827;1859;1864;1885;1894
4454,19,18,1,1;63;579;679;1058;1292;1381;1486;1487;1506;1541;1695;1755;1827;1859;1864;1885;1894
4455,18,17,1,1;63;579;679;1058;1292;1381;1487;1506;1541;1695;1755;1827;1859;1864;1885;1894
4456,21,19,2,1;63;579;679;1058;1292;1360;1381;1487;1506;1541;1664;1695;1755;1827;1859;1864;1885;1920
4457,19,18,1,1;63;579;679;1058;1292;1360;1381;1506;1541;1664;1695;1755;1827;1859;1864;1885;1920
4458,17,17,0,1;579;679;1058;1292;1360;1381;1506;1541;1664;1695;1755;1827;1859;1864;1885;1916
4459,16,16,0,1;579;679;1058;1292;1360;1381;1506;1664;1695;1755;1827;1859;1864;1885;1916
4460,17,17,0,1;63;579;679;1058;1292;1360;1381;1506;1664;1695;1755;1827;1859;1864;1885;1916
4461,17,17,0,1;63;579;679;1058;1292;1360;1381;1506;1664;1695;1755;1827;1859;1864;1885;1916
4462,16,16,0,1;579;679;1058;1292;1360;1381;1506;1664;1695;1755;1827;1859;1864;1885;1916
4463,16,16,0,1;579;679;1058;1292;1360;1381;1506;1664;1695;1755;1827;1859;1864;1885;1916
4464,18,17,1,1;579;679;1058;1292;1360;1381;1506;1664;1695;1755;1827;1847;1859;1864;1885;1916
4465,17,17,0,1;579;679;1058;1292;1360;1381;1506;1664;1695;1755;1827;1847;1859;1864;1885;1916
4466,17,17,0,1;579;679;1058;1292;1360;1381;1506;1664;1695;1755;1758;1827;1847;1859;1864;1916
4467,17,17,0,1;579;679;1058;1292;1360;1381;1506;1664;1695;1755;1758;1827;1847;1859;1864;1916
4468,18,17,1,1;579;679;1058;1292;1360;1381;1506;1664;1695;1755;1758;1827;1847;1859;1864;1916
4469,17,17,0,1;579;679;1058;1292;1360;1381;1506;1664;1695;1755;1758;1827;1847;1859;1864;1916
4470,18,18,0,1;579;679;1058;1292;1360;1381;1486;1506;1664;1695;1755;1758;1827;1847;1859;1864;1916
4471,17,17,0,1;579;679;1058;1292;1360;1381;1486;1506;1664;1695;1755;1758;1827;1847;1859;1864
4472,18,17,1,1;579;679;1058;1292;1360;1381;1506;1635;1664;1695;1755;1758;1827;1847;1859;1864
4473,18,16,2,1;579;679;1058;1292;1360;1381;1506;1658;1664;1695;1755;1758;1827;1847;1859
4474,16,15,1,1;579;679;1058;1292;1360;1381;1506;1664;1695;1755;1758;1827;1847;1859
4475,16,16,0,1;579;679;1058;1292;1360;1381;1506;1664;1695;1755;1758;1827;1859;1916;1925
4476,17,17,0,1;579;679;1058;1292;1360;1381;1406;1506;1664;1695;1755;1758;1827;1859;1916;1925
4477,16,16,0,1;579;679;1058;1292;1360;1381;1506;1664;1695;1755;1758;1827;1859;1916;1925
4478,16,16,0,1;579;679;1058;1292;1360;1381;1506;1664;1695;1755;1758;1827;1859;1916;1925
4479,16,16,0,1;579;679;1058;1292;1360;1381;1506;1664;1695;1755;1758;1827;1859;1916;1925
4480,18,17,1,1;579;679;1058;1292;1360;1381;1506;1664;1695;1755;1758;1807;1827;1859;1916;1925
4481,19,17,2,1;579;679;1058;1292;1360;1381;1406;1506;1664;1695;1755;1758;1827;1859;1916;1925
4482,17,17,0,1;579;679;1058;1292;1360;1381;1406;1506;1664;1695;1755;1758;1827;1859;1916;1925
4483,17,17,0,1;579;679;1058;1292;1360;1381;1406;1506;1664;1695;1755;1758;1827;1859;1916;1925
4484,19,18,1,1;63;579;679;1058;1292;1360;1381;1406;1506;1664;1695;1755;1758;1827;1859;1916;1925
4485,18,17,1,1;579;679;1058;1292;1360;1381;1406;1506;1664;1695;1755;1758;1827;1859;1916;1925
4486,16,16,0,1;63;579;679;1058;1292;1360;1381;1506;1664;1695;1755;1758;1827;1859;1925
4487,16,16,0,63;579;679;1058;1292;1360;1381;1506;1658;1664;1695;1755;1758;1827;1859;1925
4488,18,18,0,1;63;579;679;1058;1292;1360;1381;1406;1506;1658;1664;1695;1755;1758;1827;1859;1925
4489,17,17,0,1;579;679;1058;1292;1360;1381;1406;1506;1658;1664;1695;1755;1758;1827;1859;1925
4490,18,17,1,1;579;679;1058;1292;1360;1381;1406;1506;1658;1664;1695;1755;1758;1827;1859;1925
4491,17,17,0,1;579;679;1058;1292;1360;1381;1406;1506;1658;1664;1695;1755;1758;1827;1859;1925
4492,17,16,1,579;679;1058;1292;1360;1381;1406;1506;1658;1664;1695;1755;1758;1827;1859;1925
4493,20,18,2,1;579;679;1058;1292;1360;1381;1406;1487;1506;1658;1664;1695;1755;1758;1827;1859;1925
4494,18,17,1,1;579;679;1058;1292;1360;1381;1406;1506;1658;1664;1695;1755;1758;1827;1859;1925
4495,18,18,0,1;579;679;1058;1292;1360;1381;1406;1506;1658;1664;1695;1755;1758;1827;1859;1898;1925
4496,17,17,0,1;63;579;679;1058;1292;1360;1381;1406;1506;1664;1695;1755;1758;1827;1859;1925
4497,19,18,1,1;579;679;1058;1292;1360;1381;1406;1506;1658;1664;1695;1755;1758;1827;1859;1898;1925
4498,17,17,0,1;579;679;1058;1292;1360;1381;1406;1486;1506;1535;1664;1695;1755;1758;1827;1859
4499,18,18,0,1;579;679;1058;1292;1313;1381;1406;1486;1506;1535;1658;1664;1695;1755;1758;1827;1859
4500,21,19,2,1;63;579;679;1058;1292;1381;1406;1486;1506;1535;1658;1664;1695;1755;1758;1827;1859;1925
4501,16,15,1,1;579;679;1058;1292;1360;1381;1406;1506;1664;1695;1755;1758;1827;1859
